:020000040801F1
:1000000010890120710201088D4D0108F7360108A1
:10001000114C0108950A01087D5C010800000000F0
:10002000000000000000000000000000B101010815
:10003000490F0108000000000D0201080B540108DF
:100040008B0201088B0201088B020108C94F0108CD
:100050008B0201088B020108D11001088B020108F4
:10006000F11001088B0201088B0201088B020108C4
:100070008B0201088B0201088B0201088B02010828
:100080008B0201088B0201088B02010800000000AE
:100090000000000000000000000000008B020108CA
:1000A0008B020108D55401088B0201088B0201085C
:1000B0008B0201088B0201088B0201088B020108E8
:1000C0008B0201088B0201088B0201088B020108D8
:1000D0008B0201083D5C01088B0201080000000052
:1000E000E11001088B0201088B02010800000000EA
:1000F0000000000000000000000000008B0201086A
:10010000000000008B0201088B0201088B0201082D
:1001100000000000000000000000000000000000DF
:100120008B0201088B020108AD0C01088B0201084B
:100130008B02010800000000000000000000000029
:100140000000000000000000000000008B02010819
:10015000B90C01088B020108C50C01088B020108CB
:100160008B0201088B020108000000000000000063
:10017000000000000000000000000000000000007F
:10018000000000008B0201080000000000000000D9
:100190008B0201088B020108DFF810D000F056FB3B
:1001A00000480047C10D0308AFF30080108901200B
:1001B0002C4B19680868B0E8F04F80F30988BFF34A
:1001C0006F8F4FF0000080F311887047000000002F
:1001D00008480068006880F308884FF0000080F34A
:1001E000148862B661B6BFF34F8FBFF36F8F00DF25
:1001F00000BF00BF08ED00E0DFF80C00016841F42B
:1002000070010160704700BF88ED00E0EFF30980E6
:10021000BFF36F8F134B1A681EF0100F08BF20ED4D
:10022000108A20E9F04F106009B44FF0500080F3BD
:100230001188BFF34F8FBFF36F8F29F089FE4FF006
:10024000000080F3118809BC19680868B0E8F04F15
:100250001EF0100F08BFB0EC108A80F30988BFF3BE
:100260006F8F7047B8040020EFF3058070470000DF
:100270000648804706480047FEE7FEE7FEE7FEE740
:10028000FEE7FEE7FEE7FEE7FEE7FEE7B9540108FA
:10029000990101082DE9F05F0546002092469B4632
:1002A00088460646814640241BE02846414647468C
:1002B000224600F01CFA53465A46C01A914110D308
:1002C00011461846224600F003FA2D1A67EB010882
:1002D0004F4622460120002100F0FAF917EB0009F1
:1002E0004E41201EA4F10104DFDC484631462A4677
:1002F0004346BDE8F09F40EA01039B0703D009E0B5
:1003000008C9121F08C0042AFAD203E011F8013B01
:1003100000F8013B521EF9D27047D2B201E000F85A
:10032000012B491EFBD270470022F6E710B5134699
:100330000A4604461946FFF7F0FF204610BD421C4E
:1003400010F8011B0029FBD1801A704710B500225C
:1003500000E0521C835C8C5CA34201D1002BF8D1DD
:10036000D8B2E1B2401A10BD30B5044600200346B1
:1003700000E05B1C934203D2E05CCD5C401BF8D0F4
:1003800030BD034611F8012B00F8012B002AF9D1EA
:10039000184670472DE9FE4F804681EA0300C00FE2
:1003A0000C46009021F0004123F00045B8EB02001C
:1003B000A94105D24046214690461C460B460246BE
:1003C00023F00040104347D0270DC7F30A00C3F3C2
:1003D0000A510290401A019040286BDAC3F31300CF
:1003E00040F4801B0098924620B10023D2EB030A10
:1003F00063EB0B0B01985946C0F14002504600F0E8
:1004000067F906460D4650465946019A00F07FF9B5
:1004100010EB08006141002487EA115284EAE77377
:100420001A4340D0009A62B3019A012A4FEA075258
:1004300015DC001B61EB02014FF0004202EA07529B
:10044000CDE90042001C41F5801132462B4600F0F8
:100450007FF903B0BDE8F08F40462146F9E7001B65
:1004600061EB0201001C41F5801300185B4120186C
:10047000A2F5001747EB030140EAD570B6196D41AC
:1004800011E06D084FEA360645EAC0754FEA07529B
:10049000001B61EB0201001C41F5801149084FEA85
:1004A00030000019514132462B4603B0BDE8F04FF1
:1004B00000F03FB90098012240000023D0EB020277
:1004C00063EBE073009821464FEAE074B8EB00005C
:1004D00061EB0401E9E783F000435BE781F0004151
:1004E00058E72DE9FE4F81EA030404F0004421F0AF
:1004F000004100944FF0000B23F0004350EA010448
:100500005ED052EA03045BD0C3F30A54C1F30A5528
:100510002C44A4F2F3340194A0FB0254C1F3130160
:1005200041F48011C3F3130343F4801301FB02442D
:1005300000FB034E840A970A44EA815447EA835732
:10054000A4FB076802958D0A05FB07854FEA932CEB
:1005500004FB0C542705029D4FEA065847EA16375C
:10056000B5EB08056EEB070C870E920E47EA811774
:1005700042EA8312A7FB0201B6EB0B0164EB000415
:100580002B0D43EA0C335E1844EB1C50DA465146FF
:10059000E7FB0201C5F313044FEA0B3343EA14539C
:1005A0004FEA0432019C43EA0603A4F10C040294CE
:1005B000009CCDE900B400F0CBF803B0BDE8F08FAB
:1005C00000200146F9E72DE9F04D81EA030404F02B
:1005D000004B21F0004514464FF0000A23F0004183
:1005E00050EA050220D054EA01021DD0C5F30A5793
:1005F0000246C5F31303C1F31300C1F30A5640F4D6
:10060000801543F48013A7EB0608101BD64608F2AA
:10061000FD3873EB050002D308F1010801E09218E0
:100620005B41B8F1000F03DA00200146BDE8F08D10
:1006300000204FF48011064684460EE0171B73EB32
:10064000050705D3121B63EB050306434CEA010CB7
:1006500049084FEA300092185B4150EA0107EDD19A
:1006600052EA030012D082EA040083EA050108433B
:1006700005D0101BAB4106D20122002306E0002268
:100680004FF0004302E06FF0010253101AEB060036
:100690004CEB085110EB0A0041EB0B01BDE8F04DAB
:1006A00000F047B830B50B46014600202022012457
:1006B00009E021FA02F59D4205D303FA02F5491B30
:1006C00004FA02F52844151EA2F10102F1DC30BD46
:1006D000202A04DB203A00FA02F100207047914002
:1006E000C2F1200320FA03F3194390407047202AF7
:1006F00004DB203A21FA02F00021704721FA02F3CC
:10070000D040C2F120029140084319467047202A88
:1007100006DBCB17203A41FA02F043EAE07306E029
:1007200041FA02F3D040C2F1200291400843194639
:10073000704710B5141E73F1000408DA401C41F133
:10074000000192185B411A4301D120F0010010BD55
:100750002DE9F04D92469B4611B1B1FA81F202E0CB
:10076000B0FA80F220329046FFF7B2FF04460F46FF
:1007700040EA0A0041EA0B0153465A46084313D0A7
:10078000114653EA010019D0C8F140025046FFF764
:10079000AEFF05460E46504659464246FFF798FFC3
:1007A000084305D0012004E020463946BDE8F08D1D
:1007B0000020054346EAE0762C4337430A98630558
:1007C000E40AA0EB08000022FD0A44EA47540A307C
:1007D00002D500200146E9E7010510196941DDE96C
:1007E000084500196941BDE8F04DA2E7C1F30A527E
:1007F000C1F3130140F2FF3341F480119A4202DA4F
:1008000000200146704740F233439A42A2F233423D
:1008100002DC5242FFF76BBFFFF75ABF30B5041E30
:1008200071F1000404DB4FF00044404264EB01012D
:10083000141E73F1000405DB1C464FF000435242C6
:1008400063EB0403994208BF904230BD064C074D4C
:1008500006E0E06840F0010394E807009847103490
:10086000AC42F6D3FFF79CFCCCD20508ECD20508CD
:1008700070B58C1810F8015B15F0070301D110F862
:10088000013B2A1106D110F8012B03E010F8016B8F
:1008900001F8016B5B1EF9D12B0705D40023521E12
:1008A0000DD401F8013BFAE710F8013BCB1A921C7A
:1008B00003E013F8015B01F8015B521EF9D5A14278
:1008C000D8D3002070BD0000464910B54A6822F414
:1008D00040324A604A6843681A434A6001684A687D
:1008E00022F480724A6001684A68036942EA03227E
:1008F0004A6001684A6822F040724A6001684A68AA
:1009000083681A434A6001688A6822F400628A6038
:1009100001688A68C3681A438A60816A6FF07062EE
:10092000D14201688A6822F070628A6001688A6830
:100930000CD0836A1A438A6001688A6822F04052A8
:100940008A6001688A68C36A1A4301E022F0405253
:100950008A6001688A6822F002028A6001688A68F7
:10096000037E42EA43028A6090F820100029016861
:100970004A680FD042F400624A6001684A6822F473
:1009800060424A6001684A68174C436A04EB43338B
:100990001A4301E022F400624A600168CA6A22F444
:1009A0007002CA620168CA6A838B104C04EB03535D
:1009B0001A43CA6201688A6822F400728A60016878
:1009C0008A6890F8303042EA43228A6001688A6877
:1009D00022F480628A6001688A68406942EA802065
:1009E000886010BD0023014000E0FFFF0000F0FF21
:1009F000064882B0016841F001010160006800F022
:100A000001000090024802B003F040B830380240C4
:100A10009404002008B543181AB111B1B3F5807FD2
:100A200001D9012008BD00920B4602465021024820
:100A300003F032F908BD000094040020F8B5064622
:100A4000170008440C4614D09CB1B0F5807F10D834
:100A500019E000BF06F00700C0F10805AC4200D263
:100A600025462B46324650210948009703F086F967
:100A700008B10120F8BD062009F0C6FA7019C6B207
:100A8000601B2F44C4B2002CE4D10020F8BD00004C
:100A900094040020FEE7000030B587B014216846BA
:100AA000FFF742FC0F48016841F002010160006855
:100AB0004FF4807400F0020005900120CDE9004061
:100AC00002900320084D03906946284600F0E2FE9C
:100AD00001222146284600F0D2FF044802F0D6FF4A
:100AE00007B030BD303802400004024088040020C6
:100AF000022000F027B800001CB501A800900423D4
:100B0000032215210E4803F0C7F89DF804109DF844
:100B1000050001F00F0140EA01229DF806309DF822
:100B20000700074903F00F0340EA03200839A0F249
:100B30001710C2F1EF024042C1E900201CBD0000C5
:100B40008804002002461521014803F0E9B800009E
:100B5000880400200B4602461521014803F042B9E3
:100B60008804002070B50A4D4FF48074002221469D
:100B7000284600F084FF0A2000F0D6FD012221461D
:100B8000284600F07CFFBDE87040642000F0CCBD3A
:100B9000000402400321E520FFF7DCBFFFF7E2BFBE
:100BA000114D124F124E00244FF4FA782878B8B144
:100BB0003C802C7000F074F840B104F037F9806884
:100BC000B04203D00B4804F03DF909E000F068F8AA
:100BD00030B904F02BF98068B04201D104F0D8F8A4
:100BE000404620F0C3FDE1E7030000205000002054
:100BF000E4000020D80000207FB504F017F98068D9
:100C00001E49884236D11E4D02A8296888471D48D2
:100C10009DF80D20194C01788A4208D002701AA163
:100C2000684605F0E7F86946606919F08FF81848DA
:100C30009DF80C2001788A4208D0027012A1684603
:100C400005F0D8F86946206919F080F8A86A80474D
:100C5000104D01462870401E63280CD8606812F0C1
:100C6000A6FC2A780CA1684605F0C4F86946E0683D
:100C700019F06CF87FBD002028707FBDE4000020D3
:100C8000540000209D010020253032640000000047
:100C90009C010020A10100202532642525000000D0
:100CA0000421014800F0E6BE00000240014800F0C7
:100CB000C9BB0000A4070020014800F0C3BB00002E
:100CC00094090020014800F0BDBB0000F409002099
:100CD00001681823CAB2103AB2FBF3F2054B6FF366
:100CE0000901032A9B5CC36500D9091D816508467B
:100CF00070470000FCBA040810B5014600208B695B
:100D00008A6A4FF0C07453B1B3F5005F15D072B169
:100D1000012A0CD0022A0AD0032A09D104E01AB110
:100D2000012A06D0022A03D1C96AC90100D50120CF
:100D300010BDC96AA142FAD010BD002AF7D0012A1D
:100D4000F2D0022AF3D0032AF3D010BD30B50468E4
:100D5000256825F480252560046863608368402B3E
:100D6000036803D099600068C26030BD9A60006873
:100D7000C16030BD86B0684622F096FB9DF8023017
:100D80009DF801209DF8031001A800F0E1F8634EE2
:100D9000634CC8B194F8350000B101208DF804000F
:100DA000307800B101208DF805009DF803008DF822
:100DB00006009DF801008DF807009DF802008DF8EF
:100DC0000800608EADF80A0020F0DDFCDFF854B1B9
:100DD000B14605460026A246DDE90101CDE9030141
:100DE0004FF000088DF814604FF47A73424605A95D
:100DF000DBF8000020F0FCFC684622F055FB9DF873
:100E000004109AF83500544608B1012200E000228F
:100E1000914207D19DF8052099F8001001B10121F8
:100E20008A4201D0012700E0002700B101208DF89F
:100E30000C0099F8000000B101208DF80D009DF81C
:100E400006009DF80310884210D19DF807009DF818
:100E5000011088420AD19DF808009DF802108842CE
:100E600004D1648E9AF83000C0B11BE094F83000D1
:100E700010B9A16C0020884766869DF803008DF8A4
:100E80000E009DF801008DF80F009DF802008DF80E
:100E90001000ADF812604FF0010813E0DAF84400DA
:100EA00080470446BDF80A00A04207D99AF83010DE
:100EB000044619B9DAF8481020468847AAF83240A3
:100EC000ADF8124020F05FFC04469DF814000428A1
:100ED00001D14FF00108BDF81210BDF80A0081429F
:100EE00005D30A1A92B2642A01D34FF00108814255
:100EF00003D00D49601B884204D21FB9B8F1000F1E
:100F00003FF46AAF03A800F08FF800287FF464AFC5
:100F1000DDE903012546CDE901015DE7100100206F
:100F2000540000204C000020E093040001B5054867
:100F30000068002804D000231A46694620F0B6FC59
:100F400008BD00004C0000207047FFF751BD0000B5
:100F50002DE9F04792B04FF0000590468946040015
:100F60009A46009501950CD01A464146484608F02D
:100F700035FF30B106AA18210020FFF74BFD20B144
:100F80000BE0012012B0BDE8F0876A4602A906A86E
:100F900021F00EFF08B1012700E000270CAA18215C
:100FA0002020FFF737FD38B901AA04A90CA821F0C9
:100FB000FFFE08B1012000E000201A4E57EA0001B0
:100FC00018D06FB120B1DDE90010401A002807DC0D
:100FD000029820600398606000987060357007E0A8
:100FE000049820600598606001987060202030703F
:100FF0000020C7E7534642464946204611F09EFB73
:1010000040B92570657084F8029084F8038084F8F4
:1010100004A0E580FF2075603070204600F004F8E1
:10102000B0E70000B0040020F0B591B0044628F00D
:10103000B4FCE8B3254E307898B100257768214696
:101040007F1C3A4606A821F0F8FE00208DF83000FB
:1010500005F1170004460CAA0121FFF7EFFC38BB8D
:1010600001E02025EAE706AA17212846FFF7E6FC5B
:10107000F0B96A4617212846FFF7CCFCC0B9172201
:10108000694606A8FFF770F990B9A5208DF83000E1
:1010900020460CAA0121FFF7D1FC48B96A46182165
:1010A0002846FFF7B7FC18B90DAA0EA9684600E05C
:1010B00005E021F07DFE10B10D98B84202D001206C
:1010C00011B0F0BD776035700020F9E7B004002062
:1010D00002490120487000F0D1BB00000000002050
:1010E000024901208870000300F0C8BB0000002006
:1010F00002490120C870042000F0C0BB000000209D
:1011000072B6FEE778B50024009490F83C20012ADE
:1011100019D0012280F83C200A6807230568092AB3
:1011200013D9EE680A3A02EB420293409E43EE6006
:101130000B788A680A3B03EB43039A400368DD6837
:101140002A43DA6010E0022078BD2E6902EB4202E9
:1011500093409E432E610B788A6803EB43039A40C9
:1011600003681D692A431A614A681F23072A13D29C
:1011700005686E6B521E02EB820293409E436E63C3
:101180000A8893B20A79521E02EB820293400268E7
:10119000556B2B43536327E005680D2A12D22E6B43
:1011A000D21F02EB820293409E432E630B790A8882
:1011B000DB1F92B203EB83039A4003681D6B2A4343
:1011C0001A6311E0EE6A0D3A02EB820293409E43ED
:1011D000EE620B790A880D3B92B203EB83039A40CF
:1011E0000368DD6A2A43DA621B4B0568194A9D428F
:1011F0000AD10D68122D07D1556825F400055560F8
:10120000556845F48005556005689D421DD1134D14
:101210000B68AB4201D0112B17D1536823F4800324
:101220005360536843F4000353600968A9420CD12A
:101230000B490C4A0968B1FBF2F101EB810149004D
:1012400000E0491E00910029FBD180F83C400020BD
:1012500078BD000000230140002001401200001072
:101260007C04002040420F0070B504004FF00005E0
:1012700003D0206C002610B107E0012070BD20468D
:1012800000F01CF8666484F83C60206CC00610D442
:10129000206C20F4885040F0020020642046FFF7C4
:1012A00013FB6664206C20F0020040F00100206413
:1012B00000E0012584F83C60284670BD10B586B07A
:1012C000044614216846FFF72FF811492068884228
:1012D0001CD110480021026842F48072026000684C
:1012E00000F4807005900B481438026842F0010247
:1012F0000260006800F001000590022000900320C9
:10130000CDE901016946044800F0C4FA06B010BDF9
:101310000020014044380240000002400248416879
:1013200021F0020141607047002004E02DE9F04106
:101330000446876D00F0A8FB064694F835000025AA
:10134000022806D08020606584F834500120BDE872
:10135000F0812068016821F0160101602068416970
:1013600021F080014161206C08B9A06C20B1206897
:10137000016821F0080101602068016821F0010185
:1013800001600CE000F080FB801B052807D92020BD
:101390006065032084F8350084F83450D7E720686E
:1013A0000068C007EED194F85C103F208840B86018
:1013B000012084F8350084F834500020C7E790F805
:1013C0003510022903D08021416501207047052195
:1013D00080F835100068016821F0010101600020EB
:1013E000704770B504002BD094F83500022826D041
:1013F0002068016821F00101016020680025056076
:1014000020684560206885602068C56020680561A7
:101410002168212048612046FFF75AFCE5632564D6
:101420006564A564E564256594F85C203F219140DE
:101430008160656584F8355084F83450002070BDB3
:10144000012070BD2DE9F84304464FF00009CDF8A6
:10145000009063484FF41651A56D0068B0FBF1F79A
:101460002E6894F85C10082000FA01F131420FD088
:1014700021680A6852070BD50A6822F004020A6044
:1014800094F85C108840A860606D40F001006065D1
:1014900094F85C104FF0010808FA01F0304208D0CF
:1014A00021684969090604D5A860606D40F0020012
:1014B000606594F85C1004208840304208D02168B0
:1014C0000968890704D5A860606D40F00400606574
:1014D00094F85C1010208840304218D021680968C8
:1014E000090714D5A86020680168490304D500687D
:1014F000000308D5A16C07E00168C90503D40168A1
:1015000021F008010160216C09B12046884794F858
:101510005C1020208840304231D021680968C9061B
:101520002DD5A86094F8350005282068016806D0FC
:10153000490347D5006800031DD4616C1CE021F00D
:10154000160101602068416921F080014161206C31
:1015500008B9A06C20B12068016821F00801016081
:1015600094F85C103F208840A86084F8358084F8A7
:101570003490216D1FE0E16B09B120468847606D12
:1015800000282BD0606DC00714D0052084F83500EA
:101590002068016821F0010101600098401C009062
:1015A000B84203D820680068C007F6D184F83580B7
:1015B00084F83490E16C002910D001B02046BDE8D9
:1015C000F04308470168C905D5D4016821F010012E
:1015D000016084F8358084F83490CCE7BDE8F88366
:1015E0007C0400202DE9F041044600F04DFA064647
:1015F0005CB1022084F83500002584F8345020685E
:10160000016821F0010101600DE00120BDE8F081D9
:1016100000F03AFA801B052805D9202060650320D8
:1016200084F83500F2E720680068C007F0D122682E
:10163000116820480140D4E901031843D4E9033676
:101640003343184363691843A3691843E369184394
:10165000236A18430843616A042903D1D4E90B13B0
:1016600019430843106020684069666A20F007014A
:1016700030460E43012704280CD1A06A0643E06AD5
:1016800040B12046FFF738FB20B14020606584F868
:101690003570BAE7206846612046FFF719FB94F8D9
:1016A0005C203F2191408160656584F835700020A1
:1016B000ACE700003F8010F02DE9F0410446866D54
:1016C00090F83400002501280DD0012084F8340062
:1016D00094F835700020012F07D084F834000225DB
:1016E0002846BDE8F0810220FBE7022784F8357028
:1016F00060652046FFF72AFB94F85C103F20884085
:10170000B0602068016841F016010160206C20B1D2
:101710002068016841F0080101602068016841F01B
:1017200001010160DCE7000070B5044600F0ACF98F
:101730000546601C02D004480078044400F0A4F977
:10174000401BA042FAD370BD700400202DE9F04F79
:101750000022DFF808B101264FF00F0906FA02F463
:1017600001EA0403A34274D122F003075F44D7F8CF
:10177000088895074FEA157C09FA0CFA0AEA080569
:10178000DFF8DC80404502D14FF000081DE0DFF8B3
:10179000D480404502D14FF0010816E0DFF8C88040
:1017A000404502D14FF002080FE0DFF8C08040450D
:1017B00002D14FF0030808E0DFF8B480404502D1C1
:1017C0004FF0040801E04FF0070808FA0CF8A845AC
:1017D00022D1284DD5F800C02CEA030CC5F800C072
:1017E0002D1DD5F800C02CEA030CC5F800C0214D12
:1017F0000C35D5F800C02CEA030CC5F800C02D1F2D
:10180000D5F800C02CEA030CC5F800C0D7F808587A
:1018100025EA0A05C7F80858056857000323BB40A6
:101820009D430560D50800EB8505D5F820C0570716
:101830004FEAD76809FA08F72CEA070CC5F820C068
:10184000C5689D43C5604568A543456084689C4361
:101850008460521C102A81D3BDE8F08F0030014013
:10186000000002400004024000080240000C024058
:1018700000100240003C014070470000044910B5D0
:101880000A68024202D00860FFF7F6FF10BD0000B0
:10189000143C01402DE9F84FDFF8B8A100220124E3
:1018A00003254FF00F090AF1040BAAF1040E00BF43
:1018B0000B6804FA02F63340B34273D10F7907F094
:1018C0000307012F01D0022F16D187684FEA420883
:1018D00005FA08FC27EA0C07D1F80CC00CFA08FC42
:1018E0004CEA070CC0F808C04768B7430E79C6F346
:1018F000001696403E4346600E79F643B6070DD07B
:10190000C768560005FA06FC27EA0C07D1F808C09C
:101910000CFA06FC4CEA070CC0F80CC00E7906F075
:101920000306022E10D1D60800EB8608D8F82060F6
:1019300057074FEAD76C09FA0CF7BE430F6907FA4D
:101940000CF73743C8F8207006684FEA420C05FAD6
:101950000CF7BE430F7907F0030707FA0CF737437C
:1019600007604E6816F4403F6DD03B4E376847F431
:1019700080473760366822F0030706F480460096F9
:10198000364E07EB060CDCF8086897073F0F09FA9C
:1019900007F826EA0806DFF8C880404503D14FF073
:1019A00000081EE04FE0DFF8BC80404502D14FF058
:1019B000010816E0DFF8B080404502D14FF0020880
:1019C0000FE0DFF8A880404502D14FF0030808E09F
:1019D000DFF89C80404502D14FF0040801E04FF051
:1019E000070808FA07F848EA0608CCF80888DAF881
:1019F00000605746D1F804C09E435FEACC2C00D566
:101A00001E433E60DBF800605F46D1F804C09E4391
:101A10005FEA8C2C00D51E433E60DEF800607746FE
:101A2000D1F804C09E435FEA8C3C00D51E433E6063
:101A3000084F083F3E68D1F804C09E435FEACC3CA3
:101A400000D51E433E60521C102AFFF431AFBDE8A2
:101A5000F88F0000083C014044380240003001404B
:101A6000000002400004024000080240000C024056
:101A7000001002400069084000D0012070470AB100
:101A8000816170470904FBE70148806870470000E6
:101A90007004002002488168027811448160704718
:101AA000700400200B4810B5016841F4007101601A
:101AB000016841F480610160016841F48071016056
:101AC000032000F0B7F80F2000F006F800F04AF805
:101AD000002010BD003C024030B505461C4887B0D0
:101AE0000024016841F001010160006806A900F0CE
:101AF0000100009001A800F017FA00F045FA15491E
:101B0000154AB0FBF1F11548491E026040F2E73278
:101B1000C0E90324C0E90114846101F053F8040012
:101B200012D10E4801F07CF804000DD1192000F00C
:101B300053F8102D07D200222946192000F05AF838
:101B40000748056000E0012407B0204630BD0000D2
:101B50004438024040420F0000000140700A00205B
:101B6000740400200C4882B0016841F48041016097
:101B7000006800F4804000900748001F016841F0B1
:101B8000805101600068002200F0805000900F2119
:101B9000901E02B000F02EB844380240002809DB45
:101BA00000F01F02012191404009800000F1E02077
:101BB000C0F88012704700280DDB00F01F020121E1
:101BC00091404009800000F1E020C0F88011BFF38F
:101BD0004F8FBFF36F8F7047002809DB00F01F02A3
:101BE000012191404009800000F1E020C0F800117F
:101BF00070470000F0B40E4B1B680C46C3F3022381
:101C0000C3F10705042D00D90425191D072901D2A8
:101C1000002300E0DB1E012606FA05F1491E2140E3
:101C200099409E40761E16403143F0BC04F009B93D
:101C30000CED00E0064900F0070208684FF6FF03CC
:101C4000184040EA0220034A104308607047000031
:101C50000CED00E00000FA050149012048627047E0
:101C600000000E420C4A136823F003030343136081
:101C70000A48026842F004020260012909D00329DF
:101C800001D040BF20BF20BF016821F004010160E6
:101C9000704730BFF8E700000070004010ED00E032
:101CA0002DE9F843044600684FF00109C1074FF0E1
:101CB000000601D1400729D5DFF82081C8F8686007
:101CC000FFF7E2FE0746464D05E000BFFFF7DCFEEA
:101CD000C01B022859D828680001F7D4A068217BCE
:101CE000800140EA0170616808433D498431086021
:101CF000C8F86890FFF7C8FE074604E0FFF7C4FE87
:101D0000C01B022841D828680001F7D52078800739
:101D100052D533484030016841F08051016000687D
:101D2000304D00F080500090286840F480702860AA
:101D3000FFF7AAFE074604E0FFF7A6FEC01B022835
:101D400023D82868C005F7D5254D7035286810F4CC
:101D5000407020D0218A01F4407181421BD0286854
:101D6000214920F44070C1F800900E602860286876
:101D7000C00710D0FFF788FE064641F2883707E01B
:101D8000FFF782FE801BB84202D90320BDE8F8832A
:101D900028688007F4D521691148C1F30122083071
:101DA000032A12D0016821F4F81101602868218A01
:101DB000C1F30B01084328602078000703D50B49C5
:101DC000207DC1F8E0010020E0E70268084B22F422
:101DD000F81219400A430260E8E700000000474299
:101DE0000038024000700040400E47420010474259
:101DF000FFFCFF0F2DE9F0470E46050065D0DFF828
:101E00001481D8F80000F7B200F00700B04207D202
:101E100088F80070D8F8000000F00700B04254D1F4
:101E200028683D4C810712D5400703D5206840F44F
:101E3000E05020602878000703D5206840F4604017
:101E400020602068A96820F0F0000843206028780E
:101E5000C0072DD0304968680839012812D00228FF
:101E600013D0032811D00968890700292DDA2168C9
:101E700021F0030101432160FFF706FE814641F294
:101E8000883A0EE009688903EFE709688901ECE701
:101E9000FFF7FAFDA0EB0901514502D90320BDE887
:101EA000F0872068696800F00C00B0EB810FEFD17B
:101EB000D8F80010404601F00701B14207D9077079
:101EC000006800F00700B04201D00120E7E7287861
:101ED000400705D52068E96820F4E05008432060F9
:101EE0002878000706D52068296920F4604040EA78
:101EF000C100206000F058F82168084AC1F30311BE
:101F0000515CC8400649086006480068FFF7E4FDD8
:101F10000020C4E7003C02400838024004BB04082B
:101F20007C040020740400200F2202600C4A136815
:101F300003F003034360136803F0F0038360136846
:101F400003F4E053C36012684FF4E05303EAD20293
:101F500002610448006800F0070008607047000054
:101F600008380240003C02400448054900680968FE
:101F7000044AC1F38221515CC84070477C040020B0
:101F80000838024014BB0408044805490068096881
:101F9000044AC1F34231515CC84070477C040020C0
:101FA0000838024014BB0408154810B5006810F04A
:101FB0000C02144813D01449042A0FD0082A0ED159
:101FC0000F4C241F2268236802F03F025B0207D5F2
:101FD0002068C0F38810A0FB010106E0084610BD90
:101FE0002168C1F38811A1FB00010023FEF752F91B
:101FF0002168C1F30141491C4900B0FBF1F010BD5B
:10200000083802400024F40040787D012DE9F84FA3
:1020100004006ED02078DFF84C93C007A9F10405C6
:102020004AD009F104000168C1F38101012908D0F7
:102030000068C0F3810002280AD1D9F800004002EC
:1020400006D52868800337D560680028E1D033E0E2
:102050006068B0F5803F10D0B0F5A02F286810D090
:1020600020F480302860286820F480202860606890
:10207000A8B1FFF709FD06460DE0286840F480305E
:10208000F4E740F480202860F7E700BFFFF7FCFC8E
:10209000801B642873D828688003F7D50CE0FFF70D
:1020A000F3FC064605E000BFFFF7EEFC801B64284A
:1020B000F0D828688003F7D42078DFF8AC82800756
:1020C0004FF0000A3ED5A748001D016811F00C0F23
:1020D00008D00068C0F3810002280BD1D9F80000B5
:1020E000400207D42868800716D5E068012800D18F
:1020F00012E033E1E068B8B10120C8F80000FFF752
:10210000C3FC064605E000BFFFF7BEFC801B0228AB
:10211000C0D828688007F7D52868216920F0F80022
:1021200040EAC10028600DE0C8F800A0FFF7ACFC51
:10213000064604E0FFF7A8FC801B02281FD8286889
:102140008007F7D42078000722D5864F8748616939
:10215000703771B101210160FFF796FC064604E07B
:10216000FFF792FC801B022809D838688007F7D552
:102170000EE0C0F800A0FFF787FC064605E082E00D
:10218000FFF782FC801B02287DD838688007F7D4CF
:102190002078400768D5DFF8CCB100270BF13C0B65
:1021A000DBF80000C0000BD4DBF8001041F08051D8
:1021B000CBF80010DBF80000012700F08050009001
:1021C0006B4E3068C00510D4306840F480703060C9
:1021D000FFF75AFC009005E0FFF756FC0099401A03
:1021E000022850D83068C005F6D55E4EA0686C361F
:1021F00001280FD00528306810D020F00100306091
:10220000306820F004003060A068B8B1FFF73CFCF3
:1022100000900FE0306840F00100F4E740F0040067
:102220003060F7E7FFF730FC0099411A41F288303F
:10223000814266D830688007F4D50EE0FFF724FCB1
:10224000009007E0FFF720FC0099411A41F2883026
:10225000814256D830688007F4D42FB1DBF80010E3
:1022600021F08051CBF80010A069C8B33D49091D89
:102270000968C1F3810102294AD00228504607D0DB
:10228000C8F8600000E03CE0FFF7FEFB04463BE0DE
:102290004746C8F86000FFF7F7FB064605E000BFB9
:1022A000FFF7F2FB801B02282BD828688001F7D4A7
:1022B000D4E907010843A16A2E4A490802EB01410B
:1022C000626A41EA8211084394F82C1040EA0161E5
:1022D000C9F8001001203866FFF7D6FB044606E077
:1022E0003EE000BFFFF7D0FB001B022809D828689A
:1022F0008001F7D534E000BFFFF7C6FB001B0228C2
:1023000002D90320BDE8F88F28688001F4D427E0C3
:102310000128F7D0D9F80000E26900F48001914269
:102320001CD1226A00F03F01914217D147F6C071DB
:10233000626A0140B1EB821F10D1A26A4FF0FF33F5
:1023400000F4403103EB5202B1EB024F06D194F896
:102350002C1000F07060B0EB016F01D00120D1E7CC
:102360000020CFE70438024000004742800E474279
:10237000007000400000FFFF0068503050F821005E
:1023800070470068503040F8212070472DE9F04731
:102390000446007F01281CD00126267702206077A2
:1023A0002168CA20486221685320486220688168F9
:1023B00021F4806181602068816821F4804181601E
:1023C000FFF762FB054600274FF0FF084FF47A79CC
:1023D0000EE00220BDE8F087FFF756FB401B4845A2
:1023E00006D92168C1F82480032060772777F1E7B8
:1023F0002068C0684007EFD52168C1F8248066775F
:1024000027770020E6E7704710B50A4904464FF4E5
:10241000800008602068C168490508D5C16801F0DE
:10242000800161F49061C1602046FFF7ECFF01205C
:10243000607710BD143C014010B500680B46416840
:102440000D480140080CD870C1F304245C7001F001
:102450003F049C70C1F34231197052B902F030FD53
:10246000D870587802F02CFD5870987802F028FD4A
:102470009870002010BD00003FFFFF0010B50B4614
:102480000168896A596001680969C1F30E019960A0
:10249000006801680D480140C1F305401870C1F3A0
:1024A00006245C7001F07F049C70890DD97052B9CC
:1024B00002F006FD1870587802F002FD5870987806
:1024C00002F0FEFC9870002010BD00007F7F7F00AE
:1024D00010B5040002D0607F10B106E0012010BDED
:1024E00000202077204600F041F802206077206825
:1024F000C168C943C90632D5CA2141622168532047
:102500004862204602F0F0FC20BB20688168164A31
:10251000114081602168886862681043D4E904230F
:102520001A43104388602168E068086120680169E7
:10253000228941EA02410161204602F0F9FC48B9D2
:1025400021680A6C22F480220A6421680A6CA3695B
:102550001A430A642268FF21516208B110BD0020AD
:102560000121617710BD0000BFFF8FFF10B586B05D
:10257000044618216846FDF7D7FE0B4920688842BB
:102580000FD102200090000204906846FFF788FBFC
:1025900008B1FEF7B5FD0549012008600320FFF7EB
:1025A0000AFB06B010BD0000002800403C0E474268
:1025B00070B50446007F0B46012819D00126267706
:1025C00002206077B2B19878D97840EA014558780E
:1025D0001978000240EA413005432168CA20486268
:1025E000216853204862204602F07EFCD0B122E0F0
:1025F000022070BD5878C10603D500F0EF000A3004
:102600005870D87802F065FC0204587802F061FC3A
:1026100042EA0022987802F05CFC0243187842EA11
:102620004035DAE70748054020684560204602F05B
:102630007FFC00B966772268FF2151620021217773
:1026400070BD00003FFFFF002DE9F0410446007F10
:102650000D46012823D04FF0010884F81C80022089
:1026600060772068002780684FEA4060D2B1002878
:1026700000DBEF70A878297840EA01466878E978AD
:10268000000240EA815006432168CA20486221685E
:1026900053204862204602F027FCB8B12CE002200B
:1026A000BDE8F081002800DBEF70287802F011FC13
:1026B0000204687802F00DFC42EA0022A87802F0D9
:1026C00008FC0243E87842EA8056DDE70D48064000
:1026D000206806602068816821F480218160D5E946
:1026E0000301084321688A6810438860204602F08D
:1026F0001FFC08B984F81D802268FF2151622777EA
:10270000CEE700007F7F7F0070B504460B4821684C
:10271000C860FFF7B9F905464FF47A7607E000BFC5
:10272000FFF7B2F9401BB04201D9032070BD206809
:10273000C0688006F4D5002070BD00005F3F010036
:1027400003480068C16841F00101C16070470000A2
:10275000700A0020704770B5040009D0606A002537
:1027600040B125616561A56294F8510040B10CE06B
:10277000012070BD6068B0F5827FF4D0E561F2E7BA
:1027800084F85050204600F045F8022084F85100AB
:102790002068016821F040010160A088218900F4CF
:1027A000827001F404410843A18901F400610843E7
:1027B000217C01F002010843217D01F00101084361
:1027C000218B01F400710843217F01F03801084397
:1027D00094F8201001F080010843218D01F400518C
:1027E000084321680860A069042101EA104094F8B8
:1027F000241001F010010843216848602068C16975
:1028000021F40061C1616565012084F85100002058
:1028100070BD000070B586B0064614216846FDF70D
:1028200083FD2049306888423AD11F48002501685D
:1028300041F480510160006800F4805005901A480E
:102840001438016841F0020101600068694600F037
:1028500002000590282000900220CDE90105032008
:102860000390052004901148FFF714F8114C10480C
:1028700020604FF0806060604020C4E902050001E4
:102880002061400060618000C4E9060525622046A1
:102890006562FEF7A7FE08B1FEF732FCB464A663DA
:1028A00006B070BD003001404438024000040240D0
:1028B00040640240A40700202DE9F84F98461646D0
:1028C0008A460446FFF7E0F8814694F85100012853
:1028D0001ED1BAF1000F73D0002E71D094F85000C1
:1028E000012815D0012784F85070032084F8510086
:1028F00000256565C4F830A0A686E686A563A58791
:10290000E58765642564A068B0F5004F03D00CE04E
:102910000220BDE8F88F2068016821F040010160C5
:102920002068016841F4804101602068016849061F
:1029300003D4016841F040010160E068B0F5006F28
:10294000606803D048B3012E27D047E008B1012EBC
:102950001FD1206B21680088C86006E0206881686C
:10296000890709D5216B0988C160206B801C206311
:10297000E08E401EE0860CE0FFF786F8A0EB090130
:10298000414503D3B8F1FF3F03D035E0B8F1000F64
:1029900032D0E08E0028E1D123E0206B216800785E
:1029A000087306E02068816889070AD5216B0978D9
:1029B0000173206B401C2063E08E401EE0860DE01A
:1029C0002BE0FFF761F8A0EB0901414503D3B8F113
:1029D000FF3F03D010E0B8F1000F0DD0E08E0028CB
:1029E000E0D14A464146204602F082FB08B1202051
:1029F0006065A06830B109E084F8517084F85050E7
:102A0000032086E72068C1688068009084F85170D0
:102A100004F8505F60680028F3D0012079E70000D7
:102A200070B5044690F8510001281CD1C9B1C2B15B
:102A300094F85000012816D0012084F8500003209B
:102A400084F85100002565652163A286E286A563AE
:102A500065642564A587E587A068B0F5004F04D0BC
:102A60000DE0012070BD022070BD2068016821F0DA
:102A7000400101602068016841F480410160A16C5F
:102A800017480864A16C1748C863A16C1648C8644D
:102A9000A06C0565E38E2268216B0C32A06CFEF7FA
:102AA0000BFE30B1606D40F01000606584F850504E
:102AB000D7E720680168490603D4016841F0400166
:102AC000016084F850502068416841F02001416065
:102AD0002068416841F002014160002070BD0000A3
:102AE000815001088B5001085F5001087047704702
:102AF0004FF0E0210428086903D020F004000861A9
:102B0000704740F00400FAE710B5401EB0F1807F36
:102B100001D3012010BD4FF0E02460610F21601748
:102B200003F08FF90020A06107202061002010BD74
:102B300003480068C16821F00101C16070470000CE
:102B4000700A00207047704770B590F83C20012A49
:102B50002CD0012480F83C40022280F83D200368FC
:102B60005A689D6822F070060A6832435A60104B1A
:102B700002689A420ED0B2F1804F0BD00D4B9A42B0
:102B800008D00D4B9A4205D00C4B9A4202D00C4B08
:102B90009A4204D1496825F080031943916080F876
:102BA0003D40002180F83C10084670BD022070BDF9
:102BB000000001400004004000080040000C0040FC
:102BC0000040014010B5040003D094F83D0010B15E
:102BD00007E0012010BD002084F83C00204600F0F2
:102BE0001EF8022084F83D00211D206802F078FCC8
:102BF000012084F8460084F83E0084F83F0084F801
:102C0000400084F8410084F8420084F8430084F8CE
:102C1000440084F8450084F83D00002010BD704752
:102C200090F83D10012901D001207047022180F861
:102C30003D100168CA6842F00102CA6000680E498E
:102C400088420ED0B0F1804F0BD00C49884208D09A
:102C50000B49884205D00B49884202D00A49884274
:102C600004D1816801F00701062903D0016841F011
:102C70000101016000207047000001400004004095
:102C800000080040000C00400040014070472DE962
:102C9000F04104460068C66805694FF00007A907BF
:102CA00013D5B10711D5F91E0161012020772068E5
:102CB00080698007204602D0FFF7E8FF04E000F0BB
:102CC000A7F8204600F04CF92777680716D570075B
:102CD00014D521686FF00400086102202077206875
:102CE000806910F4407F204602D0FFF7CFFF04E058
:102CF00000F08EF8204600F033F92777280715D525
:102D0000300713D521686FF0080008610420207790
:102D10002068C0698007204602D0FFF7B7FF04E0B3
:102D200000F076F8204600F01BF92777E80616D564
:102D3000F00614D521686FF0100008610820207794
:102D40002068C06910F4407F204602D0FFF79EFF44
:102D500004E000F05DF8204600F002F92777E8076C
:102D600008D0F00706D021686FF001000861204606
:102D700000F088F9280608D5300606D521686FF0DE
:102D8000800008612046FFF7DDFE680608D5700662
:102D900006D521686FF040000861204600F07CF9FC
:102DA000A8060AD5B00608D521686FF02000086192
:102DB0002046BDE8F041FFF7C6BEBDE8F081000047
:102DC00010B586B0044614216846FDF7ADFA0D49EA
:102DD0002068884214D10C480021026842F00202A7
:102DE0000260006800F002000590012000900220BF
:102DF000CDE90101CDE9031069460448FEF74AFD1B
:102E000006B010BD0004004030380240000402400B
:102E1000704770B5044690F83C0000260D46012826
:102E20000FD0012084F83C006AB1042A1DD0082A82
:102E30002FD00C2A3FD00126002084F83C003046D9
:102E400070BD022070BD206802F0A8FB2068816977
:102E500041F0080181612068816921F004018161EC
:102E6000206881692A69114311E0206802F0BEFBE5
:102E70002068816941F4006181612068816921F4E1
:102E800080618161206881692A6941EA022181614A
:102E9000D2E7206802F0D6FB2068C16941F0080142
:102EA000C1612068C16921F00401C1612068C16964
:102EB0002A69114311E0206802F0F0FB2068C16923
:102EC00041F40061C1612068C16921F48061C16180
:102ED0002068C1692A6941EA0221C161ACE710B5E5
:102EE000040003D094F83D0010B107E0012010BDAC
:102EF000002084F83C00204600F01EF8022084F8F0
:102F00003D00211D206802F0EBFA012084F8460004
:102F100084F83E0084F83F0084F8400084F84100C3
:102F200084F8420084F8430084F8440084F84500A3
:102F300084F83D00002010BD08B5006806498842AD
:102F400008D10648016841F002010160006800F004
:102F50000200009008BD000000040040403802401C
:102F60007047000010B50446022249B104290ED072
:102F7000082913D094F84100012816D0012010BD73
:102F800094F83E000128F9D184F83E200FE094F82F
:102F90003F000128F2D184F83F2008E094F8400077
:102FA0000128EBD184F8402001E084F8412001227F
:102FB000206802F0E5FA12492068884203D1426C89
:102FC00042F400424264206888420ED0B0F1804F43
:102FD0000BD00C49884208D00B49884205D00B49D8
:102FE000884202D00A49884204D1816801F0070171
:102FF000062903D0016841F001010160002010BDE5
:10300000000001400004004000080040000C0040A7
:103010000040014030B504460D460068002202F031
:10302000AFFA174B41F2111120688A10984209D16A
:10303000036A0B4206D1036A134203D1436C23F4A3
:10304000004343642068036A0B4206D1016A1142BF
:1030500003D1016821F00101016001203DB1042D7F
:1030600008D0082D09D084F84100002030BD84F834
:103070003E00FAE784F83F00F7E784F84000F4E701
:103080000000014000680349884201D1FEF702BDFB
:1030900070470000000001407047704710B50446BB
:1030A0000068406994F84110C0F3C010212911D183
:1030B00080B12068143050E8001F21F0800140E802
:1030C0000012002AF5D1A06B08B1FEF72FF92046B7
:1030D00002F035FC2068406994F84210C0F380107B
:1030E000222911D180B12068143050E8001F21F04E
:1030F000400140E80012002AF5D1E06B08B1FEF76C
:1031000015F9204602F0F4FB002010BD10B50400B4
:1031100015D0242084F841002068C16821F40051B2
:10312000C160204600F080F90020606484F841000E
:1031300084F8420044F8300F6060207410BD012014
:1031400010BD7047F8B5016804460868CA684B6945
:1031500010F00F0F4FF0000559D003F0010602F4F4
:103160009077374365D0C10705D0D10503D5616C91
:1031700041F001016164410705D5D90703D0616CB5
:1031800041F002016164810705D5D90703D0616C64
:1031900041F004016164010707D502F020013143C9
:1031A00003D0616C41F008016164616C00293AD080
:1031B000800604D5900602D5204602F0CEFB20689A
:1031C0004069616CC0F38010090700D460B32046E9
:1031D00002F08EFB20684069400621D5206814303B
:1031E00050E8001F21F0400140E80012002AF5D10C
:1031F000E06BA8B172490165E06BFEF7E0F80028CA
:1032000011D0E06B016D01B0BDE8F04008478306C6
:103210000FD593060DD52046BDE8F84002F09DBBC2
:103220002046FFF78EFFF8BD2046FFF78AFF656452
:10323000F8BD266B2023012E7ED1C6067CD5D6068E
:103240007AD508684868009048694FF00206400641
:103250004DD5E26B106840684FF480770004000C95
:103260003AD0A18D814237D9E085D069B8422DD0BE
:1032700020680C3050E8001F21F4807140E80012F3
:10328000002AF5D12068143050E8001F21F0010118
:1032900040E80012002AF5D12068143050E8001FE1
:1032A00021F0400140E80012002AF5D184F84230B4
:1032B000256320680C3050E8001F21F0100140E821
:1032C0000012002AF5D1E06BFEF730F86663A08D9E
:1032D000E18D401A81B206E0A18D8142A8D1D0696A
:1032E000B842A5D166632046FFF7D7FEF8BDA08D92
:1032F000E18D401A81B2E08D0028F7D00029F5D089
:1033000020680C3050E8002F22F4907240E800272B
:10331000002FF5D12068143050E8002F22F0010270
:1033200040E80027002FF5D184F84230256320685B
:103330000C3050E8002F00E006E022F0100240E8D8
:103340000023002BF3D1CDE705062BD5150629D593
:1033500094F841002128C9D1A068B0F5805F01D15F
:103360002069B0B1206A411C216221680078486060
:10337000E08C401E0004000CE084B7D12068C168D6
:1033800021F08001C1602068C16841F04001C16046
:10339000F8BD206A0088C0F308004860206A801CDD
:1033A0002062E5E74006F3D55006F1D5CA6820460D
:1033B00022F04002CA6084F8413000F02BF9F8BDD9
:1033C000F557010870B5040004D094F841000025B9
:1033D00010B106E0012070BD84F84050204600F096
:1033E00045F8242084F841002068C16821F4005188
:1033F000C160204602F012FB2068016921F490416F
:1034000001612068416921F02A0141612068C16899
:1034100041F40051C1606564202084F8410084F8C3
:1034200042006563002070BD10B5044600680C4979
:10343000884214D10B48016821F0100101604FF45B
:10344000C0610948FEF782F9E06BFDF7CAFFA06B87
:10345000FDF7C7FFBDE810402520FEF7ACBB10BD4F
:103460000010014044380240000002402DE9F041C4
:1034700086B0064614216846FCF756FF304930688E
:10348000884259D12F480024016841F010010160A1
:10349000006800F0100005902A481438016841F0D7
:1034A000010101600068694600F0010005904FF4D9
:1034B000C06000900220CDE90104032003900720A2
:1034C00004902148FEF7E6F9214D20484FF00067AF
:1034D0002860C5E901744FF48068C5E903486C6150
:1034E000AC61EC612C6228466C62FEF77BF808B197
:1034F000FDF706FEF563AE63154D144860353030B8
:10350000E5E802074020A5E81101114845F81449F3
:103510006030AC61EC612C626C62FEF763F808B15C
:10352000FDF7EEFDB563002205212520AE63FEF711
:1035300061FB2520FEF750FB06B0BDE8F0810000DE
:1035400000100140443802400000024088640240FC
:103550009409002090F84230202B01D002207047BF
:1035600021B11AB10023036302F0DEBA01207047D3
:10357000704770472DE9F843044690F8410098469B
:1035800016460D46202802D00220BDE8F88385B1FA
:103590007EB100206064212084F84100FEF774FAB7
:1035A000A6848146E684A0682027B0F5805F02D01B
:1035B00003E00120E9E7206910B12E4600250EE066
:1035C00000260CE08021204602F0FEFAA8B9C6B120
:1035D00016F8010B21684860E08C401EE084E08C06
:1035E0004B464FF00002CDF800800028EAD14FF0A2
:1035F0004001204602F0E8FA40B184F8417003200F
:10360000C3E735F8020BC0F30800E3E784F8417024
:103610000020BAE770477047FF2070477047704737
:103620007047FF207047FF2070477047FF207047AA
:10363000704700F00DBF00207047FF2070474FF02B
:10364000FF307047704770470020704770477047E1
:1036500010B586B004001FD0002269460F48FEF75F
:103660000DFF002205A90D48FEF7E6FE9DF81700A4
:10367000E0709DF8151061709DF81620A27014235B
:1036800026F08EFD20709DF8000020719DF801004D
:1036900060719DF80200A07106B010BD2C070020DB
:1036A00001F05CBC01F074BC10B5012901D0022905
:1036B00003D1401E0C31C0B2C9B21A24491C11FBFF
:1036C00004F10A24B1FBF4F100EB900000EB93004D
:1036D00008441044594200EB4100401E00E0C01D68
:1036E0000028FCDB072190FBF1F201FB120000B97E
:1036F0000720C0B210BDFEE78EB0DFF8D8810025EC
:103700004FF47A76DFF8D09126F01AFC192273492B
:103710007048FFF71FFFD8F80000C16841F01001A2
:10372000C16008216E48FFF71DFC06F057FC3046CB
:1037300006F06AFCD9F820004C46804700F074FC83
:10374000032706E07F1EA06BFFB2804784F830009D
:103750001FB194F830000028F4D1FDF7F6FB0022E9
:1037600008A96048FEF78AFE002269465D48FEF718
:1037700063FE9DF802309DF801209DF8031001A81A
:10378000FDF7E6FB88B18DF804508DF805509DF8E3
:1037900003008DF806009DF801008DF807009DF8E4
:1037A00002008DF80800ADF80A509DF804004E495B
:1037B00084F835009DF8050008709DF806009DF816
:1037C0000310884216D19DF807009DF80110884229
:1037D00010D19DF808009DF8021088420AD194F893
:1037E000300018B9A16CBDF80A008847BDF80A007E
:1037F000608617E094F8300010B9A16C002088476B
:1038000065869DF803008DF806009DF801008DF88F
:1038100007009DF802008DF80800ADF80A5001A8D5
:10382000FDF702FC1EF040F920698047A06980473F
:10383000FDF732F9FDF796F900F0FEFC4FF4784001
:10384000002100904FF48C73F022084600F073FCC6
:103850000A2006F0D9FB322000F0FAFD1824CDE949
:1038600000544FF6FF773B4620A28C21482002955A
:1038700000F084FE04200346009002221DA103A84C
:1038800002F0B8FACDE900543B4603AABC2122203D
:10389000029500F073FE304606F0B6FBBD23F02221
:1038A00074210020009500F046FC15F083FB1AF00F
:1038B0009FFC1AF0C1FC25F087FF1EF0C7F827F027
:1038C00081F9002026F05AFA4FF4FA701DF04EFFED
:1038D0001AE700004C09002054000020540A002080
:1038E000040800202C0700201001002057656C639D
:1038F0006F6D65004F562D576174636820562564BF
:103900002E25642E2564000070B586B001F08EFA75
:103910008068534988427DD1524D6846296888475E
:103920004F4C9DF80520103C6078824208D06270B0
:103930004DA102A802F05EFA02A9E06916F006FAAB
:103940009DF804202078824208D0227048A102A865
:1039500002F050FA02A9606916F0F8F9404E9DF89D
:103960000230E0789C36834214D0E3709DF800006A
:103970002071A2783FA102A802F03CFA02A9E06AF5
:1039800016F0E4F9207906EB800050F8041C206B57
:1039900016F0DCF99DF80120A078824216D0A270C2
:1039A0009DF80230E3709DF80000207131A102A85B
:1039B00002F020FA02A9E06A16F0C8F9207906EBB5
:1039C000800050F8041C206B16F0C0F9297F607944
:1039D00081420CD06171206A0FF0E9FD627928A163
:1039E00002A802F007FA02A9A06A16F0AFF96A8EDF
:1039F000A089824208D0A28123A102A802F0FAF98C
:103A000002A9E06B16F0A2F995F94D1094F909009E
:103A1000814200E022E00DD06172606C0FF0C7FDC2
:103A200094F9092018A102A802F0E4F902A9E06CB7
:103A300016F08CF995F94E1094F90A0081420DD0D8
:103A4000A172606D0FF0B3FD94F90A200EA102A8D7
:103A500002F0D0F902A9A06D16F078F906B070BD99
:103A6000AC0100205400002025303264000000002A
:103A7000253264002532642D2530326400000000B8
:103A800025326425250000002564000010B586B0AD
:103A9000044614216846FCF747FC20890090012069
:103AA000019002900220039069462068FDF7F2FE23
:103AB0006089009069466068FDF7ECFE06B010BDB5
:103AC00070B506460824002501F096FA13E0680652
:103AD000050E0021304601F07DFA022006F0A1FA21
:103AE0000121304601F076FA012006F09AFA3046BC
:103AF00001F079FA0543641EE4B2E8D200213046B1
:103B000001F068FA304601F095FA284670BD10B50C
:103B10000446002101F085FA012006F082FA012115
:103B2000204601F057FA012006F07BFA00212046DA
:103B300001F050FABDE81040012006F072BA000012
:103B400070B50C460646082519E000BF01F042FAA0
:103B5000022006F066FA04F08001304601F061FAB6
:103B6000012006F05EFA6006040E012006F059FA04
:103B70000121304601F02EFA012006F052FA6D1EA6
:103B8000EDB24FF000013046E0D201F023FABDE87B
:103B90007040022006F045BA10B50446012101F03C
:103BA00040FA012006F03DFA0121204601F012FA08
:103BB000012006F036FA0021204601F00BFABDE89C
:103BC0001040022006F02DBA10B50446012101F084
:103BD00028FA022006F025FA0121204601F0FAF920
:103BE000012006F01EFA0021204601F01AFA0120F9
:103BF00006F017FA0021204601F0ECF9BDE810406C
:103C0000012006F00EBA10B50446002101F0E2F9D9
:103C1000022006F006FA0021204601F002FA0120F7
:103C200006F0FFF90121204601F0D4F9012006F049
:103C3000F8F90121204601F0F4F9BDE81040012017
:103C400006F0EFB970B50546052401F0D5F901215C
:103C5000284601F0BFF905E0641EA4B2012006F079
:103C6000E0F984B1284601F0BEF90028F4D12846D5
:103C700001F0E0F90021284601F0ACF9022006F03D
:103C8000D0F9002070BD284601F0D4F92846FFF78E
:103C9000BAFF012070BD00002DE9F0411D46174616
:103CA0000C468046069EFFF78FFF6006010E4046D9
:103CB000FFF746FF4046FFF7C5FF28B14046FFF734
:103CC000A2FF0120BDE8F08139464046FFF738FFEA
:103CD0004046FFF7B7FF4046FFF776FF012000EBB5
:103CE0004400C1B24046FFF72BFF4046FFF7AAFF52
:103CF00000246F1E0AE000BFFFF7E2FE3055BC4211
:103D000002DA4046FFF703FF641CE4B2AC424046CF
:103D1000F2D3FFF741FF4046FFF775FF0020D1E7E0
:103D200070B516460C460546FFF74EFF6006010EBD
:103D30002846FFF705FF2846FFF784FF314628464F
:103D4000FFF7FEFE2846FFF77DFF2846FFF73CFF02
:103D5000012000EB4400C1B22846FFF7F1FE2846DF
:103D6000FFF770FF2846FFF7ABFE04462846FFF733
:103D700013FF2846FFF747FF204670BD2DE9F041AD
:103D80001D4617460C468046069EFFF71DFF60063F
:103D9000010E4046FFF7D4FE4046FFF753FF28B11F
:103DA0004046FFF730FF0120BDE8F081394640462C
:103DB000FFF7C6FE4046FFF745FF002408E0315DEF
:103DC0004046FFF7BDFE4046FFF73CFF641CE4B2EF
:103DD000AC42F4D34046FFF716FF012006F021F96C
:103DE0000020E1E72DE9F0411D4616460C46074646
:103DF000FFF7EAFE6006010E3846FFF7A1FE3846DF
:103E0000FFF720FF28B13846FFF7FDFE0120BDE88F
:103E1000F08131463846FFF793FE3846FFF712FF30
:103E200029463846FFF78CFE3846FFF70BFF384629
:103E3000FFF7E9FE012006F0F4F80020E7E70000B4
:103E40001CB50024114D124E124FDFF84C808DF836
:103E500000408DF8044001230022694628681DF0C7
:103E6000C7FC10B9052000F0F3FA0123002201A9D4
:103E700030681DF0BDFC20B93C8098F8000000F0CF
:103E8000E7FA0A201DF072FCE5E700003C00002084
:103E90004400002050000020A201002038B5154C3D
:103EA000154900252088401C80B22080097801EB4C
:103EB0008101B0EB410F08D110488DF8005001236B
:103EC0000022694600681DF0F1FC0D482188007849
:103ED00000EB8000B1EB400F0AD101208DF800000B
:103EE0000346084825800022694600681DF0DEFC74
:103EF00038BD000050000020680300203C00002076
:103F000069030020400000202DE9F0410025124CFB
:103F1000124F012608B1267001E0207820B101215E
:103F20003846FDF7A7FD58B103201DF01FFC012105
:103F30003846FDF79FFD00B126702846BDE8F081A8
:103F400003201DF013FC01213846FDF793FD0028E6
:103F5000F3D101252070F0E7AC04002000000240FE
:103F60000EB50024DFF8A8B0DFF8A880DFF8A8902D
:103F70002A4F8DF800408DF808408DF80440264601
:103F80002546A24601215846FDF774FD48B100269A
:103F900035460020FFF7B8FF012824D0022832D18F
:103FA00014E06EB1002DF4D11DF0EDFBA0EB0A0082
:103FB00040F6B8318842ECD3012500F079FFE8E7FC
:103FC000012600251DF0DFFB8246E2E700F02EFF10
:103FD00080681349884205D112480123002202A9B2
:103FE00000680EE002208DF80000012300226946DF
:103FF000D8F800001DF05AFC0123002201A9D9F8CD
:1040000000001DF053FC3C700A201DF0AFFBB9E727
:104010000000024038000020440000200100002081
:10402000AC0100204000002000B587B01421684694
:10403000FCF77AF90E48016841F00101016000685F
:104040004FF4041100F0010005900120CDE90001BA
:10405000029069460748FDF71DFC00220521062055
:10406000FDF7C8FD0620FDF7B7FD07B000BD000055
:1040700030380240000002402DE9F04104461D4660
:1040800016460F462A2000F0A7FA204600F094FAC0
:10409000304600F091FA2B2000F09EFA384600F0EE
:1040A0008BFA284600F088FABDE8F0412C2000F099
:1040B00093BA0000034900200968C8630821014839
:1040C000FEF7A8BF0408002070B55D1A141A641C1E
:1040D0006D1C143314316C439BB289B2049EFFF7FC
:1040E000CBFF0D4D4FF40060E8602868016841F493
:1040F00000610160A2B231462846FEF791FC0748F4
:10410000006841680029FCD10020E8602868016847
:1041100021F40061016070BD4C070020A40700205D
:1041200010B514460B460246FFF7A6FF2046BDE831
:10413000104000F041BA2DE9F04780461F4603F1D8
:10414000130083B21646501E82B20C4601F11400D1
:1041500081B24046DDF82090FFF78EFF0AE0454629
:1041600004E0484600F028FA6D1CADB2B542F8D321
:10417000641CA4B2BC42F2D3BDE8F087F0B587B0AE
:1041800014216846FCF7D0F82748016841F0040183
:104190000160016801F004010591016841F002012C
:1041A0000160016801F002010591016841F0080118
:1041B0000160016801F008010591016841F0010109
:1041C00001600068012400F0010005901020CDE995
:1041D0000004164E0325694603953046FDF75AFB49
:1041E000012210213046FDF74AFC2603104FCDE98D
:1041F0000064694638460395FDF74CFB01223146C1
:104200003846FDF73CFC0420CDE90004094C694622
:1042100003952046FDF73EFB012204212046FDF7D1
:104220002EFC07B0F0BD0000303802400004024010
:1042300000080240000C024010B56EA16E4801F06B
:10424000D9FD82B24FF6FF736B496C48FFF792F9C4
:10425000FFF794FF002204216948FDF710FC694C28
:10426000002210212046FDF70AFC642005F0CCFE58
:10427000012210212046FDF702FC642005F0C4FE57
:10428000112000F0A9F9782005F0BEFE362000F0DC
:10429000A3F9C02000F0B6F93A2000F09DF90520FE
:1042A00000F0B0F9B22000F097F90C2000F0AAF964
:1042B0000C2000F0A7F9002000F0A4F9332000F052
:1042C000A1F9332000F09EF9B72000F085F93520E0
:1042D00000F098F9BB2000F07FF9192000F092F966
:1042E000C02000F079F92C2000F08CF9C22000F0F9
:1042F00073F9012000F086F9C32000F06DF9122057
:1043000000F080F9C42000F067F9202000F07AF96D
:10431000C62000F061F90F2000F074F9D02000F001
:104320005BF9A42000F06EF9A12000F06BF9E02009
:1043300000F052F9D02000F065F9042000F062F995
:104340000D2000F05FF9112000F05CF9132000F05F
:1043500059F92B2000F056F93F2000F053F9542072
:1043600000F050F94C2000F04DF9182000F04AF907
:104370000D2000F047F90B2000F044F91F2000F059
:1043800041F9232000F03EF9E12000F025F9D0208A
:1043900000F038F9042000F035F90C2000F032F973
:1043A000112000F02FF9132000F02CF92C2000F040
:1043B00029F93F2000F026F9442000F023F951208C
:1043C00000F020F92F2000F01DF91F2000F01AF94D
:1043D0001F2000F017F9202000F014F9232000F02E
:1043E00011F9212000F0F8F8BDE81040292000F074
:1043F000F3B80000313233004C0800204C09002093
:10440000000C02400004024008210148FEF7AABD4A
:104410000408002010B5282000F0DEF8142005F074
:10442000F3FD102000F0D8F8BDE81040782005F02A
:10443000EBBD10B5112000F0CFF8782005F0E4FDB9
:10444000292000F0C9F8BDE81040142005F0DCBDBB
:10445000411F5F2909D84FF4967110FB01F06421C8
:10446000B0FBF1F001490968C863704704080020F7
:104470002DE9FF4F81B00446DDF83C9000904FEAF3
:1044800059074FF00008780700D0012000EBD70053
:1044900000FB09FB203AD0B20390029802994844ED
:1044A000401E83B2E019401E82B22046FFF7E4FDB1
:1044B000002553E0B9F10C0F2AD0B9F1100F2ED01E
:1044C000B9F1180F2ED0B9F1200F49D1274903981F
:1044D00001EB8010002610F805A0109800284FF07E
:1044E000010000FA06F000EA0A0022D020B12046BE
:1044F000049A0299FFF714FE641C0098A4B2201AD3
:10450000B84225D10298009C401C80B2029023E062
:104510000398174900EB400001EB8000DAE71549EA
:10452000039803E00398144900EB400001EB0010EE
:10453000D0E708B1049800E00E9800F03DF808F1CB
:104540000100C0B2B0FBF7F1804607FB118050B10B
:10455000761CF6B2082EC0D36D1CADB25D45A9D352
:1045600005B0BDE8F08F4FF00008F5E750D704081C
:104570001CBB040890BF040880C504082DE9FE4F49
:104580009946DDE90D6714468A460546DDF8308018
:104590000CE0CDF800804B4651462846CDE9016736
:1045A000FFF766FF05EB560085B2641C2278002AEF
:1045B000EFD1BDE8FE8F000008B5010A8DF80010AC
:1045C0008DF801000123022269460248FEF774F9C2
:1045D00008BD00004C07002070B5094D06464FF499
:1045E0008054002221462846FDF749FA304600F063
:1045F00009F821462846BDE870400122FDF73FBA80
:104600000008024001B501231A4669460148FEF739
:1046100053F908BD4C07002010B5FEF789FA4FF09A
:10462000E024206920F00200206114494FF000705E
:1046300008600817124909680861FCF76FFEFDF76A
:104640000BFB1048016841F00401016072B600F0F4
:104650001DF830B90C48007818B901210846FDF75B
:1046600001FB62B6BFF36F8FFEF76AF800F0DAFE67
:10467000206940F00200206110BD000004ED00E060
:10468000700A00200070004002000020074810B5AA
:10469000007840B901210648FDF7ECF918B105484A
:1046A0000078002800D0012010BD0000010000208B
:1046B0000000024003000020FEF742B810B5FEF7EC
:1046C00037FA05496FF0010009680861BDE810403C
:1046D0001920FDF763BA0000700A002008B5002019
:1046E0000D4C8DF800004FF47A75002010F0EEFAB2
:1046F000A84205D200231A466946206C1DF0D6F860
:104700001BF014FF052801D2052002E0142800D96F
:1047100014201DF02BF8E8E70400002008B501275D
:10472000DFF87080DFF870A0DFF870B0DFF870900D
:104730001C4C1D4E002500BF94F8350018B300F046
:1047400003F910B184F834701DE094F834000128A6
:1047500017D184F8345000F069FB8168414509D0D5
:1047600000F064FB8168514504D000F05FFB816874
:10477000594506D1012300226946D9F800001DF0F1
:1047800095F884F8345035704FF496701CF0EEFFB5
:10479000D2E70000AC0100208C020020A80300201A
:1047A0004000002054000020020000207CB5144688
:1047B0000D4606466B4606223B21682000F048F86D
:1047C00000280BD1BDF8001049BA3180BDF80210A5
:1047D00049BA2980BDF8041049BA21807CBD3EB594
:1047E0000C46054601AA694602A8FFF7DFFFBDF89F
:1047F000000010FB00F1BDF8040010FB001000EEFB
:10480000100AB8EEC00A01F0DDFBBDF90800F0EEB9
:10481000400A00EE100AB8EEC01A81EE200A01F03C
:1048200021FBB1EE400A84ED000ABDF9000000EE64
:10483000100ABDF90400F8EEC00A00EE100AB8EE46
:10484000C01A80EE810A01F00DFB85ED000A3EBD25
:104850002DE9F04106461D4614460F462048FFF755
:10486000B3F97006010E1E48FFF76AF91C48FFF7FE
:10487000E9F928B11A48FFF7C6F90120BDE8F0812F
:1048800039461748FFF75CF91548FFF7DBF914487C
:10489000FFF79AF9012000EB4600C1B21048FFF77C
:1048A0004FF90F48FFF7CEF90BE00D48012C0FD060
:1048B000FFF706F928700A48FFF729F9641EE4B2E9
:1048C0006D1C002CF1D10648FFF79DF90020D5E7BB
:1048D000FFF7F6F828700248FFF75EF9EEE70000F0
:1048E000A004002048216B2000F004B828216B2090
:1048F000AFF3008070B504460D461248FFF764F927
:10490000D0211048FFF71CF90E48FFF79BF970B94A
:1049100021460C48FFF714F90A48FFF793F9294696
:104920000848FFF70DF90748FFF78CF920B1054853
:10493000FFF769F9012070BD0248FFF764F9002014
:1049400070BD0000A00400201CB501A96846FFF757
:1049500046FF00984FF07C5188420ADC4FF03F42FE
:10496000904206D80198884203DC904201D8012089
:104970001CBD00201CBD00007FB50024154800941C
:10498000019402941249039401604FF48031C0E90C
:1049900001140461047680F820400F49C0E90A142C
:1049A0000125C561C46080F830404561FCF75CFCBE
:1049B00008B1FCF7A5FB0095CDE90154694605480F
:1049C000FCF7A0FB002801D0FCF79AFB7FBD00009C
:1049D00000200140E40600200100000F114808B546
:1049E000016841F4800101600068002200F4800049
:1049F000009005213A20FDF7FDF83A20FDF7ECF88C
:104A0000002205214420FDF7F5F84420FDF7E4F8E5
:104A1000002205214620FDF7EDF8BDE808404620BC
:104A2000FDF7DAB83038024001F02AB90D4808B570
:104A3000016841F004010160016801F00401009186
:104A4000016841F001010160016801F0010100917C
:104A5000016841F002010160006800F0020000906E
:104A600008BD00003038024030B587B014216846D8
:104A7000FBF75AFC2848002426490594C0E9001495
:104A80007F218160FF21C0E9031444618461FDF747
:104A90001FFD08B1FCF734FB1F48FDF777FC1F49E9
:104AA0004FF48000086000211B48FDF765FC45F2CB
:104AB0005005A8422BD011208DF8000059208DF808
:104AC000010055208DF80200039401226946124826
:104AD0000494FDF7B9FD08B1FCF712FB07208DF82F
:104AE000140005208DF8150021208DF816002320D4
:104AF0008DF81700012205A90748FDF759FD08B1F7
:104B0000FCF7FEFA2A4600210348FDF73AFC07B0FD
:104B100030BD0000002800402C070020143C01405C
:104B2000104810B50E4901604FF4827141600021B8
:104B300002228160C0E90312012242615202C0E9EF
:104B400006210162416281620A21C162FDF703FE12
:104B5000002803D0BDE81040FCF7D2BA10BD000019
:104B6000003001404C07002010B58AB000240794A3
:104B70001C2168460894FBF7D7FB164814490160CE
:104B80006321C0E901144FF49671C0E903148461F4
:104B9000FEF7A5F908B1FCF7B3FA079407A90D4889
:104BA0000894FDF7D1FF08B1FCF7AAFA6020CDE91F
:104BB000000402940822694606480494FEF729F985
:104BC00008B1FCF79DFA0348FEF7FAF80AB010BDE9
:104BD00000040040040800200C4810B50A49016098
:104BE0004FF416514160002181600C22C160C0E980
:104BF00004128161C161FEF7E5FB002803D0BDE826
:104C00001040FCF77DBA10BD001001404C09002097
:104C1000FEE7000086B0364C00254FF47A76207807
:104C2000002861D0257033488DF8045001230022FC
:104C300001A900681CF03AFE2F4930A001F0CAF823
:104C400031A12D48FBF782FB78B130A12A48FBF750
:104C50007DFB70B130A12848FBF778FB80B1264876
:104C6000FBF76DFB142829D03AE02DA001F0B2F833
:104C700036E004231A4602212BA001F0ABF82FE006
:104C80002E4F0022391D2E48FDF7F8FB0022394631
:104C90002B48FDF7D1FB2B48408E3883BA787978C2
:104CA00029A001F097F8BB797A7939792AA001F027
:104CB00091F8398B2EA001F08DF811E00295039543
:104CC00002A90D48049500F097FB2D48007838B1F3
:104CD0002CA102A8FBF73AFB10B9074800F000FD31
:104CE00019210548FBF720FB30461CF03FFD96E7F5
:104CF0000000002044000020540A00205265635345
:104D000074723A25730D0A004F5600004F562B5609
:104D1000455253494F4E00004F562B53454E4400C9
:104D20004F4B0D0A0000000056455253494F4E3D6F
:104D30005625642E25642E25640D0A00B80A00202D
:104D40002C07002054000020646174613A2532640D
:104D50002D253032640D0A0074696D653A253032B4
:104D6000643A253032643A253032640D0A0000007E
:104D70005374657020746F6461793A25640D0A007C
:104D8000100100204F562B5354000000FEE7000096
:104D900038B5114C207E002813D020461DF0DFF9D5
:104DA000207E012570B104EB800050F8044C20688F
:104DB00080470095A068002364220068062119F04E
:104DC00001FF38BD054904481DF0D7F904490248E0
:104DD0001DF0D3F9024CEAE7EC0A00207002002033
:104DE0007C02002038B5104C207E00281BD002E049
:104DF0000D481DF0B4F9207E0128F9D8C0B204EBAB
:104E0000800050F8040C0068804701200090207E4C
:104E1000002304EB8000642250F8040C0621806813
:104E2000006819F0CFFE38BDEC0A00200448017E6E
:104E300021B100EB810050F8040C7047002070474E
:104E4000EC0A002038B50E490446087E052815D224
:104E500028B101EB800050F8040C406880472146DF
:104E600007481DF08AF92068804701200090A0685B
:104E7000002364220068062119F0A4FE38BD00005A
:104E8000EC0A0020084910B50020087607490648BA
:104E90001DF073F9054C20688047A0680068BDE8E4
:104EA00010400FF075BF0000EC0A002070020020D7
:104EB000002208210148FCF7E2BD0000000002408A
:104EC000010901EB810100F00F0000EB4100C0B2CD
:104ED0007047002102E00A38C0B2491C0A28FAD201
:104EE000090740EA116070472DE9F0410446006867
:104EF0000025C168490618D4C16841F08001C1602D
:104F0000FCF7C2FD06464FF47A78042707E000BF9D
:104F1000FCF7BAFD801B404501D967770125206861
:104F2000C068400601D4002DF2D02846BDE8F081CB
:104F300070B5044600680025C16821F08001C16099
:104F400020688068800606D42046FDF7DDFB10B19E
:104F5000042060770125284670BD000008B50023B5
:104F600000938DF802208DF801108DF803001423B2
:104F700025F016F98DF80000002269460348FDF778
:104F800017FB002801D0FCF7BBF808BD2C07002058
:104F900070B586B00D460646144614216846FBF7E8
:104FA000C3F98DF800608DF801508DF802400022A1
:104FB00069460448FDF748FB002801D0FCF7A0F83B
:104FC00006B070BD2C0700200148FDF71DBA000097
:104FD0002C0700204289406811B18169114300E02B
:104FE00011048161704710B501890068FCF742FD2A
:104FF000012800D0002010BD10B586B00446142151
:105000006846FBF791F9208900900020019001206B
:1050100002900220039069462068FCF73BFC06B032
:1050200010BD0289006811B18169114300E01104CB
:105030008161704710B586B0044614216846FBF7BD
:1050400073F9208900901120019000200290022025
:10505000039069462068FCF71DFC06B010BD10B532
:10506000806B01684A6822F003024A60416D41F09A
:1050700010014165012180F85110FDF76BFB10BD57
:1050800010B5806BFDF733FD10BD38B50546846B58
:10509000FCF7FAFC024628680068C00523D42068A3
:1050A000416821F0200141602068416821F002013F
:1050B00041606421204600F01BF818B1606D40F09B
:1050C00020006065A068002118B92068C268806867
:1050D0000090E186012084F85100606D18B12046EF
:1050E000FDF738FB38BD2046FDF700FD38BD000058
:1050F000F8B515460E460B460092044601220221E1
:1051000000F02CF8A0B9134813490068B0FBF1F087
:105110004FF47A71484300906068B0F5827F0DD1FA
:105120003346002280212046009500F017F870B128
:10513000606D40F0200060650320F8BD009830B13C
:10514000401E009020688068C0430006F6D500200D
:10515000F8BD00007C04002000366E012DE9F84304
:105160001E46914688460446089DFCF78DFC401B70
:10517000351AFCF789FC074626480068C0F3CB3097
:1051800068430AE0701C09D0FCF77EFCC01BA842F3
:105190000FD275B10098B8B3401E009020688168A6
:1051A00038EA010033D000214945EBD10020BDE8A9
:1051B000F8832068416821F0E00141606068B0F543
:1051C000827F0BD1A068B0F5004F02D0B0F5806FA0
:1051D00004D12068016821F040010160A06AB0F5A7
:1051E000005F09D12068016821F400510160206846
:1051F000016841F400510160012084F85100002051
:1052000084F850000320D2E7FFE70025C6E701211C
:10521000CAE700007C04002008B500200D4C8DF882
:10522000000000231A46694620681CF0E1FA68B9BC
:105230009DF80000012802D0022805D006E0FFF703
:10524000A7FDFFF7F3FD01E0FFF7CCFD0A201CF0FE
:105250008DFAE6E7380000201CB5134D134C4FF4CF
:10526000FA7600231A4601A928681CF0C1FAB8B9D9
:10527000A06A80472077401E632801D9002020774C
:1052800094F8300010B9606C8047608603208DF878
:105290000000074801230022694600681CF006FB55
:1052A00030461CF063FADCE7480000205400002080
:1052B0004C0000201FB50024DFF810B1DFF810818A
:1052C000444F8DF808404FF0010A00BF4FF0FF3304
:1052D000002202A9DBF800001CF08AFA0028F5D1B0
:1052E0003D483E490026048041F205000860062042
:1052F000FCF754FC0820FCF751FC2820FCF74EFC7E
:1053000037480470374804703748FDF7FFFEFEF752
:10531000D1FEFFF77FF8FBF73DFC98F830004546DB
:1053200028B995F8350010B9FFF7DCFA012624F00A
:1053300007FEDFF8B890A8460025FFF76DF998F84A
:10534000301081B998F8350068B1387858B1FFF756
:10535000FBFA30B198F8341029B988F834A0012547
:1053600001E088F83440FFF791F900B90DB1012050
:1053700000E0002089F800403C700028DCD025F0D7
:1053800021FCFFF729FC192216491748FEF7E2F81D
:1053900015480068C16841F01001C1600EB1FFF707
:1053A000A5FAFFF746F8FFF72FF811480078FFF746
:1053B0004FF8FBF7F3FB0F488DF800A00123002204
:1053C000694600681CF072FA80E700004000002087
:1053D000540000200200002050000020143C014036
:1053E00000000020540A00204C0900200100002089
:1053F000A201002048000020002202E08B54521C31
:10540000D2B2835C3D2BF9D1704710B54FF0E0204C
:10541000006925F0DBFA012803D0BDE8104024F034
:105420009BBF10BD30B593B030216846FAF77CFFC2
:1054300014210CA8FAF778FF1D480024016841F0F8
:1054400080510160006800F0805011901948016897
:1054500041F4404101600068102100F44040119087
:105460000A2000900120CDE903010225CDE90505C0
:105470000820CDE907406420CDE9090504200B9000
:105480006846FCF7C3FD08B172B6FEE70F20CDE910
:105490000C054FF48050CDE90E4003210CA8109468
:1054A000FCF7A8FC002801D072B6FEE713B030BDAF
:1054B00040380240007000400448016841F4700127
:1054C00001600249024880390860704788ED00E0B9
:1054D000000001080148FDF7DABB0000700A002057
:1054E000F0B502681F4B204C204D214E4FF0804CF0
:1054F000984207D0604505D0A04203D0A84201D011
:10550000B04203D122F070074A683A43984210D063
:1055100060450ED0A0420CD0A8420AD0B04208D0BC
:10552000144CA04205D0144CA04202D0134CA0420F
:1055300003D122F44074CA6822434C6922F08002ED
:1055400022438C68C4620C688462984201D1096964
:105550000163016841F004010160012141610260C1
:10556000F0BD0000000001400004004000080040C1
:10557000000C004000400140004401400048014050
:1055800010B501F01F030121046A99408C430462A5
:10559000016A9A401143016210BD000030B5036AF0
:1055A000026A22F0010202624268846924F07305F3
:1055B0000C682C4323F002058B682B430A4DA8424C
:1055C0000BD123F00805CB6822F440722B434D69C0
:1055D00023F0040315438A692A43426084614968C1
:1055E0004163036230BD00000000014030B5026A33
:1055F000036A23F010030362436884690D6824F48E
:10560000E64444EA05248D6822F0200242EA0512AD
:105610000B4DA8420ED1CD6822F0800242EA05125D
:105620004D6923F4406343EA85038D6922F040020B
:1056300043EA85034360846149688163026230BD47
:105640000000014030B5036A026A22F480720262EF
:105650004268C46923F4007324F073050C682C437A
:105660008D6843EA05230C4DA8420ED1CD6823F482
:10567000006343EA05234D6922F4405242EA0512D1
:105680008D6923F4806342EA05124260C46149686F
:10569000C163036230BD00000000014030B5046A00
:1056A000026A22F4805202624268C3690D6823F4E0
:1056B000E64343EA05238D6824F4005444EA0534A4
:1056C000064DA84204D14D6922F4804242EA851277
:1056D0004260C36149680164046230BD000001405A
:1056E0002DE9F041017A427A303901EB81016FF006
:1056F0002F0505EB4101344C114411F0FF03E37019
:10570000817AC27AA1F1300101EB810105EB4101FF
:105710001144C9B26170027B467BA2F1300202EBF8
:10572000820205EB42023244D2B2A270867BC77B72
:10573000A6F1300606EB860605EB46063E44F6B2B9
:105740002671077C90F811C0A7F1300707EB870797
:1057500005EB47076744FFB2677190F813C0807C80
:10576000A0F1300000EB800005EB40006044C0B2C7
:10577000A07126D0632B24D219B30C2921D8134D44
:1057800002294D5D03D15FEA837C00D11D25C2B1A2
:10579000AA4216D8172E14D83B2F12D83B2810D85F
:1057A0001846FFF7DBFBA27961792079FFF7F0FB60
:1057B0000220FBF7BBFB06A000F00CFB0020BDE8BD
:1057C000F0810120FBE70000D40A00209BAF030812
:1057D00054494D455345544F4B0D0A0010B51DF02B
:1057E00071FA002805D0D0E90021BDE81040084634
:1057F000104710BD10B5806B0021C185FDF7A1FCDD
:1058000010BD70B5846B2068406994F84110C0F3F6
:10581000C0100025212904D118B1E584204600F0EC
:105820008EF82068406994F84210C0F38010222955
:1058300004D118B1E585204600F05AF8606C40F0BC
:10584000100060642046FDF77CFC70BD10B5014679
:10585000806B096809684FF00002C9052ED4C28523
:1058600001680C3151E8003F23F4807341E80034B3
:10587000002CF5D10168143151E8003F23F00103F9
:1058800041E80034002CF5D10168143151E8003FA3
:1058900023F0400341E80034002CF5D1202180F8AA
:1058A0004210016B012909D101680C3151E8003F18
:1058B00023F0100341E80034002CF5D14263016B62
:1058C000012902D0FDF754FE10BD818DFDF7E5FBE7
:1058D00010BD10B5806B01214163016B012902D01D
:1058E000FDF747FE10BD818D4908FDF7D6FB10BDC1
:1058F00001680C3151E8002F22F4907241E8002336
:10590000002BF5D10168143151E8002F22F001027B
:1059100041E80023002BF5D1016B012909D1016871
:105920000C3151E8002F22F0100241E80023002B37
:10593000F5D1202180F842100021016370470168F1
:105940000C3151E8002F22F0C00241E80023002B67
:10595000F5D1202180F84110704708B590F8421029
:10596000222901D0022008BD82684FF480539A4258
:1059700001D1016921B1816A9A421BD04AB10AE082
:105980000268816A5268C2F308020A80816A891C2F
:1059900008E0026972B10268526802F07F020A7080
:1059A000816A491C8162C18D491E0904090CC185A7
:1059B00003D01BE002685268F1E70168CA6822F070
:1059C0002002CA600168CA6822F48072CA60016855
:1059D0004A6922F001024A61202180F84210002128
:1059E0004163026B012A03D0FDF7C2FD002008BD10
:1059F000016301680C3151E8002F22F0100241E8E8
:105A00000023002BF5D101680A68D20602D50A6886
:105A100049680091818DFDF740FBE7E770B50446CA
:105A200000680169E26821F4405111430161216974
:105A3000A068E26908436169114308432168CA68A4
:105A400049F20C639A430243CA6020684169A26923
:105A500021F440711143416131492068884202D0EC
:105A60003049884202D1FCF78FFA01E0FCF77CFA5A
:105A7000E2690023192164253226B2F5004F6268DD
:105A800028D0A0FB0101930F9200FAF703FC014616
:105A9000B0FBF5F06FF01802504301EB800006EB0D
:105AA0000010B0FBF5F000F0F002B1FBF5F002EBF6
:105AB0000012B1FBF5F06FF01803584301EB8000C2
:105AC00006EB0010B0FBF5F000F00F002168104469
:105AD000886070BDA0FB010192185B41FAF7DAFB08
:105AE0000146B0FBF5F00201B1FBF5F06FF01803D1
:105AF000584301EB800006EBC000B0FBF5F000F06E
:105B0000F80002EB4002B1FBF5F0584301EB8000D6
:105B100006EBC000B0FBF5F000F00700D6E7000090
:105B2000001001400014014038B5816204468285AE
:105B3000002013466064222284F84220E56B1F4A4D
:105B4000EA63E56B1E4A2A64E56B1E4AEA64E26B6F
:105B500010650A462168E06B091DFBF7ADFD30B109
:105B600010206064202084F84200012038BD2068A5
:105B7000016840680090206948B120680C3050E806
:105B8000001F41F4807140E80012002AF5D120681E
:105B9000143050E8001F41F0010140E80012002AD3
:105BA000F5D12068143050E8001F41F0400140E872
:105BB0000012002AF5D1002038BD00004D58010820
:105BC000D3580108035801082DE9F84398461746B1
:105BD0000D460446089E24E0701C22D0FBF754FFBB
:105BE000A0EB0800B0421AD8CEB12068C1684907BE
:105BF00017D5802D15D0402D13D00168C943090752
:105C00000FD401680025406800902046FFF770FE21
:105C10000820606484F840500120BDE8F883032028
:105C2000FBE72068006835EA000004D00020B84295
:105C3000D2D00020F1E70120F9E700000C4810B5B0
:105C400000680168C943C9060DD40A4A01211170D0
:105C50006FF0100101600648FDF720FA192206498D
:105C60000348FDF777FCBDE810400148FDF76ABA2C
:105C70004C09002000000020540A0020FEE700002C
:105C800038B500231A46012142481BF089FE424CD8
:105C9000642120601BF0C0FE0121002208461BF099
:105CA000D9FD01216063002208461BF0D3FD0121CC
:105CB000A063002208461BF0CDFD0121E063002215
:105CC00008461BF0C7FD01212064002208461BF096
:105CD000C1FD60640022012104201BF0BBFDA06413
:105CE0002E4A00212E481BF015FE2C4A60602432FB
:105CF00000212C481BF00EFE284AA06048320021EB
:105D000029481BF007FE254AE0606C320021274835
:105D10001BF000FE214A20619032002124481BF034
:105D2000F9FD1E4A6061B432002122481BF0F2FDE9
:105D30001A4AA061D83200211F481BF0EBFD174A18
:105D4000E061FC3200211D481BF0E4FD20621C4A8A
:105D500000211C481BF0DEFD194A6062243200213C
:105D600019481BF0D7FD164AA06248320021174897
:105D70001BF0D0FD124AE0626C32002114481BF087
:105D8000C9FD2063012300226946606C1BF08EFD73
:105D900038BD00009D3E010804000020ECAD030862
:105DA000F9360108DD460108413E0108B5520108F7
:105DB000613F01081952010859520108A10B01085D
:105DC0000CAF0308154C01081D470108750D0108AB
:105DD0001D1B03080FB4054B10B503A9044A029814
:105DE00001F05AFF10BC5DF814FB0000E503020847
:105DF000DC0600200FB4084B10B504A902AA0398D2
:105E000001F04AFF044602A9002002F0C8FA204629
:105E100010BC5DF814FB00009F83010841000802DC
:105E200018BF04200A0E18BF40F001004FF07F4257
:105E300032EA010108BF40F00200012808BF052036
:105E400070470907090E002804DB00F1E02080F804
:105E50000014704700F00F0000F1E02080F8141DDE
:105E60007047000010B54FF00E412DED028BB0EEE3
:105E7000408A18EE100A01EB4001B1F1145F5CD2C8
:105E80004FF0FE41B1EB400F24BF9FED400AF0EE12
:105E9000400A12D210F0004F19BFDFED3D0A9FED0E
:105EA0003D0ADFED3D0A9FED3D0AFFEE001A81EE4F
:105EB000881AB0EE418A18EE100A4FF0FC41B1EB9F
:105EC000400F1BD210F0004FDFED351A9FED352A41
:105ED0001DBFBEEE001A70EEE10A30EE420AB6EEC9
:105EE000001A04BF70EEA10A30EE020A38EE412A11
:105EF000F7EE001A48EE011A82EE218ADFED2A1A27
:105F00009FED2A2A28EE081A01EE212ADFED281A31
:105F100041EE021A9FED272A01EE212ADFED261A13
:105F200041EE021A28EE011A01EE210A30EE080AAB
:105F3000BDEC028B30EE200A10BD4FF0E441B1EB16
:105F4000400F0CD918EE100AFFF768FF042808BFAD
:105F500000F058F8B0EE480ABDEC028B10BD4FF0CF
:105F60007F41B1EB400F07D2B0EE480ABDEC028B87
:105F7000BDE8104000F043B810F0004F14BF9FED93
:105F80000F0A9FED0F0ABDEC028B10BD0000000050
:105F90000000C9BF22AAFDB90000C93F22AAFD39ED
:105FA0000060ED3EC30ACE372DAD65BD8FB8D53D3F
:105FB0000FB511BE61C84C3EA8AAAABEDB0FC9BF6F
:105FC000DB0FC93F10B52DED028BB1EEC08A18EE84
:105FD000100A20F00040C0F1FF40C00F0AD010EEC0
:105FE000100A20F00040C0F1FF40C00F04BF0120A4
:105FF00000F020F8B0EE480ABDEC028B10BD30EE88
:10600000000A70479FED020A20EE000A7047000068
:106010000000001002E008C8121F08C1002AFAD1CF
:1060200070477047002001E001C1121F002AFBD118
:10603000704700000149086070470000E00600203A
:1060400070B5044600256FF02F0608E02068411C5B
:106050002160007805EB850106EB410145182068B9
:10606000007800F0C7F80028F0D1284670BD000085
:106070002DE9FF5F82B00021DDE90430020DDDF87B
:1060800040B0034318D044F61050A2F2FF3242430E
:106090001514119801281FD0A5EB0B00401C5FEAD6
:1060A000000A4FF000064E4FDFF83891B0465046D8
:1060B00015D5CAF1000413E0119801244AA3012860
:1060C00001D16FEA0B010298119AC0E90031C0E9D1
:1060D000024206B0BDE8F09FCBF10000DFE70446C6
:1060E0000021404A491842EB0450CDE9001012E06B
:1060F000E00707D032463B4640464946FAF7F1F9F9
:106100008046894632463B4610461946FAF7E9F979
:1061100006460F466410002CEAD1DDE90401DDE9F2
:106120000023BAF1000F06DAFAF7DBF942464B46D4
:10613000FAF7D7F905E0FAF746FA42464B46FAF77E
:1061400042FA04460E460022284BFAF767FB03D8B2
:106150004FF0FF30014607E00022254B2046314634
:10616000FAF718F9FAF742FB102409E0002C0ADBD1
:106170000A220023FAF78EF8039B30321A55641E68
:1061800050EA0102F2D1641C039AC4F111031444D1
:10619000119A012A03D0012208430DD10AE00843D5
:1061A00004D000204FF0110B119072E7A3EB0B0508
:1061B0006D1E0DE05B4504DD4FF0000205F10105A9
:1061C00004E003DA4FF00002A5F10105002AECD04B
:1061D00002981199C0E90231C0E9004579E7000051
:1061E000000014400000F03F300000000000F043C9
:1061F0000000E03F3038092801D801207047002016
:106200007047000010B54021074801F081F80022D6
:106210000A2106481AF058F9054CA06002F0BCFBB0
:106220000020207010BD0000B8580020418A0108ED
:106230003806002070B5B1F90030B2F90040A34231
:1062400000DC23460380B1F90250B2F90240A542B6
:1062500000DD2C464480B1F90460B2F90450AE422E
:1062600000DA35468580B1F90610B2F90620914270
:1062700000DB1146C1800120AB4201DC8C4200DD15
:10628000002070BDF8B50D460446B0F90000B1F924
:1062900000101646884247DBB4F90210B5F9022017
:1062A000914241DBB4F90410B5F9042091423BDC82
:1062B000B4F90610B5F90620914235DC96B3ADF875
:1062C00000006088ADF8020032466946284600F0BA
:1062D00099F8002827D0A088ADF800006088ADF8B4
:1062E000020032466946284600F08CF800281AD091
:1062F0002088ADF80000E088ADF80200324669461B
:10630000284600F07FF800280DD0A088ADF80000E6
:10631000E088ADF8020032466946284600F072F87F
:10632000002800D00120F8BD0020F8BDB0F9002001
:10633000B1F904309A4213DCB0F90420B1F900300D
:106340009A420DDBB0F90220B1F906309A4207DC1F
:10635000B0F90600B1F90210884201DB0120704754
:1063600000207047F8B50D460446B0F90400B1F9B5
:1063700000101646884243DBB4F90600B5F9021056
:1063800088423DDBB4F90000B5F90410884237DCDF
:10639000B4F90210B5F90620914231DC76B3ADF8BC
:1063A00000006088ADF8020032466946284600F0D9
:1063B00029F818BBA088ADF800006088ADF802008D
:1063C00032466946284600F01DF8B8B92088ADF875
:1063D0000000E088ADF8020032466946284600F029
:1063E00011F858B9A088ADF80000E088ADF80200B7
:1063F00032466946284600F005F808B10020F8BD8D
:106400000120F8BD2DE9FC4114460E46B1F90020EB
:10641000B0F9001005468A423ADBB5F90400824221
:1064200036DCB6F90270B5F90220974230DBB5F9D7
:1064300006309F422CDC002C75DD401A9A1A401C55
:10644000521C00B212B200EBD07002EBD2724010BC
:106450005210904200DB1046844200DD0446ADF845
:106460000010288800222044ADF804006888ADF8A8
:106470000200688831462044ADF806006846FFF700
:10648000C1FF40B1BDF804002044ADF804003FE076
:106490000020BDE8FC81E8880022001BADF8020066
:1064A000E888ADF8060031466846FFF7ABFF28B133
:1064B000BDF804002044ADF8040011E0A8880022D3
:1064C000001BADF80000A888ADF80400314668460E
:1064D000FFF798FF50B1BDF80000001BADF80000B9
:1064E000BDF80200001BADF8020016E06888ADF8A8
:1064F0000200688800222044ADF806003146684654
:10650000FFF780FF70B1BDF80000001BADF8000080
:10651000BDF806002044ADF806003146684617F085
:106520004BFEB6E7FFE70120B3E710B5B1F9004035
:10653000B2F900309C4200DA23460380B1F90240F0
:10654000B2F902309C4200DA23464380B1F904409C
:10655000B2F904309C4200DD23468380B1F9061075
:10656000B2F90620914200DC1146C18010BD000046
:10657000FEB5074619F0A6FF0025354C06460095E6
:1065800037B1F868606038461AF06CF8606802E06D
:106590000EF06EFB6060006917F0AAFD606840694C
:1065A00008B117F0A5FD6068C06917F0A1FD60682B
:1065B000006A17F09DFD60680169E1B318F022F8E8
:1065C00017F09EFF6068B0F8501199B30168097C1C
:1065D000890715D50EF0C6FB401E07B260680EF0A5
:1065E0005FFB401E03B20022114601A800970DF088
:1065F000A4F8606801A90268926B516004F03EFD46
:1066000060684FF48071303013F022FE6068202102
:1066100000F5987013F01CFE6068A0F850513046E9
:1066200019F04AFF009060680068436A13B122685D
:106630000099984700E007E013F04CFC00F036F8B2
:10664000BDE8FE4000F006B8A0F85051FEBD0000C5
:106650007005002070B50A4D002400BFC4EBC406CD
:1066600055F8260008B113F0A9FC05EB86001C21A3
:1066700013F0EEFD641CE4B2042CEFD370BD0000F7
:1066800094590020084949680AE04A68824202D0C9
:106690000A68824203D10A7E42F001020A76496901
:1066A0000029F2D170470000440500207047000027
:1066B0000421014800F02CBEAC5800201C210148E8
:1066C00000F026BEC45800202DE9FF5F0446DDE936
:1066D0000E0613B9B0F5807F7ED0B6F900504FF0AA
:1066E000FF376D42454307EB25252DB22580B6F9CE
:1066F00002C0CCF1000C0CFB00FC07EB2C273FB2D6
:106700006780B6F900C0A1EB0C0141434FF0020CC9
:106710000CEB212109B2A180B6F90280A2EB08029C
:1067200042430CEB222000B2E080002B7ED04FF0E1
:106730000A0A93FBFAF5684200EB800003EB40077E
:1067400005F1010928B21AF0C9F800900FFA89F092
:106750001AF0C4F883465A3528B21AF0BFF88046BA
:1067600009F15A0000B21AF0B9F80146009AC7F1CF
:106770000A0000FB02F300FB08F00BFB073301FBF0
:10678000070193FBFAF291FBFAF04FEA601AB4F9B1
:106790000010B4F902000AFB01FCCDF80CC0551141
:1067A000378805FB10C207EBA2220FFA82F905FB1E
:1067B00001F2BB46029277880AFB002107EBA12178
:1067C0000BB2B4F90410BE460AFB01FC05FB10C273
:1067D0000BEBA22216B200E02FE005FB01F7CDE99A
:1067E000007CB4F90680DDF80CC00AFB007005FBE4
:1067F00018C1DDF804C0009F05FB18C5029A0AFB0A
:10680000087C0AFB08220BEBA1210EEBAC270EEB58
:10681000A02009B20EEBA2220BEBA5250FFA87FCF4
:1068200000B212B22DB24F46494500E00EE000DA48
:106830000F46B54216DAA84615E000202080491E12
:106840006080A180521EE280BDE8FF9F32882A440A
:10685000228072883A44628032881144A180718813
:1068600008444FE0B046474504DA4F46494506DA4A
:106870000F4604E0B54201DA2F4600E03746278094
:106880004F46494500DD0F46B54201DDA84600E010
:10689000B046474503DD4D46494505DC01E0B542BC
:1068A00001DD294600E03146A1809A4201DA154611
:1068B00000E01D46844501DA614600E001468D4254
:1068C00005DA9A4201DA114606E0194604E08445E9
:1068D00001DA614600E0014661809A4201DD11461D
:1068E00000E01946844501DD654600E00546A94201
:1068F00005DD9A4201DD104604E0184602E08445B9
:1069000000DD6046E0809FE72DE9FE4F0446D0F8A9
:1069100000B0B0F90800E589081AB4F90A10511A54
:10692000D4E90932B5F5807F38D0A589ADB3A66B1F
:10693000704345114E437011266BE16A06FB05F763
:1069400001FB1077694306FB001003EBA72902EB5C
:10695000A02080460612B4F904004FEA2927B84265
:106960004EDD002F4CDBB4F90610B14248DD002E9D
:1069700046DB94F834104A0745D58A0704F114031E
:1069800022D400FB067045004FF0020A0BEB050114
:106990005246184613F012FC27E00DE0256BE66A1C
:1069A00005FB00F706FB1177464305FB016003EB8F
:1069B000A70902EBA000CCE7A56B68434D4303EBAE
:1069C000601902EB6510C4E700FB067000EB4005A0
:1069D0004FF0030A0BEB05010222184613F0EEFB01
:1069E000E81C584410F8010CA07594F83400C00756
:1069F0001FD04FF4FC60ADF80000A18A814218D18D
:106A00000020BDE8FE8F32B204F118002369CDE901
:106A10000102002539B2AA468B4611F0D1FC009044
:106A2000BDF80000A082DDE90102594611F060FCCA
:106A3000DAE7E07C78B1A4F83C90A4F83E80A4F8B2
:106A40004070A4F84260656484F848A02046BDE820
:106A5000FE4F00F002B80120D3E72DE9F04F0446C5
:106A600090F83C10D0F8009090F83E0087B04FF0BE
:106A7000FF36702907DAB4F940203546012A00D5DF
:106A8000002580310DE0902916DDB4F94020B4F9DD
:106A900004300125521C9A4200DB0025A1F27F112F
:106AA0004942C9B28846702809DAB4F9421001296E
:106AB00000D50026803010E00025FF21F2E7902865
:106AC0000DDDB4F94210B4F906200126491C9142AB
:106AD00000DB0026A0F27F104042C7B201E0002692
:106AE000FF2760690090A07D0590002083468246C4
:106AF000049094F83400400744D594F84810606C32
:106B000011FB05014944022201A813F057FBA0889C
:106B100094F8481010FB01F0616C022206FB001192
:106B2000494403A813F04AFBA18894F8480011FBDC
:106B300000F1626C06FB012210FB05901118022285
:106B400002A813F03BFB94F83400800761D594F859
:106B50004800626C10FB052300EB09010B4413F89D
:106B6000013C0493A38813FB00F306FB03221144AA
:106B700011F801BC10FB0500111801EB090010F819
:106B8000010C45E0B4F84000B4F94220284401B2B9
:106B900004F118008146236911F012FC0190B4F849
:106BA0004200B4F94010304402B254F8103F484655
:106BB00011F006FC0390608E2368304402B2208EF0
:106BC000284401B2484611F0FBFB029094F82400DF
:106BD000103C80071DD5B4F9422034F8400F2844FA
:106BE00001B2484611F084FB04906088B4F90010AB
:106BF000304402B2484611F07BFB83466088304443
:106C000002B234F84009284401B2484611F070FB42
:106C1000824694F8340042464546800735D50598AB
:106C200010FB08F30499C8F1FF0011FB0031C1F318
:106C300007211BFB08F61AFB0060C0F3072011FBBD
:106C400007F3C7F1FF0610FB06331B0AA3750229E1
:106C500007D8022803D8002007B0BDE8F08F00272E
:106C600002E0022800D8FF270598022800D8002259
:106C70000498022800D8FF22BBF1020F00D800259B
:106C8000BAF1020F03D8FF2501E0FF20A075EAB199
:106C9000FF2A04D0DDE900010DF04CFE0090BDB1EB
:106CA000FF2D17D0DDE902102A460DF043FE0490B7
:106CB00097B1FF2F05D001463A4600980DF03AFEF5
:106CC0000090BDF80000A0820120C5E70198E5E72B
:106CD0000298ECE70398EAE7BDF81000F3E700003C
:106CE0002DE9F0470446B0F908000A270002606267
:106CF000B4F90A000002A062B4F90C1091FBF7F598
:106D0000684200EB800001EB4006684205F1010893
:106D100000B219F0E3FD8246E84300B219F0DEFD4F
:106D20008146C5F15A0000B219F0D8FD0546C8F1F8
:106D30005A0000B219F0D2FDC6F10A0101FB0AF3B4
:106D4000024609FB0630694390FBF7F002FB06118F
:106D500091FBF7F14011E06248112063A07C11F033
:106D6000DCFB94F8341060F3000184F83410A07C4C
:106D700011F0C3FB94F8341060F3410184F834102F
:106D8000A07C042824D0052822D0062820D021F079
:106D9000040100BF84F8341021682162A16921F048
:106DA000E00160F30401A08860F39421E08860F3BF
:106DB0005F51A161E0894FF4001101EB5001B1FB7B
:106DC000F0F0A063FF20A075208AA082BDE8F087C4
:106DD00041F00401DEE700002DE9F04115460E46C2
:106DE0000746114C19F06EFB80462B463246394659
:106DF000204611F0D7FE20B10020A062E06950B11A
:106E000010E02C21204613F023FA4FF00040A0623E
:106E10000020BDE8F081404619F04EFBE06108B962
:106E20000120E0612046F4E7E858002010B5142165
:106E3000074800F06DFA11F07BFE40B10549016092
:106E400005494160054981600549C16010BDFEE703
:106E5000D05800205D850208D9880208518A0208AE
:106E60002B85020870B50D4604461021284613F004
:106E7000EFF920680078012804D0022807D0042800
:106E800007D008E0208A2880608A688003E0E068F4
:106E900000E00A20686020684268002A03D0294682
:106EA000BDE87040104770BDFEB5866A0446BEB9A5
:106EB000A08A218A0844A082E08A618A0844E0828C
:106EC000204608F06AFD060079D020460BF086F8CF
:106ED00000220921304610F04DFD607880076ED405
:106EE000208A10B9608A002869D00025ADF80450C6
:106EF000ADF8085094F83C0000F00F00032830462D
:106F000016D014F0F7FC0746304614F0CDFB0346CC
:106F10000C200090B4F912103A46304608F030F9CF
:106F2000ADF80800304614F011FCC10712D017E08C
:106F300014F074FC0746304614F010FC024603209F
:106F40000090B4F910103B46304608F019F9ADF83E
:106F50000400E7E7BDF90410002901DDADF8045095
:106F6000810705D4BDF90410002901DAADF80450F9
:106F7000410705D4BDF90810002901DDADF808501E
:106F8000000705D4BDF90800002801DAADF8085063
:106F900002AA01A920461CF046FC0023BDF90820E6
:106FA000BDF90410304616F0E3FBA08ABDF80410CA
:106FB0000844A082E08ABDF808100844E082FEBDC3
:106FC0002DE9FC5F0446806A5FEA000B71D094F8FB
:106FD0003C0000076DD011F09FFE01900068402139
:106FE000457E584615F069FB4FF0000818B9A4F823
:106FF0001A80A4F81880584614F06EFC8246584651
:1070000014F071FC064694F83C004FF0640900F05F
:107010000F000C2802D003284CD09AE0A4F8188066
:1070200056B1B4F91A50002711F076FE00684946AF
:10703000407EC0F1640022E0608BC5F1640110FB6A
:1070400001F191FBF9F06083584614F02DFB0546E1
:10705000584614F04FFC02460C200090B4F91A1068
:107060002B46584608F08CF86083024600231EE049
:107070007A1917B210FB05F292FBF1F215B2002D4E
:10708000F6D1ADF80070A4F81A806A4600212046B7
:107090001CF0C9FB41F6FF72BDF900305142584661
:1070A00008F0E0FDBDF800100123084402B2002101
:1070B0004CE09AE0A4F81A80BAF1000F0AD0B4F9B3
:1070C0001850002711F028FE00684946407EC0F1A4
:1070D000640022E0208BC5F1640110FB01F191FBFB
:1070E000F9F02083584614F039FB0546584614F051
:1070F00095FB034603200090B4F918102A46584621
:1071000008F03EF82083014600231EE07A1917B2EA
:1071100010FB05F292FBF1F215B2002DF6D1ADF89D
:107120000070A4F818800022694620461CF07BFB02
:1071300041F6FF72BDF900305142584608F00AFD91
:10714000BDF800100123084401B20022584616F091
:107150000FFB208B002848D1608B002845D1C6B991
:10716000584614F0C7FB0546584614F09DFA002D0A
:1071700006DC00280DDD002D02DA01232A4604E09A
:10718000002806DA0123404202B20021584616F0D8
:10719000EFFABAF1000F19D1584614F0DFFA05469C
:1071A000584614F03BFB002D07DC00280EDD002DB7
:1071B00003DA01230022294605E0002806DA01232C
:1071C0000022404201B2584616F0D2FA0A2158462F
:1071D000019A10F0CFFB6078800706D414F83C0FBA
:1071E00020F00F00207044F8148CBDE8FC9F0000D4
:1071F0007FB50E46040003D10DF03AFD040023D004
:107200000025FEB1ADF80050ADF802500DF048FD7C
:10721000401EADF8040020460DF0A4FD401EADF860
:1072200006006A46314602A8FFF704F800280BD092
:107230002068017C890708D5DDE90001C4E90C015B
:1072400001202AE0A0F850517FBD82690AB102A94D
:10725000904700260BE000BF04EBC601002202A805
:107260003031FFF70FF80028EED1761CB6B2B4F833
:107270005001B042F0D880B2202804D204EBC00004
:1072800002A9303004E0A4F8505104F130006946FE
:107290000CF0B3F9B4F85001401CA4F85001606838
:1072A0000028D1D019F0EAF97FBD70B5054600F08D
:1072B00012F804460CE02146284600F01EF8064667
:1072C0002146284600F071F8204612F077FE344639
:1072D000002CF0D170BD002800D04068704700B588
:1072E00003460022FFF7F7FF03E01846521C00F0A8
:1072F00004F80100F9D1104600BD0068091D40588E
:107300007047006840587047002800D08068704778
:1073100000224260C91C21F00301826001607047B5
:1073200070B504460068083012F0BEFD050013D0A9
:107330000146002220461AF079F929462046626863
:107340001AF06EF9616819B12A4620461AF06EF9F2
:107350006560A06800B9A560284670BD70B5044698
:107360000068083012F0A0FD050013D0014600228D
:1073700020461AF055F929462046A2681AF056F917
:10738000A16819B12A4620461AF04AF9A56060683A
:1073900000B96560284670BD28B1416809B98068A8
:1073A00008B1002070470120704770B504000DD06F
:1073B000FFF791FF00228842204608D1FFF79DFF8A
:1073C0006060011E01D000221EE0A26070BDFFF7C8
:1073D0009BFF8842206808440AD10168A16029B156
:1073E0002046BDE8704000221AF01AB9626070BDF4
:1073F00005682046FFF781FF0646024629462046DB
:107400001AF00EF92A4631462046BDE870401AF0BF
:107410000DB910B50446006882680AB1214690474C
:1074200020680068002801D02060F5E710BD806862
:10743000002801D0B0F91600704700002DE9F04790
:10744000074690B0408C189E40F004007884904627
:107450003A8499468A463289384614F0DDFF05465B
:10746000A7F8209032895146384614F0D5FF0446DB
:10747000788CA54220F00400788403D12904B1EB74
:10748000044F68D0A7F8208032895146384614F05E
:10749000C3FF05468046A7F820905146384609F0BC
:1074A000A1FD318900682A4618F066F93089602804
:1074B00023D147F6FF794D4501D04C451DD13846C3
:1074C00015F0CEF800EBD0704510384615F0C8F82E
:1074D00000EBD0704010C84506D1691C431C99428E
:1074E00000DA00E0194688464C4506D1691C421C6A
:1074F000914201DA6C1C00E014461948FFF710FFB6
:1075000005002BD02F60C5E903843089A880684628
:10751000C5F808A00BF066FB1248FF21CDE900502A
:10752000114802901148039000200790CDE908010E
:1075300030880A9070889DF83E1040420B90F068A9
:107540000690002060F300018DF83E103069059030
:1075500068460BF0BBFB10B0BDE8F087FEE700000B
:10756000DC580020B5510308A1530308FD5203085D
:1075700014210148FFF7CCBEDC5800202DE9FC5F48
:10758000002592468B4606462C46042743F60F08F4
:1075900043F60E0901E100BFF06807EBC401405853
:1075A00081017CD480B230EA0B0113D05FF000017E
:1075B00030EA0A0010D00020814270D0F06801AAA1
:1075C00041F6100150F83400009017F0DFFE00285B
:1075D00066D103E00121EBE70120EDE701AA41F6C6
:1075E0001101009817F0D2FE002873D101AA41F6CC
:1075F0001201009817F0CAFE00286BD101AA41F6CB
:107600001301009817F0C2FE002863D101AA41F6C9
:107610001501009817F0BAFE00285BD101AA41F6C7
:107620001401009817F0B2FED0BB01AA41F2690123
:10763000009817F0ABFE98BB01AA43F20C0100982A
:1076400017F0A4FE60BB01AA43F20D01009817F0E9
:107650009DFE28BB01AA41F20101009817F096FE99
:10766000F0B901AA41F20401009817F08FFEB8B9F1
:1076700001AA41F20201009817F088FE80B901AA20
:1076800041F20301009817F081FE48B901AA41F2C6
:107690000501009817F07AFE10B901AA01E07BE01D
:1076A00018E041F20601009817F070FE90B901AAA7
:1076B00041F23201009817F069FE58B901AA41461B
:1076C000009817F063FE28B901AA4946009817F000
:1076D0005DFE10B10320BDE8FC9F01AA40F60A013F
:1076E000009817F053FEE8BB01AA40F60B01009882
:1076F00017F04CFEB0BB01AA4146009817F046FEB9
:1077000080BB01AA4946009817F040FE50BB01AA71
:1077100040F63C01009817F039FE18BB01AA40F66C
:107720003D01009817F032FEE0B901AA40F63A0197
:10773000009817F02BFEA8B901AA4FF40461009835
:1077400017F024FE70B901AA40F64501009817F021
:107750001DFE38B901AA40F64101009817F016FE47
:1077600000B900E014E001AA40F64201009817F0C9
:107770000DFE68B901AA40F64301009817F006FE15
:1077800030B901AA40F64901009817F0FFFD08B191
:10779000022501E005B90125641C708CC0F3C50009
:1077A000A0423FF6F9AE284695E700000148406840
:1077B00070470000700500207047C0F304100728D0
:1077C00000D907207047000010B518210348FFF7C3
:1077D0009FFD03490120087010BD0000885800205B
:1077E000640600202DE9F04190460C46050015D0B6
:1077F000F8F7A5FD0A4F06462146BA682846904785
:107800000446BA682819414690470146701A03E0B9
:107810006218AA5C2A55641CA042F9D2BDE8F08126
:10782000780600202DE9F041094D90460E466A6821
:107830001C46074619469047306020B120686A68A8
:10784000384400219047C8F80000BDE8F0810000EE
:10785000780600202DE9F04F87B08A46DDE9105800
:107860001F4693460446002105B129805CB120786B
:10787000002809D0BAF1000F05D0002618F0060F35
:1078800015D0002004E0002007B0BDE8F08F401CB8
:10789000215C0A2904D00D2902D00029F7D100E08B
:1078A000401C002DF0D04FF0FF312980ECE75FEA5B
:1078B000887001D541F6FF77894608468DF8141087
:1078C000049127E00498CDF8189068B34FF0000CAD
:1078D00005AA06ABCDF80CC0CDF80080CDE9013289
:1078E00020443B465A46514619F022F806997A1A26
:1078F000314417B20EB288B1049901440491207842
:107900000A280BD00D2809D0605C0A280FD00D285A
:107910000DD00846205C08B1002FD3DC049848B194
:1079200005B12E800498AFE74FF0010CD0E7481C5A
:107930000490F3E7064A04A9204652689047002DB8
:10794000F0D001460022504610F0EFF806B2E8E70A
:10795000780600202DE9F0411746884606001ED023
:10796000002F1CD0F8F7EBFC04463846F8F7E7FC8C
:10797000050014D00B4A2C4441469268304690478B
:10798000411903E0621BB25C3255641EA142F9D971
:1079900030442A463946BDE8F04112F01BBCBDE830
:1079A000F08100007806002000230278232902D00D
:1079B000012A0DD00FE02AB10021012A04D0022AA9
:1079C00004D008E0012101E0017004E0017001E051
:1079D000202902D00123184670470221F6E72DE93D
:1079E000F0410E468046024600213346084619F013
:1079F000DBF904460027401C12F056FA050008D0B7
:107A00002F5533464246611C19F0CEF92846BDE891
:107A1000F081FEE72DE9F0471E4614460D468246EA
:107A2000DDF8209015E000BF4FEA540808FB065728
:107A3000394650464A469047002808DD44F3000086
:107A4000C0EB540407EB0605A4F1010401E005DADC
:107A50004446002CE8D12046BDE8F0873846FBE7D5
:107A60002DE9FC5F9B460CAB8A468146DDE911603F
:107A700093E81210DDE90F575FEA80784FF030038A
:107A80001AD45EB15FEAC07808D000F00C0858EA5A
:107A90000C0803D0761E01E00B55641CBC4204D2D6
:107AA000202CF9D301E00B55641C5FEAC07803D0A9
:107AB000B44201D2202CF6D35FEAC06825D55FEA34
:107AC00040580AD44CB1BC4201D0B44205D1641E26
:107AD00003D0102D03D1641E04E0102D02D0022D1E
:107AE0000AD00EE0850603D4202C1ED2782506E0AD
:107AF000202C1AD2582502E0202C16D262250D55D2
:107B0000641C202C11D20B55641C202C0DD2BCF10E
:107B1000000F01D02D2306E0430701D52B2302E0FF
:107B2000030702D520230B55641CCDE900BAC846D3
:107B3000154681468B46AA46800714D1274607E0A2
:107B40002A46DDE900316D1C2020C446E0477F1C39
:107B5000B742F5D307E02A466D1C641EDDE900310B
:107B60001BF80400C047002CF5D15FEA897006D4E9
:107B700009E02A46DDE900316D1C2020C047A5EB55
:107B80000A00B042F5D32846BDE8FC9F2DE9F04F2E
:107B90008FB099468B46DDE91818DDE91C63DDE9F5
:107BA0001A4792468646002209B923F01003580569
:107BB00007AD00D5C9B1B1FBF4F004FB1010C0B2A1
:107BC0000A2801D2303009E05FEA836C02D54FF019
:107BD000410C01E04FF0610C60440A38B1FBF4F154
:107BE000A854521C09B1202AE5D3CDF80880CDE96C
:107BF0000563CDE90052CDE903474B46524659464D
:107C00007046FFF72DFF0FB0BDE8F08F2DE9FF4F55
:107C10008FB01CACDDE9239594E8030820AC94E810
:107C2000C004002450EA010201D125F010056A05C4
:107C30000DF11C0802D550EA010217D032463B462E
:107C4000F8F728FBD2B20A2A01D2303206E0AB069E
:107C500001D5412300E061231A440A3A08F80420C0
:107C6000641C50EA010201D0202CE7D3CDE9008446
:107C7000CDF808B0CDE90595CDE9036A0FAF97E8D7
:107C80000F00FFF7EDFE13B0BDE8F08F9A4200D26F
:107C900088547047704700002DE9FF4F95B09A4611
:107CA000884606460025EEE1252877D100242746A0
:107CB000F94A0121039400E0044316F8013F203BF8
:107CC00001FA03F01042F7D130782A2811D06FF072
:107CD0002F033078A0F13002092A16D8039A44F015
:107CE000020402EB820203EB42021044761C039072
:107CF000EFE758F8042B0392002A03DA504244F4C9
:107D00000054039044F00204761C30782E2816D1DB
:107D100016F8010F44F004042A280DD06FF02F024A
:107D20003078A0F13003092B09D807EB870302EB69
:107D30004303C718761CF3E758F8047B761C3078A9
:107D40006C280FD006DC4C2817D068280DD06A2884
:107D500014D104E0742810D07A280FD10DE044F437
:107D600000140AE044F4801401E044F440147278F2
:107D7000824202D104F58014761C761C3078662885
:107D80000BD013DC582877D009DC002875D04528A3
:107D9000F6D04628F4D047281AD193E118E063289A
:107DA00035D0642879D0652812D18BE1702873D042
:107DB00008DC6728F1D069286FD06E280DD06F28B5
:107DC00006D1ACE073282CD0752874D0782853D015
:107DD0005246179990476D1C54E1C4F30250022893
:107DE00009D003280DD0D8F8001004280DD00D605C
:107DF00008F1040846E1D8F80010EA17C1E900527A
:107E0000F6E7D8F800100D80F2E70D70F0E718F8EB
:107E1000041B8DF8001000208DF80100EB460120B6
:107E200003E058F804BB4FF0FF3061074FF000014A
:107E300002D40DE009F101018946B9420FDA81450A
:107E4000F8DB1BF809100029F4D108E009F1010161
:107E500089468142FADB1BF809100029F6D1039804
:107E60005346A0EB090721463846179A00F080FADE
:107E7000284400EB090507E044E008E10DE01BF8A9
:107E8000010B524617999047B9F10109F7D25346B1
:107E900021463846179AF2E039E00A21C4F302522B
:107EA0004FF0000B0091022A06D058F8040BC117BE
:107EB000032A09D00AE023E008F1070020F00702B6
:107EC000F2E80201904605E000B2C117042A01D190
:107ED00040B2C117002906DA0A460021404261EB90
:107EE00002012D2202E0220504D52B228DF8042068
:107EF000012203E0E20701D02022F7E7914657E094
:107F00000A2100E010214FF0000B00910BE010213E
:107F10004FF0000B44F004040827009103E0082010
:107F20004FF0000B0090C4F30252022A05D058F81B
:107F3000040B0021032A08D008E008F1070020F014
:107F40000702F2E80201904603E080B2042A00D161
:107F5000C0B24FF0000922072AD53278702A07D024
:107F6000DDF800C08CF0100C5CEA0B0C05D00EE0C4
:107F700040228DF80420012208E050EA010306D0D7
:107F800030238DF804308DF8052002229146009BA5
:107F900083F0080353EA0B030AD150EA010201D12E
:107FA000620705D530228DF804204FF001097F1EAD
:107FB0003278582A04D039A20C920CAA02920BE013
:107FC0003BA2F9E75B46009AF8F764F90C9B9B5CCF
:107FD000029A521E0292137050EA0102F2D10298E4
:107FE00004A9081A00F1200B600702D524F480349C
:107FF00000E001275F4502DDA7EB0B0000E0002059
:1080000000EB0B01009003984944401A0390E003F1
:1080100006D453462146179A039800F0A9F905445F
:10802000002706E001A85246C05D179990476D1CD5
:108030007F1C4F45F6DBE0030CD553462146179ACB
:10804000039800F095F9054404E030205246179952
:1080500090476D1C0099481E00900029F5DC08E04F
:108060000298029952460078491C0291179990474C
:108070006D1CBBF10001ABF1010BF1DC5BE100F029
:1080800065F90544761C307800287FF40DAE19B0F0
:108090002846BDE8F08F0000092801003031323356
:1080A0003435363738396162636465660000000034
:1080B000303132333435363738394142434445461E
:1080C00000000000600700D4062708F1070020F038
:1080D0000700F0E80223804603F0004C5FEA0C0042
:1080E00001D097A009E0200501D596A005E0E007A2
:1080F00001D095A001E0AFF24C001390307823F04E
:10810000004365280CD006DC452809D046281DD040
:1081100047287FD13BE0662818D067287AD136E01F
:108120000021112F01DB112000E0781CCDE90001B6
:1081300004A90CA8FDF79CFFDDE90D010C9A4FF096
:10814000000B07F10109109200914EE04FF0004042
:108150000097CDE9011004A90CA8FDF789FFDDE91E
:108160000D020C9B0F994FF0000B9146109300925B
:1081700011B9791C00EB0109B7EB090003D4C0F178
:10818000FF3B07F10109A9EB0700019042E0012F35
:1081900000DA01270021112F01DD112000E038460F
:1081A000CDE9000104A90CA8FDF762FFDDE90D018E
:1081B0000C9A00914FF0000BB946109221070FD492
:1081C000009A4A4503DA914601E0A9F10109B9F1A3
:1081D000010F05DD109AA9F10101515C3029F4D09D
:1081E000B84202DA10F1040F03DA0121CDE90110DF
:1081F00010E0002803DC8344A9EB000102E0411CED
:10820000494500DD8946A0EB0B00401C01904FF072
:1082100000400290200705D40198484502DB4FF04A
:10822000FF30019000208DF84B0002980DF14B07B4
:10823000B0F1004F25D002200C902B200D90029819
:1082400000280CDA404202902D200D9007E00A2110
:108250000298F8F727FA3031029007F8011D0C99BF
:10826000481E0C900029F2DC02980028EFD1791EFC
:108270000D980870307800F0200040F0450007F8B5
:10828000020D11A8C01BC01D02901398007800B108
:10829000012000EB0901019801EBE0710298014413
:1082A0000398401A401E0390E00306D4534621462B
:1082B000179A039800F05CF805441398007818B1F9
:1082C0005246179990476D1CE00323D5534621462B
:1082D000179A039800F04CF805441BE0BBF1000F1F
:1082E00007DB0098584504DD1098179910F80B002B
:1082F00001E0179930205246904701980BF1010B8D
:10830000401E05F10105019004D12E205246179917
:1083100090476D1CB9F10001A9F10109DEDC05E00F
:1083200017F8010B5246179990476D1C0299481E89
:1083300002900029F4DC53462146179A03989EE6E2
:108340002D0000002B000000200000002DE9F0416E
:10835000044600251E461746880404D405E0394625
:108360002020B0476D1C641EF9D52846BDE8F08179
:108370002DE9F041044600251E469046C80301D56C
:10838000302700E02027880404D505E04146384620
:10839000B0476D1C641EF9D52846BDE8F0810A6817
:1083A000531C0B60107070472DE9FF4F89B00546D4
:1083B0000A9800249246002800D1FE4D8FE125281E
:1083C00004D02246641C53460A990BE2491C4FF024
:1083D000000808460C9101782B2919D004DC2029CB
:1083E00019D0232904D119E02D290ED0302909D024
:1083F0000026C8B2FDF7FEFEB0B10CA8FDF720FEC6
:1084000006461FE048F001010AE048F0020107E0DB
:1084100048F0040104E048F0080101E048F01001D0
:10842000401C88460C90D6E70C9908782A2809D178
:10843000169840C81690002E02DA48F002087642DC
:10844000491C0C910C984FF0000B01782E2919D182
:10845000401C0C9048F480680078FDF7CBFE20B1FA
:108460000CA8FDF7EDFD83460CE00C9A10782A2845
:1084700008D1169802C81690002900DC0021521C71
:108480008B460C920C9801786C290AD004DC682980
:108490000FD06A2919D128E0742929D07A2914D15A
:1084A00026E0401C0C90017848F480786C291CD0A0
:1084B0000BE0401C0C90017848F08008682904D13A
:1084C00048F04001401C88460C900246007869281C
:1084D00022D015DC62281FD00DDC252871D0502851
:1084E0001AD058287FF46DAF16E048F40071E9E720
:1084F00048F48071E6E7632878D06428F2D10BE075
:10850000732874D004DC6F2806D07028EAD103E009
:10851000752801D07828E5D178280DD058280BD0BF
:1085200070280BD0502809D06F2816D0622816D09A
:108530000A2128F0100016E0102107E050781021E1
:1085400048F48878562804D1521C0C921078582888
:1085500007D01078502804D006E0082109E0022155
:1085600007E048F0200080461078692803D064288E
:1085700001D028F00C085FEA485001D528F0010826
:10858000107869281ED064281CD0562864D05FEA71
:10859000885072D5169804ABC01D002283E80608E7
:1085A0000292CDE9076820F007005346F0E8021276
:1085B000CDE900121690224628460A99FFF726FBBD
:1085C00089E00AE15FEA885024D5169804AFC01DFF
:1085D00020F00703F3E802021693002387E80A0855
:1085E000CDE90768002A03DA012102E080E0A6E075
:1085F00000210023029119461B1A914101DA11460C
:1086000003E00021404261EB020153462246CDE9DE
:108610000001D1E75FEAC85004D5169804C80FE0FE
:10862000524215E05FEA486003D5169810F8042B13
:1086300006E05FEA0860F0D5169830F8042B12B215
:108640001690CDE9021BCDE90468D00F002AE7DDC2
:10865000CDE9002053461EE01698AAEB040202C89A
:1086600016904868006800900A980B68011928461F
:10867000FFF79AFE04442FE0FFE75FEAC8500CD5ED
:10868000CDE9021BCDE9046816980021534604C8C1
:10869000CDE900211690224619E05FEA486003D533
:1086A000169810F8042B08E05FEA0860169803D5C6
:1086B00030F8042B92B200E004C816900020CDE9F7
:1086C0000020CDE9021BCDE9046853462246284626
:1086D0000A99FFF75BFA04460C98401C0C900C9921
:1086E000087800287FF46BAE54457DD222467DE0A9
:1086F00001275FEA887006D509E02246641C5346CC
:1087000020200A99A84738467F1CB042F5D3169915
:108710002246641C11F8040B169153460A99A84787
:108720005FEA887006D4D7E72246641C53462020AF
:108730000A99A84738467F1CB042F5D3CCE7169873
:1087400050F8049B16904B46BBF1000001D0014647
:1087500001E04FF0FF31484600E0401C02780AB1CA
:10876000491EFAD2C71A5FEA485003D558465F45FA
:1087700000D307465FEA887006D512E02246641CE3
:10878000534620200A99A84738467F1CB042F5D3AB
:1087900007E000BF224609F10109641C53460A990B
:1087A000A84799F8000040B15FEA4851F2D5BBF103
:1087B000010B01E0957C0108ECD25FEA887006D4D9
:1087C0008AE72246641C534620200A99A847384667
:1087D0007F1CB042F5D37FE706E02246641C534677
:1087E00025200A99A84777E7AAF1010253460020FD
:1087F0000A99A8470DB02046BDE8F08F10B50200D9
:108800004FF000000CD04B1E194200D0FEE70A4486
:10881000521E9A43B2F5803F02D20C2A01D910466B
:1088200010BD0C2010BD08444A1E401E904311424A
:1088300000D0FEE7704700002DE9F0410F4601210E
:108840000025044641862E460BE01B49F7F77EFDC6
:1088500010B16D1CADB202E0608E401C6086761CCB
:10886000B6B257F8260010B101780029EDD1208E5C
:10887000A8421ED0A06A002610B111F09FFBA6628C
:10888000E06A10B111F09AFBE662E80011F00CFB0F
:10889000A06238B1680011F007FBE06218B1A16A6C
:1088A00011B102E0FEE7FEE70025690011F0D0FCFF
:1088B0002586BDE8F0810000C03F02082DE9F84F91
:1088C0008146407A0F4600F00700022819D0104672
:1088D0008046974200DD3A46164603202A4C2B4A32
:1088E00000EB460020F00305A06811681035411A1E
:1088F000636805EB010C9C4505D2416821F00041FD
:1089000024E00846E4E79D4219D892464FF0FF3B29
:1089100048196168884210D9002269461C48CDF880
:1089200000B009F051FE002269461A4809F04CFED9
:10893000A168DAF80000091AEAE7A068DDE728462E
:1089400011F0B2FAC0B1416841F0004188EA670213
:10895000416089EA02010160416801F04041491C1F
:1089600031F0804141608681A0F80E8005D500F18C
:1089700010018160BDE8F88FFEE7A16801F11002E7
:1089800029448260A160F5E7940600205406002087
:1089900089F901082926020810B5084C0120207029
:1089A0000748FEF798FC0028A06803D0BDE81040F7
:1089B00017F064BEBDE8104017F054BE3806002022
:1089C000B858002010B5044690F83E00626B81074D
:1089D00007D4A18F39B1A1F57F43FF3B15D0491EC4
:1089E000A187A18F89B90AB181070ED52146134805
:1089F000FEF7DBFCFFF7D0FFE16809B120468847AE
:108A00002046BDE8104011F0D9BAA16B4942E1629D
:108A1000002A11D0810702D4216B4942E162411042
:108A2000491C61F3410084F83E00616AE069E1613C
:108A30006062A06AA262606310BD0000B8580020A6
:108A400070B5304D686817F037FD0646687880F0DD
:108A50000100687047E00020287094F83E006978B3
:108A6000C0F380028A4242D061F3820084F83E0063
:108A7000E16A8A19030719D4002917DC002A15DBDB
:108A8000C00709D1216939B120468847E16901440D
:108A9000E161616A08446062A16809B120468847C3
:108AA00094F83E0040F0080084F83E00E06A801927
:108AB000E06216D4A16A884200DDE162A169204625
:108AC00088470146206A884204D0216262680AB160
:108AD00020689047D4E90A01814202DB2046FFF773
:108AE00071FF287818B10848FEF7F5FB03E021462E
:108AF0000548FEF702FC0400ADD117F0E3FC686006
:108B000070BD000038060020B858002070B504463B
:108B100040680D4608B1FFF7F9FF2268002A04D02B
:108B200029462046BDE87040104770BD89B20AF062
:108B3000B2BC89B20AF002BD10B504464068820892
:108B40000AD0496821F00301091D084460602046ED
:108B500000F042F8204610BDFEE74068103120F0DA
:108B60000300884201D301207047002070472DE99F
:108B7000FC47054648680C4620F0030001AA6946F8
:108B800018F0C4FBDDE9007005EBC71101EB8009AB
:108B90008046D9F83C0060B164B1C4E9020504F133
:108BA0000806C46030460421FFF73DFE864202D02D
:108BB000FEE7FEE7FEE7C9F83C400120296900FA1C
:108BC00007F21143296105EB870100FA08F04A69B1
:108BD00002434A61BDE8FC8710B5044600F087F8FF
:108BE000046010BD2DE9FC4706464FF000000D0063
:108BF00000900746019042D00C46E9460DF104086A
:108C0000802907D308461CF0A9FA411F012088409B
:108C1000401E044442464946204618F077FB009C1B
:108C20000A2C2CDA06EB8400019A40694FF0FF31E0
:108C300001FA02F210400CD1641C3069A1400840D6
:108C40001DD01CF083FA0446009006EB80004069BA
:108C500078B11CF07BFA034606EBC411019001EBDE
:108C60008000C76B5FB1786820F00300A84201D292
:108C7000FEE7FEE739463046009A1AF0C7FB384651
:108C8000BDE8FC8710B50446FFF7A6FF416841F038
:108C900002014160606840F00100606010BD10B5E5
:108CA000044600F024F8416821F002014160606848
:108CB00020F00100606010BD70B506460D46084604
:108CC00000F015F8040010D02079C0070BD06868B8
:108CD00080080BD02146304600F03CF8214628465B
:108CE000FFF72AFF0546284670BDFEE7FEE742680B
:108CF00000F1080122F00300001F0844910800D190
:108D0000FEE7704770B506460C004FF000001ED01D
:108D1000F2B120791546C0071BD011462046FFF757
:108D20001CFF78B12946204600F025F8054620466C
:108D3000FFF752FF6868294640F00200686030463D
:108D4000FFF715FF2046FFF7AAFF04F1080070BDEA
:108D5000FEE7FEE77CB5054648680C4620F00300B8
:108D600001AA694618F0D2FADDE900232146284617
:108D70001AF04CFB7CBD2DE9F0410D46044600F194
:108D80000801281F0E18606806F1080720F003008C
:108D9000401BA0F1040838460421FFF744FD874238
:108DA00000D0FEE7606820F0030108EB0500001D1D
:108DB000814200D0FEE7307900F0030040EA08006D
:108DC000706020F003000C2800D2FEE7207900F04C
:108DD0000300284360603046FFF754FF3046BDE88B
:108DE000F08138B504460FF097FF05460FF0CDFF30
:108DF0000028204605D0218FE18613F02CFF0120AA
:108E000038BD0EF07DFB002820461ED00EF04DFA36
:108E1000218FE08E81420CD02087E08E00906A4640
:108E20001C2120460EF0A6FD0128E9D1204613F0B2
:108E300012FF28460FF0B5FF0428E0D1204612F0BB
:108E4000E1FB00210FF033FAD9E70EF0B5FBD6E7CE
:108E500008B50020009000BF401C00900C28FAD3F9
:108E600008BD00002DE9F04F0D4687B004460021F3
:108E700012F0FDFA60B32946204600F061FA294657
:108E8000204600F06FF80021204613F0D7F9059036
:108E90000021204613F06CFA04900021204613F0C4
:108EA000D0F8012800D0002080460021204613F091
:108EB000C2FB07460021204613F026F942F2D17981
:108EC00006464F450BD1608C400508D4012707E0CA
:108ED00007B02846BDE8F04F1C2111F0B9B90027B2
:108EE000204612F042FBDFF878A08346204600219E
:108EF000BAF8022013F090FAD5F810C0AB682968D0
:108F0000CDF800C0CDF80C80CDE90131C2B23946B0
:108F10005846059B08F0FEF828834E4504D1608C26
:108F2000800501D4012600E00026204612F003FB54
:108F3000074620460021BAF8062013F06DFAC2B2A7
:108F4000686900246B68E9688DE81B003146384683
:108F5000049B08F0DFF8688307B0BDE8F08F0000DD
:108F6000BC0600202DE9F34F81B00C46019807F0B4
:108F700067FB0646019812F0F8FA8246304600F088
:108F8000C5FE2061400010F0BBFF2060206940005A
:108F900010F0B6FF002541F69A79A0603AE036F964
:108FA0001510DFF82081494533D10027DFF818B1CB
:108FB0001FE03946019812F05AFA5946009013F012
:108FC00083FBA8B9009807F04DFB012810D1009849
:108FD00007F03EFBA8420BD1009813F041FB41463D
:108FE000404501DA084602E0009813F039FB80465C
:108FF0007F1C019812F04DFAB842DAD8B8F1000F90
:1090000003DBA16821F8158003E0A168002021F8A6
:1090100015006D1C2069A842C1D800252F4628469E
:1090200041F69B784B4615E036F91010414504DBBC
:109030000D44A5F5F8559B3D0BE0994204D1A1687C
:1090400031F81010394403E0A26822F810103944B6
:109050000FB2401C21698142E6D80021019813F02B
:10906000EDF82169C1F1010200FB02A0C01B00B2B2
:10907000002800DA002000224FF0FF331146C446DA
:1090800011E000BF36F9117067450BDBA7F5F85703
:109090009B3F3AB210FB02F3B3FBF5F3A76827F846
:1090A00011300B46491C27698F42EBD8002B07DB98
:1090B000A91A4143B1FBF5F1401AA16821F8130048
:1090C000BDE8FE8F01E0FFFF010006002DE9F14F32
:1090D00000221146009814F089FC0021009812F03B
:1090E000CFFF04460021009813F050F920440FFAF6
:1090F00080F90021009813F05BF820440FFA80F803
:10910000009812F03DFF00EB090101EB0800DFF8C9
:1091100098A006B25446009812F0BBF90746002505
:109120002AE0009821498068006850F825008346AD
:1091300013F0CAFAF8B9584613F0EEFD40BB00210F
:10914000584612F042FF18B3012821D002281FD040
:1091500003281DD00021584613F07BFA58B9BBF8FC
:109160001A10BBF81600081A401C00B24844A0426E
:1091700000DB044624B26D1CBD42D2D3544504D05A
:1091800004EB080000B2B04200DC3046BDE8F88FC6
:109190000098BBF91A10B0F91600081A411CA14238
:1091A000E8DB0C46E6E7000001E0FFFF01000400F9
:1091B0002DE9F84F00228046114614F001FC0021F1
:1091C000404612F05DFF04460021404613F08AF845
:1091D00020440FFA80FA0021404613F03DF8204465
:1091E0000FFA80F9404612F0D9FE00EB090101EBBD
:1091F0000A00DFF844B105B25C46404612F049F976
:1092000007460021404612F0F9FE01284FF0000603
:1092100044D078E0D8F808004849006850F82600A3
:10922000009013F051FAC0BB009813F075FD50B1D7
:109230000098B8F91810B0F91400091A481CA04297
:109240002ADB4C1C28E00021009812F0BEFE58B129
:10925000032809D0062807D0082805D00021009847
:1092600013F0F0F958B118E00098B8F91810B0F9F7
:109270001400081A411CA1420EDB0C460CE00098B9
:10928000143000900AF021FA5044A04204DB009808
:109290000AF01BFA00EB0A0424B2761CBE42B9D3D2
:1092A0005C453BD004EB090033E000BFD8F8080070
:1092B0002249006850F82600009013F005FA08BB18
:1092C000009813F029FD60BB0021009812F07DFE8C
:1092D00038B3012825D0042823D0072821D0002125
:1092E000009813F0B6F968B90098143000900AF0AD
:1092F000ECF94844A04204DB00980AF0E6F900EBE0
:10930000090424B2761CBE42D0D35C4506D004EBDF
:109310000A0000B2584501D0A84200DC2846BDE84A
:10932000F88F0098B0F91810B8F91400091A481C01
:10933000A042E6DB4C1CE4E701E0FFFF0100040073
:109340002DE9F84F0C46834607F05AFD064600F01B
:10935000DDFC6061400010F0D3FD6060606940009A
:1093600010F0CEFD002541F69A79E0603AE036F93A
:109370001500DFF80C81484533D10027DFF804A140
:109380001FE03946584612F072F85146009013F02B
:109390009BF9A8B9009807F0B9FD012810D10098F1
:1093A00007F0AAFDA8420BD1009812F030F941460F
:1093B000404501DA084602E0009812F028F980469C
:1093C0007F1C584612F065F8B842DAD8B8F1000FA1
:1093D00003DBE16821F8158003E0E168002021F853
:1093E00015006D1C6069A842C1D800273D4638466B
:1093F00041F69B784A4615E036F91010414504DBEA
:109400000F44A7F5F8579B3F0BE0914204D1E16868
:1094100031F81010294403E0E36823F810102944C0
:109420000DB2401C61698142E6D80021584612F015
:109430009FFF8146584612F07EF801466069C0F1F0
:10944000010209FB0210401B02B2002A00DA0022CE
:10945000002043460FE000BF36F91010994209DBA7
:10946000A1F5F8519B3912FB01F1B1FBF7F1E56869
:1094700025F81010401C61698142EDD8BDE8F88FD5
:1094800001E0FFFF010006001CB50B88048923449E
:10949000ADF800304B8844892344ADF802308B8806
:1094A00004892344ADF80430C98843891944ADF8D0
:1094B00006104369694698471CBD0000F8B50D4683
:1094C000D0E90C2104468AB112787AB141B100BFCB
:1094D00016F0E9FE0D4909688847616B884211D290
:1094E000206B88B100200A4E009006E061B1EFE7E2
:1094F000326869469047A84206D0206B0099415CCB
:109500000029F5D10020F8BD0120F8BD900600200B
:109510007C0600202DE9FF4F87B0C878189CC00753
:109520000D46002801D0F14800E0F148069001D036
:10953000F04800E0F048049001D1EE4800E0EE4829
:109540004FF0100A4FF00C0ECDF814006088A1887F
:109550004FF0000BA0EB010001B25A4658462769B4
:1095600012E000BF00EB8006E3680AEB860C13F8FC
:109570000CC05FEACC7C0BD04FF0080C0CEB8606DD
:109580009B5BC91A09B2401C8742EBD8002347E015
:109590000EEB86069B5B1A4412B2F4E703EB8306DC
:1095A000E7680AEB86000190385CC00737D191FB71
:1095B000F2F00EEB860CCDF800C037F80CC00CFBB7
:1095C00000FC0FFA8CF94FF0060C04200CEB860C13
:1095D00000EB860037F90C80385ECC46C84500DCCD
:1095E000C446604504DC4046CC46C84500DD6046C4
:1095F000484506D0DDF804804FF0010CE34647F8FB
:1096000008C0D4F80CC0082707EB86062CF8060023
:10961000E768009EBE5B921B081A12B201B25B1C87
:1096200020699842BAD8BBF1000F8FD1002107986A
:1096300012F000FD012826D000270020ADF8080018
:10964000ADF80C0003A902A8CDE900012089B4F906
:10965000022003B22878169918F09AFDE87838426B
:1096600007D0079811F081FFBDF808100844ADF845
:1096700008000999079811F0FAFE06464FF4FA68B7
:109680004FF0640B27E10127D7E79C49304613F0E0
:109690001BF800287DD10021304612F01DFDE8B3F3
:1096A0004FF000094846216911E000BFE26800EB75
:1096B000800352F82320B24208D100EB8002E16817
:1096C000082000EB820031F9009002E0401C81424A
:1096D000ECD8E878C007708C02D040F4806001E0DC
:1096E00040F40070708406F11400049982468847A3
:1096F000484528D0304613F0AEFAB08AADF80000E5
:10970000F08AADF80200308BADF80400708BADF834
:109710000600069A49465046904700E00FE06A4628
:10972000292130460EF026F9304611F0B1FF3246BD
:1097300022210EF01FF9304613F08DFA03E0708CF1
:1097400020F4C0607084002000906878012810D058
:10975000022816D1059906F114008847B4F90010C3
:10976000491C21F00101081A00EBD07040F34F00B2
:1097700006E0059906F1140088472188081A00B20E
:109780000090E87838420AD0049906F1140088471E
:1097900000E098E0BDF80810081AADF8080030465F
:1097A000002143F20C0212F037FE0FFA80F9304626
:1097B000002143F20D0212F02FFE0FFA80FA30461C
:1097C00012F04EFF0190304611F021FF0146C9F31F
:1097D000413001280ED129F4C04040450ADCB0F5E3
:1097E0007A7F01DDC0F57A70019A504390FBFBF05F
:1097F0000FFA80F9CAF3413001280DD12AF4C04094
:10980000404509DCB0F57A7F01DDC0F57A70484348
:1098100090FBFBF00FFA80FAB18A1498F28A411A91
:1098200001EB0900159900B28A1A02EB0A01EA78E5
:1098300009B2D207002A02D0BDF9082000E0009A40
:1098400010440FFA80FA01D0009801E0BDF9080039
:1098500008440FFA80F95AEA09001BD0304613F089
:10986000FAF9B18A01EB0A00B082318B01EB0A00F0
:109870003083F18A01EB0900F082718B01EB090062
:109880007083304613F0E7F901234A4651463046CB
:1098900013F090FAE87838420CD1049906F11400DC
:1098A000884717990844BDF80C100844BDF8081003
:1098B000084406E0BDF80C1017980844BDF80810DD
:1098C000081AADF80800E87809AAC0F380010798E3
:1098D00007F062F90646002E04D0DDE9090188424E
:1098E0007FF4D3AE0BB0BDE8F08F00005337020811
:1098F00049370208FB360208A336020801000600B9
:109900002DE9F04F91B00E0005463FD02E83286818
:1099100008B110F053FB06EB4600062101EB4000B6
:1099200010F0C2FA286040B3022101EB4601014465
:10993000E960042101EB86010144C5E9010101212F
:109940000024012E1AD0F000083010F0D9FA814618
:1099500000EB860000F10408B00000B2A346ADF8A9
:109960001000C0F101028010ADF812B00FFA82FAB7
:109970005C46CDF828B00690ABE0FEE7B42202705A
:10998000E8680480E8684180A868048011B0BDE8F8
:10999000F08F0027BDF81220BAF1000F07DC032179
:1099A00001EB42010AEB01000FFA80FA0CE0BDF86E
:1099B00010100523521A03EB420202EB0A00491E63
:1099C0000FFA80FAADF81010BDF81200401CADF887
:1099D000120004A800F0E9F868B1BDF9100006A96A
:1099E000821041F827200AA900F0030041F827005F
:1099F0007F1C042FCEDB042F71D109990698884271
:109A000012D129F8140028F814B0DDE90A01014444
:109A1000DDE90C20104408446968085569680001B4
:109A20000855641C24B252E00799884219D029F8DD
:109A3000140028F814B06A680A9810556A68000182
:109A40001055641C069A20B2521E29F8102028F8DE
:109A500010B0DDE90B120A440D99091D11446A6822
:109A60002FE0089929F81400884228F814B0DDE99D
:109A70000A025946104412D06A6810556A680001FB
:109A80001055641C069A20B2521E29F8102028F89E
:109A90001010DDE90C12114408316A6811E00C9ACB
:109AA00010446A6810556A6800011055641C069AD3
:109AB00020B2521E29F8102028F810100D996A685B
:109AC0000C3111546A6809011154401C04B20BF1A5
:109AD000010B04A800F069F800287FF45AAF40F2A7
:109AE000D32016FB00F109EB4402881232F9022C54
:109AF000824205D108EB440232F9022C82421AD08C
:109B0000A1EB8021B1F5007F03DC494341F3CF3164
:109B100006E0C1F58061494341F3CF31C1F10F0146
:109B200029F8140028F814006868015568680901CC
:109B30000155641C24B2A01E0EE000BF38F81020AE
:109B400029F8142039F8102028F8142069680A5CD4
:109B50000A55641C24B2401E0028EFDAEA6800218E
:109B6000084611801BE0EA6822F81100AB6839F85A
:109B7000102023F811200AE0AE6839F9102036F8D9
:109B80001130934200DA1A4626F81120401C38F9A9
:109B900010208A4201D1A042EEDB491C09B2A0424A
:109BA000E1DB484610F0F8F9F0E6B0F90210B0F940
:109BB0000000814201DC012070470020704717B58A
:109BC00081B0022A03D8BDF8080004B010BDBDF86A
:109BD0000830BDF80400D90A01EBD0211F2900D3B9
:109BE0001F2161F3CF20C3F34511C0F34514214475
:109BF000ADF804003F2900D33F2161F34A1003F080
:109C00001F0100F01F031944ADF804001F2900D301
:109C10001F2161F30400ADF80400FF2A07D0DDE93D
:109C200001010AF0D5FE0090BDF80000CDE780B23A
:109C3000CBE717B581B0022A03D8BDF8080004B0FD
:109C400010BDBDF80400BDF80810C30ACC0A13FB10
:109C500004F35B0963F3CF2000F01F0301F01F043E
:109C600013FB04F35B0963F30400C0F34513C1F372
:109C7000451113FB01F1890961F34A10ADF80400A5
:109C8000FF2A07D0DDE901010AF0A2FE0090BDF82D
:109C90000000D4E780B2D2E717B581B0022A03D81A
:109CA000BDF8080004B010BDBDF80830BDF80400D0
:109CB000D90AA1EBD021002900DC002161F3CF20DB
:109CC000C3F34511C0F34514091BADF80400002986
:109CD00000DC002161F34A1003F01F0100F01F03B4
:109CE000C91AADF80400002900DC002161F304006A
:109CF000ADF80400FF2A07D0DDE901010AF068FE93
:109D00000090BDF80000CDE780B2CBE7014600200F
:109D100041F6FF7200E0401C31F910309342FAD155
:109D2000704770B504464FF6FF73184641F221059F
:109D300010E014F8012B80EA02200022060403D56B
:109D400085EA400080B201E003EA4000521CD2B232
:109D5000082AF3D3491EC9B2EBD270BD1CB5044624
:109D600090F8500000F0010088422DD094F8500087
:109D700011B140F0010001E020F0010084F8500032
:109D800004F14401684609F077FC606ABDF80010F0
:109D9000828A1144ADF80010BDF80210C08A084450
:109DA000ADF80200606ABDF80410808A0844ADF87E
:109DB0000400606ABDF80610C08A0844ADF80600C9
:109DC0006946204612F07BFF1CBD08B508461146C7
:109DD0000AF05DFC0090BDF8000008BD4B1E0C2B86
:109DE0000DD2084B02290B4413F8013C02D1800725
:109DF00000D11D231AB19A4201D8012070470020DA
:109E00007047000038F404082DE9F04F0646C87A80
:109E100089B015460F46022803D8012009B0BDE8D5
:109E2000F08F18463A69B968FCF7D6FF041EF5D0E2
:109E3000207D00F01F000EF070FB08B1062008E046
:109E4000207D00F01F000EF058FB08B1052000E057
:109E50000420226A814622B12946304619F021FFAA
:109E6000B7E0A069E8B3294602A809F0CFFB38881B
:109E700018B97888B0F5807F2AD0A88829886A88A0
:109E8000401A401C01B2E8883B1D801A401C02B2F7
:109E90007888CDE90003B7F9003002A8FCF714FC7C
:109EA000BDF8080029880844ADF80800BDF80A008C
:109EB00069880844ADF80A00BDF80C0029880844F8
:109EC000ADF80C00BDF80E0069880844ADF80E002E
:109ED00002AA04A8B168FCF7ADF9002879D004A85B
:109EE00000E00DE0D6F80880B060CDF800902A467A
:109EF00039463046A3690BF0BFF9C6F8088068E020
:109F00002A4604A8B168FCF795F9002861D0BDF88D
:109F10001400BDF81010401A401C0FFA80FB0BEB28
:109F20004B000FF0EDFF039004A901A8D6F808A09C
:109F300009F06CFB012101A809F006FCBDF9100035
:109F4000B5F90010BDF91280401A0690B5F902006B
:109F5000A8EB000534E001AA514607A8FCF76AF90E
:109F600060B30398009006985B4601B22AB220467F
:109F70000EF076FE01280CD020460EF0C6FD0398A8
:109F800010F00AF820460EF0C0FD0020C6F808A028
:109F900044E707A8B060CDF8009001AA39463046E2
:109FA000039B0BF069F9BDF80600401CADF80600F4
:109FB000BDF80A00401CADF80A006D1C08F101084C
:109FC000BDF916004045C6DAC6F808A003980FF0A0
:109FD000E3FF20460EF099FD1FE7704710B50420FF
:109FE000F8F786FD06484FF47A710078B1FBF0F07F
:109FF00004490968BDE81040B1FBF0F0F8F784BDF2
:10A00000700400207C04002070B5054600244FF445
:10A010007A7603E0304600F004F8641CAC42F9D3D1
:10A0200070BD70B54FF0E02400226569642148439B
:10A03000A169A3698B42FCD002D2A1EB030102E02B
:10A04000A5EB030631440A4419468242F1D370BDA0
:10A0500038B5054600924C88CB888A880888214606
:10A06000FAF732F82846BDE838400AF0FBBD000098
:10A070002DE9F04FADF20C5D054600264FF0FF0BC9
:10A0800018F03AF94FF0FF38B8BB304F4FF4806901
:10A09000B246786838B12E480DF20441807C17F042
:10A0A00065FF60B905E001A9284600F053F820BB20
:10A0B00043E029460DF2044018F03CF8E8BB0520C7
:10A0C00019F07CFC1FE0441A4C4500D94C460DF2B7
:10A0D00004500090234601AACDF804A5284617F0A5
:10A0E00039FB20B9DDF8041509B1A14206D9761C67
:10A0F000052E08D24FF47A701DE004E0002601A876
:10A1000020F078F820B140460DF20C5DBDE8F08FEC
:10A1100017F0F6FC044658450CD00520B4FBF0F1CE
:10A1200000FB114030B9002322460121284617F0D8
:10A1300018FBA346012017F019FBA868796888422C
:10A14000C1D8284605F03AFFDEE70000CC00002029
:10A15000080B00202DE9F04F0024C3B00F468346C2
:10A1600025464FF0FF3AA0460DF58279C4F580767A
:10A17000CDF800903A19334621465846CDF804816F
:10A1800017F0E8FA18B9419808B1B04207D96D1C28
:10A19000052D26D24FF47A7017F0E8FA01E0002579
:10A1A0000444FF2CE2D94FF480742246394601A8BA
:10A1B000F6F7A1F8594601A817F0BCFF28B12146CF
:10A1C000384620F017F860B903E0052019F0F6FBD7
:10A1D00007E0084C084960688862084617F048FEA6
:10A1E00018B1504643B0BDE8F08F6068A060002011
:10A1F000F8E70000CC000020080B00202DE9F04F0C
:10A20000A1B0074614468A4604A80AF01DFE4FF482
:10A21000A021384611F0E3FE9DF81D1060F3820185
:10A220008DF81D10A1882088091A491C09B201EB7C
:10A23000D1714E103044ADF8700060880021304478
:10A24000ADF87200384611F090FF8146514608A8DB
:10A2500010F04CFF04A810904FF4003015902D48DA
:10A26000099000200A9007F130008346FDF74CF872
:10A270004AE02079032843D1208BADF81000208AD2
:10A28000ADF812006079FD2801D9484602E010FBC4
:10A2900009F0000A8DF81C002568B5F92030E88B1C
:10A2A00018440090D5E90512A0680FF0EBFD804638
:10A2B000B5F92030E88B18440090D5E90512E06824
:10A2C0000FF0E0FD0546608B08AA3044ADF85C0055
:10A2D0001CA811901A21199438460DF04BFBA9B215
:10A2E0001FFA88F0CDE90001BDF85C301CAA04A972
:10A2F00050460AF099FD08AA1B2138460DF03AFB9A
:10A3000021465846FCF7FDFF0400B2D121B0BDE85C
:10A31000F08F000080CE05082DE9F74FC878A0B077
:10A320000C4602287DD9114601A809F09CF9B4F920
:10A330002000012829DD94F82200FD2825D320885B
:10A3400018B394F82300BDF804104008C0F380024D
:10A350001144ADF80410BDF80610C0F340000844E5
:10A36000ADF8060094F82310BDF808004908C1F3C1
:10A37000C001401AADF8080094F82310BDF80A0097
:10A38000C1F34001401AADF80A00209801A9826883
:10A3900005A8FBF74FFF002843D0E07B10F007062D
:10A3A00019D0E088ADF80000BDF80000618988424E
:10A3B00000D1002601A80BF055FC07461C210EA871
:10A3C000F5F7B2FFA0788DF85100BDF80000ADF8A8
:10A3D00040001FB105E060680090E5E7208800B903
:10A3E000EEB3E078FD2800D3FF208346BDF80800D7
:10A3F000BDF80410401A401C0FFA80FABDF80A009C
:10A40000BDF80610401A401C01B289465046CA45A4
:10A4100000DB0846B4F90050B5EB600F00DB4510D7
:10A4200000E043E0BDF81810BDF81400081A401C05
:10A430000FFA80F84FF0FF301D9000200790002D9C
:10A4400000DC87B140460FF05BFD079000232A46F1
:10A4500001A916A80BF072FE002116A800E01CE06E
:10A460000BF020FA1D90BDF81400ADF80C00BDF8FB
:10A470001800ADF810000798119003A80E901390E3
:10A48000FF208DF850004A465146A01D0DF05AFDA0
:10A49000040018D0022E0CD015E001A80E90E07830
:10A4A0008DF850000EA920980CF004F923B0BDE8F7
:10A4B000F08FBDF91410A06800EB4100BDF9041045
:10A4C000A0EB41000F90002F7DD0BDF9165027E082
:10A4D0002FB2ADF80E70ADF812704246594607988B
:10A4E0000FF084FEBDF9141043463A4607980BF06E
:10A4F0007BFB8DF84800012802D102208DF848002E
:10A50000012E08D1BDF90610A068691A00EB4100C0
:10A510000088ADF840000EA920980CF0CBF86D1C17
:10A52000BDF91A00A842D3DAB7E000BFBDF80600B3
:10A53000BDF9161038440FFA80F9BDF80A00C01BA7
:10A540000FFA80FA494503DDBDF91A10514544DB85
:10A550004246594607980FF049FEBDF90C10434694
:10A560004A4607980BF040FB8DF84800012802D1BD
:10A5700002208DF84800BDF91610494513DCADF8EE
:10A580000E90ADF81290012E09D1BDF90620A168F8
:10A59000A9EB020001EB40000088ADF840000EA9D5
:10A5A00020980CF087F8BDF91A10514515DBADF86D
:10A5B0000EA0ADF812A0012E0BD1BDF90600A268C5
:10A5C000AAEB000000E009E002EB40000088ADF8D3
:10A5D00040000EA920980CF06DF87F1CAF42A5DB5F
:10A5E000BDF80400ADF87800BDF80800ADF87C00B7
:10A5F000BDF806002844ADF87A00BDF80A00401BFB
:10A60000ADF87E001EA80BF02DFB074630430CD0A2
:10A6100001208DF84800BDF90A008DF850B0A0EB7C
:10A620000509BDF90600054435E0BDF806008DF8C2
:10A6300050B02844ADF80E00BDF80A000EA9401B2A
:10A64000ADF812000020119020980CF033F824E0AF
:10A650006FB14246594607980FF0C8FDBDF9141076
:10A6600043462AB207980BF0BFFA8DF84800ADF8C0
:10A670000E50ADF81250012E08D1BDF90600A168A8
:10A68000281A01EB40000088ADF840000EA9209880
:10A690000CF010F86D1C4D45DADD079808B10FF08D
:10A6A0007BFC1D98401C05D01D980BF0F3FD16A8EF
:10A6B0000BF0BCFA002C3FF4F9AE20460DF03CFC48
:10A6C000F4E6F0B5074608698FB015460C46002839
:10A6D00071D0A17E02296ED90EF0D5FA022820D0C1
:10A6E000694620690EF032FA012864D105A80AF003
:10A6F000CBFDA0788DF82000208BADF81C00E07E0B
:10A700008DF81E00A07E8DF81F00207F4FF0FF36D1
:10A71000E0B300996888ADF8060006EB5151084493
:10A72000A8E0002641F6FF70CDE900600296D4E96A
:10A73000041233460DA816F095F9284608F0D7FF05
:10A7400001462A88BDF9340001EBD17102EB6102A8
:10A7500000EBD071A2EB61010844401EADF810007F
:10A76000ADF80C10284608F096FF01466A88BDF93E
:10A77000360001EBD17102EB610100EBD072A1EB6D
:10A7800062010844ADF80E10401E00E015E0ADF87F
:10A79000120005A80BF02EF860690590208BADF82B
:10A7A0002000A07E8DF82E00009603AA05A9384649
:10A7B00023690AF083FD0FB0F0BD284608F097FF2B
:10A7C000298800EBD07001EB60000099C1F38A2169
:10A7D000A0EB5100ADF80400284608F05CFF698842
:10A7E00000EBD07001EB60010098A1EB9051C0F339
:10A7F0008A22ADF80610BDF80430521E1A4406EB4A
:10A800005050ADF808200844ADF80A0001AA05A987
:10A81000384623690AF010FDCDE700992888C1F376
:10A820008A21ADF80400491E084410E001AA05A9D8
:10A83000384623690AF000FD0098BDF80410C0F303
:10A840008A200144ADF80410BDF808100844ADF8A2
:10A850000800BDF90400B5F904108842E6DDBDF832
:10A860000610009801EB5051ADF80610BDF80A1023
:10A8700001EB5050ADF80A00BDF90600B5F906101D
:10A880008842CADD97E7F0B5074691F8220087B005
:10A8900016460C4602286BD9208C002868D094F804
:10A8A000230010F03E0F63D0C00761D1B08831881B
:10A8B0007288401A401C01B2F088B4F90050801A26
:10A8C000401C00B2814200DA0846B5EB600F00DDA3
:10A8D0004510314604A808F0C6FE94F82300BDF9DF
:10A8E0001020C0F344014807B4F9200001D42844E3
:10A8F00040421044ADF810000807BDF91420B4F927
:10A90000200001D428444042101AADF8140094F8F5
:10A910002300BDF9121040088007B4F9200001D4CB
:10A92000284440420844ADF8120094F82300BDF9D1
:10A9300016104008C007B4F9200001D12844404255
:10A94000081AADF81600208C281A00B2002800DA88
:10A950000020A27894F82210CDE90212E18BADF824
:10A96000041000902B4604AA3146384600F002F845
:10A9700007B0F0BD2DE9FF4FA9B01D46DDE93879DC
:10A98000DDF8D88016460C46FF2F00D3FF27084677
:10A990000BF068F92690284350EA080074D02998F3
:10A9A0002146826808A8FBF745FC002873D0BDF853
:10A9B0002400BDF82010401A401C00B204901C2155
:10A9C0000AA80FF045FC04980FF09AFA0D904FF08A
:10A9D000FF302490002D0ADD00232A46214615A8C9
:10A9E0000BF0ACFB002115A80AF05CFF24900123BA
:10A9F000424631461BA80BF0A1FB00211BA80AF020
:10AA000051FF259001A80A900F90BDF8DC008DF849
:10AA10004070ADF830008DF84190B4F900002290FC
:10AA2000B6F900C04319634500DC6346B4F904007D
:10AA30000FFA83F92190B6F90430401B984200DBED
:10AA400018460FFA80F8B4F902E0B6F902000EEBEE
:10AA500005018246514500DC01460FB2B4F906B04B
:10AA6000B6F90610ABEB05028A4200DB0A4610B2CB
:10AA70000590A8EB0900401C00B22790D6450DDCDC
:10AA800001200CE000E006E0009732462146379BAB
:10AA9000299800F0B8F92DB0BDE8F08F002082466B
:10AAA0008B4501DB012000E0002083462698D8B3C7
:10AAB000BDF82000ADF80400BDF82400ADF8080092
:10AAC000BDF9224022E000BFBAF1000F01D1A74238
:10AAD0001BDCBBF1000F02D10598A0421ADB25B2A6
:10AAE000ADF80650ADF80A5004990D980FF0DEFB52
:10AAF000BDF920102A46049B0D980BF075F88DF8CF
:10AB000038000AA929980BF0D5FD641CBDF9260070
:10AB1000A042D9DA1BA80BF089F825980BF0BAFBF4
:10AB20002498401C07D000E009E015A80BF07EF83F
:10AB300024980BF0AFFB0D980FF02EFAABE722989C
:10AB4000604501DC012000E000201390219898422C
:10AB500001DB012100E000210120009013981291F7
:10AB6000084000EA0A0010EA0B0F04D027983228A8
:10AB700001DA00200090012000998DF838001AEACF
:10AB8000010F0ED0ADF80490ADF808806088ADF8E4
:10AB9000060070880AA9401EADF80A0029980BF03B
:10ABA00089FD00991BEA010F0ED0ADF80490ADF8B5
:10ABB0000880F0880AA9401CADF80600E088ADF8CE
:10ABC0000A0029980BF076FD139878B12088ADF82B
:10ABD00004003088ADF80670401EADF808000598F6
:10ABE000ADF80A000AA929980BF064FD129878B113
:10ABF000B0880AA9401CADF80400A088ADF8080090
:10AC00000598ADF80670ADF80A0029980BF052FDD2
:10AC10000098C0B1BDF92400BDF92010A9F10102CE
:10AC2000ADF80410904200DB1046ADF80800401A61
:10AC3000401C05B2002D70DD139850EA0A0066D062
:10AC4000BDF9224061E0BDF82000ADF80400BDF878
:10AC50002400ADF80800B4F90200B6F90210401A59
:10AC6000A84200DB05460FFA85F8002533E060882E
:10AC7000284406B2E088401B07B2BDF92200B0426A
:10AC800003DDBDF92600B84224DB04990D980FF0CE
:10AC90000DFBBDF904103246049B0D980AF0A4FF89
:10ACA0008DF83800BDF92200B04207DCADF806602F
:10ACB000ADF80A600AA929980BF0FCFCBDF9260042
:10ACC000B84207DBADF80670ADF80A700AA92998FA
:10ACD0000BF0F0FC6D1C4545C9DB8DE026B2ADF8EC
:10ACE0000660ADF80A6029460D980FF0DFFABDF94D
:10ACF00004102B4632460D980AF076FF8DF8380086
:10AD00000AA929980BF0D6FC641CA742E6DC13982C
:10AD100050EA0B001DD0059C16E01AE026B2ADF8F3
:10AD20000660ADF80A6029460D980FF0BFFABDF92C
:10AD300004102B4632460D980AF056FF8DF8380065
:10AD40000AA929980BF0B6FCBDF92600641CA042A4
:10AD5000E4DABDF9200008F10101884200DC084670
:10AD6000BDF82410ADF80400081A401C05B2ADF877
:10AD70000810002D40DD129850EA0A001BD0BDF9E2
:10AD8000224016E026B2ADF80660ADF80A6029460A
:10AD90000D980FF08BFABDF904102B4632460D9832
:10ADA0000AF022FF8DF838000AA929980BF082FCDE
:10ADB000641CA742E6DC129850EA0B001CD0059CEC
:10ADC00015E026B2ADF80660ADF80A6029460D9888
:10ADD0000FF06CFABDF904102B4632460D980AF0BC
:10ADE00003FF8DF838000AA929980BF063FCBDF920
:10ADF0002600641CA042E4DA1BA80AF017FF25987D
:10AE00000BF048FA8FE62DE9FF478EB00C468246DC
:10AE100015461C2102A81A9E0FF01AFACDF808D088
:10AE2000BDF84400ADF810008DF82060B4F90200C0
:10AE3000B5F90210884201DC012700E00027B4F9CF
:10AE40000600B5F90610884201DB012600E0002665
:10AE5000B4F90000B5F90010884201DC012100E0DE
:10AE600000218946B4F90410B5F90420914201DBB0
:10AE7000012100E00021ADF80000A088ADF8040039
:10AE80006088ADF8020068888846401EADF806006C
:10AE90001FB102A950460BF00DFCE888401CADF82C
:10AEA0000200E088ADF806001EB102A950460BF082
:10AEB00001FC2088ADF800002888401EADF8040091
:10AEC00017B1B5F9020001E0B4F90200ADF80200D3
:10AED00016B1B5F9060001E0B4F90600ADF80600B8
:10AEE000B9F1000F03D002A950460BF0E3FBA8888C
:10AEF000401CADF80000A088ADF80400B8F1000FC8
:10AF000003D002A950460BF0D5FB12B0BDE8F08784
:10AF10002DE9F04F8B46A2F57F4195B0914606464C
:10AF2000FF3944D0746A208C8046984204D0238430
:10AF3000608C40F0040060844FF4802A5146204623
:10AF400011F003FB07465146204611F020FB054651
:10AF5000B7F90870304605F048FDB0F916107A19B7
:10AF600009FB021105EBD570A1EB6000ADF80600FE
:10AF700038446D1E2844ADF80A00706A818AADF825
:10AF80000410008BADF8080006A80BF0A7F906AA7C
:10AF90005146204611F004FD01AA06A958460BF0BF
:10AFA00089F9A4F82080608C20F00400608415B03A
:10AFB000BDE8F08F2DE9F0430E46A2F57F4191B038
:10AFC00090460546FF3956D06C6A278C9F4204D0C4
:10AFD0002384608C40F00400608406A80AF00AFC18
:10AFE0004FF4802906AA4946204611F036FC49460E
:10AFF000204611F0CCFAADF82A00284605F0F5FC01
:10B00000050038D00698B5F91620B0F90810BDF93A
:10B010002A0000EB010C08FB0C2200EBD073A2EB22
:10B0200063021044491EADF80A200844ADF80E0032
:10B03000A08AADF80800208BADF80C0002AA0EA87B
:10B04000B168FBF7F7F888B10EA8D6F80880B060B1
:10B0500028460EF0A9FA03460020009005F11402DC
:10B0600006A930460AF02AF9C6F808802784608CC1
:10B0700020F00400608411B0BDE8F0832DE9F041B8
:10B08000274E0746706809F007FE04463868856B4E
:10B09000E96A09B128468847206850B1606828B934
:10B0A00007E070680068816A01B18847206900285C
:10B0B000F7D10120206171680968C9688A69D207DF
:10B0C00002D08969890700D400206061606908B1F5
:10B0D000012600E000263868416971B1016911F06C
:10B0E000300F06D0490704D5D5E9001000F01AF852
:10B0F00003E0D5E90021FEF7C7F9206800280BD04E
:10B100006168002908D03A68127CB243D20703D1A3
:10B11000A268824202D1A160BDE8F081A060FBE795
:10B12000700500202DE9F34F05468A4893B0416829
:10B130000E683069820701D542076ED4C0F3011052
:10B1400002281ED0012801D0032866D100200F90CC
:10B15000084609F0A1FD8346A988B5F90000EA88F0
:10B16000091A491C0CB2B5F90210521A521C17B236
:10B170004FF4A052B2FBF4F3BB420FDAB2FBF4F28D
:10B180000DE029463046149A00F0F0F8149A15B0F4
:10B1900029463046BDE8F04FFEF776B93A460C92A4
:10B1A0000791317CC1F30111012905D06880611E2E
:10B1B0000844E8800020BDE07188081A401EE8803D
:10B1C000001B401C6880F5E70C99A7EB0A00884239
:10B1D00000DD084600B201900120CBF81000BAF162
:10B1E000000F20D1A7421EDB0194307CC0F3011078
:10B1F000032810D000202146149A00F0EAF8307C91
:10B20000C0F30110012809D031880798081A401EA0
:10B21000A880001B56E00120EDE797E00798288002
:10B220000798204466E00F9820B94FF420500EF0A4
:10B2300067FE0F90307CC0F3011003281BD0002064
:10B240008646DDF850C001990F980A9014FB01F072
:10B25000401E0D90601E48430E900020814688429B
:10B2600022DA0E9ABEF1000F02EB090001D00D9A0E
:10B27000101A002212E00120E2E70A9BBEF1000F43
:10B2800003EB400863460CF1020C1B88A8F8003061
:10B2900001D0084400E0401A521C12B2A242ECDB7A
:10B2A00009F1010000B2D9E7307CC0F30110012898
:10B2B0001BD031880798091AA1EB0A00401EA8800C
:10B2C0000199401A401C288001990AEB0108B845F1
:10B2D00013DBDBF81800C0070FD0DBF8180080077D
:10B2E0000BD50120CBF814000AE0079850442880C1
:10B2F00001990844401EA880E6E70021CBF814100D
:10B300000F9828B1024629463046FEF7BDF805E001
:10B31000149AF8E7B16A09B130468847DBF81000A3
:10B320000028F7D101981499604301EB4000149074
:10B330000FFA88F08246B842FFF646AF0F98002811
:10B3400004D015B0BDE8F04F0EF026BE15B0BDE834
:10B35000F08F00007005002030B504880D8805804E
:10B3600010880880188810801C8030BDF8B58B8844
:10B370000C884D881B1BCC885B1C641B641C13FB56
:10B3800004F300245B1E0DE002EB430602EB4407CE
:10B390003588ADF80050B7F800C0A6F800C05B1EB5
:10B3A0003D80641CA342EFD843884C88CA881B1B8D
:10B3B0005B1ECB8043889A1A521E4A8003880C88F1
:10B3C0008A881B1B5B1E8B800088801A401E0880A9
:10B3D000F8BD2DE9F0470C4617468246002601EBE2
:10B3E000D47931E00025601C00EBD07827E0A01B69
:10B3F000401E01B2601B401E00B2BAF1000F0AD01D
:10B4000015FB041207EB420311FB040107EB410299
:10B4100010FB046009E010FB046207EB420311FB20
:10B42000040007EB400215FB041007EB400116FB7C
:10B43000045007EB4000FFF78FFF6D1C2DB2B5EBFA
:10B44000680FD4DB761C36B2B6EB690FCADBBDE8F9
:10B45000F08700002DE9F047A2B005460CF085FA10
:10B46000044628460CF049FA8246606A0EF09CF8C1
:10B47000054694F85000C00778D004A80AF02EFFC3
:10B480004FF4E02904AA4946204611F089FA04F154
:10B49000440101A808F0F0F8606ABDF80410828A3F
:10B4A0001144ADF80410BDF80610C08A01AA084482
:10B4B000ADF80600606ABDF80810808A0844ADF84F
:10B4C0000800606ABDF80A10C08A0844ADF80A0096
:10B4D00004A950460AF0EEFE4946204610F0ECFD65
:10B4E00006464946204610F0EFFE87194946204699
:10B4F00010F08BFF4FF000081E490644CDF8748011
:10B50000CDF87880E06C0968284488470246E06CF2
:10B5100041191DA80EF0BEFDBDF8040040F25742CF
:10B520003844ADF80400BDF8060041463044ADF89B
:10B530000600606A10F070FF054612A80AF05AF97A
:10B5400012AA4946204611F088F99DF813000228F6
:10B5500004D8BDF85400A9B2884207D01DAB01AA97
:10B5600012A95046CDF8008009F0A8FE22B0BDE82F
:10B57000F0870000780600202DE9F04FD3B0054693
:10B580000CF0F3F9044628460CF0B7F94F9010A9D7
:10B59000204610F004F8002140F60A02204610F080
:10B5A0003BFF0546002140F60B02204610F034FF19
:10B5B000BDF84010BDF84420491BADF840102A44A6
:10B5C000BDF84230ADF844201B1ABDF84650511A60
:10B5D0002844ADF84600C01A401C0FFA80FAADF8B6
:10B5E0004230D4E90A02491C0FFA81FBA2EB0008A1
:10B5F000D34501DB012100E00021894600213E9175
:10B6000094F85C1001F00301012908D1002806DA42
:10B61000002A04DD216B814201D101203E900021EE
:10B62000204610F02EFE21900021204610F06FFEE3
:10B6300036900021204610F0BEFE209000212046CA
:10B6400010F0CBFD359004F1340010A9139007F0F1
:10B65000EFFFA18E21980844A086218F3698081A02
:10B660002087E18E20980144E186618F3598081A81
:10B6700000B26087B9F1000F11D0E18E401A401C72
:10B6800000B204281DDAE18A0AEBDA726FF00100D9
:10B6900000EB62000844E086001D608711E0218F06
:10B6A000A08E081A401C00B204280ADAA18A0BEB0B
:10B6B000DB726FF0010000EB62000844A086001D01
:10B6C0002087218FA08E081A401C00B21890618F2D
:10B6D000E08E081A401C00B22290B9F1000F05D08C
:10B6E00004F13805DC48189F139E04E004F1360687
:10B6F000DA48229F351D3A90A36D581C14D0216D55
:10B70000A06A626D091A101A7943784391FBF8F127
:10B7100090FBF8F009B200B2401A5843C21700EB90
:10B72000126001EB202005E0216BA06A081A784323
:10B7300090FBF8F000B21690A26C501C14D0216C53
:10B74000A06A636C091A181A7943784391FBF8F1DF
:10B7500090FBF8F009B200B2401A5043C21700EB58
:10B76000126001EB202005E0D4E90910081A7843A3
:10B7700090FBF8F000B23F902046002141F26A426F
:10B7800010F04AFEC0B2B9F1000F28D001280AD14A
:10B7900030462E4605463F98404200B23F901698EC
:10B7A000404200B2169031883F9808442880318882
:10B7B0001698084430803E9888B3A06A4042784387
:10B7C00090FBF8F000B2B9F1000F15D031880844B1
:10B7D000B5F9001000B281420BDD308039E02988D4
:10B7E0003F98081A401C308029881698081A28802B
:10B7F000E1E7318028802CE02988081A401CB6F93E
:10B80000001000B2814201DD288001E029803080F3
:10B81000B5F90010B6F900008142EADB19E0FFE754
:10B820003A9913988847012813DC35A84F990FF0EF
:10B830005DFC4FF4003042908948369000203790EC
:10B840001398389035AA1A2120460CF093F835AA9F
:10B85000FBE050A8139907F0EBFE68460AF03EFDA6
:10B860004FF400356A462946204611F099F823A87E
:10B870004F990FF03BFC4FF000087948CDE92408C0
:10B880003095CDF89CD013982690454623AA1A21CE
:10B8900020460CF06FF820466022294610F0BCFDCF
:10B8A00005B258465146D34500DB0846B5EB600F5C
:10B8B00000DD4510229A1899BDF90000914200DB85
:10B8C0001146B0EB610F00DD4810B9F1000F02D056
:10B8D000228FA18E01E0628FE18E511A491C09B2BC
:10B8E000B1EB400F18DD9DF8220012909DF8037017
:10B8F0009DF81A608DF803808DF81A808DF82280EB
:10B900006946139A4F980AF0D5FC12988DF8037087
:10B910008DF81A608DF82200A18A2198002308442E
:10B92000ADF83401218B36982A46081AADF8380153
:10B93000E18A20980844ADF83601618B3598081AE1
:10B94000ADF83A014DA947A80AF0F8FB002147A835
:10B9500009F0A8FF17909DF822608DF822804546D7
:10B960008DF8368010A90EA807F062FEBDF83810D9
:10B970002198084400B2ADF83800BDF83A2020996B
:10B9800011440BB2ADF83A30BDF83C203699511A4B
:10B990000AB2ADF83C20BDF83E703599791A09B26B
:10B9A000ADF83E10B9F1000F12D0C81A401C00B219
:10B9B00004281FDAE18A0AEBDA726FF0010000EB6B
:10B9C00062000844ADF83A00001DADF83E0011E0F9
:10B9D000101A401C00B204280CDAA18A0BEBDB72AF
:10B9E0006FF0010000EB62000844ADF83800001D64
:10B9F000ADF83C00BDF90020002319A813990AF006
:10BA00009DFB002119A809F04DFF07460EAA6946C3
:10BA10004F980AF04FFC8DF822608DF803508DF896
:10BA20001A508DF836506946139A4F980AF042FC26
:10BA300019A80AF0FBF847A80AF0F8F838460AF007
:10BA400029FC17980AF026FC23AA1B2120460BF09C
:10BA500091FF53B0BDE8F08FE33602088B36020841
:10BA6000BCC905082DE9F047B8B005460BF07DFFCD
:10BA7000044628460BF041FF82460021204610F084
:10BA8000CBFA0646204610F0EBFD054620460FF0A7
:10BA9000BEFD854201DB012701E00027284694F81E
:10BAA0005C108046002001F00301012906D1A16A43
:10BAB000002903DAE16A002900DD01208FB110B10D
:10BAC000606A00280ADB012E03D100BFB4F93400FC
:10BAD00001E0B4F93800ADF800000BE0012EF8D019
:10BAE000F4E710B1606A002801DBE08E00E0608FAF
:10BAF000ADF8020017A80AF0F1FB4FF4403517AA81
:10BB00002946204610F04CFF3B46424669462046F7
:10BB100016F07CFB04F168006946814607F09AFD47
:10BB2000514605A80FF0E2FA2F4806900020CDE913
:10BB3000125017ADCDE908950790204613F0CEFBC3
:10BB4000022806D005AA1A2120460BF013FF4A4608
:10BB50003DE0382217A926A80EF09CFA05AA1A2162
:10BB600020460BF007FF4A4617A950460AF0A2FBF1
:10BB700005AA1B2120460BF0FDFE4FB1012E02D07D
:10BB8000B4F9340001E0B4F93800ADF8000002E087
:10BB9000608FADF802003B4642466946204616F0EB
:10BBA00035FB04F160006946064607F053FD382274
:10BBB00026A917A80EF06EFA01200995CDE907060F
:10BBC000139005AA1A2120460BF0D4FE324617A97D
:10BBD00050460AF06FFB05AA1B2120460BF0CAFE57
:10BBE00038B0BDE8F08700009CCA05082DE9F04395
:10BBF0008FB004460BF0B9FE05460FF049FD07462D
:10BC000003A809F0F7FD03AA0021384610F025FE2D
:10BC100020460BF072FE816804460E4607F11402BE
:10BC20000DA8FAF707FB002850D00DA8A0600BA9BB
:10BC3000384605F075F9A88AADF80400E88AADF831
:10BC40000600288BADF80800BDF82E00ADF80A00FC
:10BC500001AA1046A168FAF7EDFA4FF000090DF1BC
:10BC6000040878B1A7682846C4F808800DF09CFC49
:10BC7000034605F1140203A92046CDF8009009F00F
:10BC80001DFBA760A88AADF80400BDF83200ADF82E
:10BC90000600288BADF80800688BADF80A0001AAF1
:10BCA0001046A168FAF7C6FA78B1A7682846C4F822
:10BCB00008800DF079FC034605F1140203A9204623
:10BCC000CDF8009009F0FAFAA760A6600FB0BDE8C1
:10BCD000F08300002DE9FF4F9FB0987B8A7E00F033
:10BCE0000F04DDF8B0E00E46032C18D0012C1DD057
:10BCF000022C21D0042C13D0082C7DD1A24D4FF062
:10BD0000FF0A6101FD2A2FD2A04F3878904202D15C
:10BD10007868A04225D00020DFF874821FE0042458
:10BD2000994D4FF0F00A103D1021EBE7964D4FF082
:10BD3000800A163D0221E5E7934D4FF0C00A143DFD
:10BD40000421DFE715F800C0BCF1FF0F1DD01CFB7C
:10BD500002FC4FEA1C2C00BF08F800C0401C8842BF
:10BD6000F0D38B4D3A707C601F9AB3F80680188927
:10BD700007902199926808FB04F0B1F90010B2F91C
:10BD80000030994203DB002302E09446E4E75B1AAB
:10BD90009B46B2F9043001EB08079F4201DC4146A3
:10BDA00001E0591A491C89462199B2F90230B1F9CA
:10BDB0000210994201DB002300E05B1A1193079BFC
:10BDC000B2F906200B44934201DC079901E0511AB5
:10BDD000491C0A91119941430BFB04100EEBD00151
:10BDE00000F007072C911C2115A80EF031FAB0893C
:10BDF000ADF85C00B07E00E0C2E08DF86C00B07F72
:10BE0000C0F3C2008DF86D00FBF7D0FC08F048FFCE
:10BE1000079A08FB02F1814200DC08461C900EF0F4
:10BE20006FF80790189021980026018801EB0B020B
:10BE3000ADF80C200188A9F1010001442198ADF86A
:10BE400010104388119818448B1AADF81200ADF801
:10BE50000E00ADF83810ADF834200A99ADF8360070
:10BE60005B1C08441BB2ADF83A000B930DA809F017
:10BE7000F9FE1D9003A815901A90C4F1080008EB74
:10BE80000B010F90A1EB090060431290119860E044
:10BE900033462AFA07F059464FF0000C1FE02C9A5F
:10BEA000DDF83C801278A8EB0708024032FA08F26D
:10BEB00005D015F80280079A02F8068002E0079A7A
:10BEC00002F806C00F9A974202D22744E04004E0ED
:10BED0002C9A0027521C50462C92491C761C49452E
:10BEE000DDDB1D9880B10798BDF912201844BDF91B
:10BEF0000C1080460B9B09F077FE8DF8640018B992
:10BF000040460B990EF0A4F9A9EB0B0081191C987F
:10BF1000814205D2BDF81200401CADF812000EE0BF
:10BF200002208DF8640015A91F980AF0C3FBBDF824
:10BF30001200401CADF80E00ADF812000026129859
:10BF40002C99384401EBD00100F0070701982C919F
:10BF5000401C0A99019088429ADBBDF90E10BDF988
:10BF60001200814209D0401EADF8120002208DF867
:10BF7000640015A91F980AF09DFB07980EF00CF8B5
:10BF800023B0BDE8F08F00003ACD0508A0060020E0
:10BF9000841A01202DE9F04F8346B1F902000C46C6
:10BFA000401E411000F001004618B2F90050B3F9EC
:10BFB000000089B0854200DA2846ADF80000B2F9E9
:10BFC0000000B3F90030984200DC1846401EADF87E
:10BFD00004005088801BADF8020050880844ADF87A
:10BFE000060069460846DBF80820FAF723F900281E
:10BFF0001FD0E08818B1A08808B1012700E0002711
:10C000000125684609F02EFE00B907B100251C2164
:10C0100002A80EF01DF9CDF808D02088ADF8100068
:10C02000207A6E468DF8200035B102A958460AF0F4
:10C0300041FB09B0BDE8F08FBDF80410BDF9000068
:10C04000BDF90680091A491C0DB2BDF80210ADF801
:10C0500006104FF0000A47B1B4F90610B4F90420F5
:10C06000114490FBF1F201FB120A28460DF048FF43
:10C07000079605908146BDF902603EE02946484694
:10C080000EF014F9BDF900102B4632B2484609F003
:10C09000ABFD8DF818000FB300B3002150460B46DE
:10C0A00017E000BFB4F90420824205DB121A1144E4
:10C0B000104409B200B208E0B4F906C062448242FA
:10C0C00001DC002001E009F80130491C401C09B2E4
:10C0D00000B2A942E6DB02208DF8180002A95846FA
:10C0E0000AF0E8FABDF80200401CADF80200BDF805
:10C0F0000600401CADF80600761C4645BEDD4846ED
:10C100000DF04AFF95E700002DE9FF4FB2F902401C
:10C11000B3F90250C5B0AC4208DA128864F31F408C
:10C1200062F30F0065F31F411A8807E01B8865F36F
:10C130001F40128864F31F4163F30F0062F30F0185
:10C140000FFA81F904B20514A9EB04064FEA214A5B
:10C15000AAEB05070391002E01DD314600E0714294
:10C16000002F01DD384600E07842814201DD0120E8
:10C1700000E0002015904698B0F90210159858B1CB
:10C18000002F01DD384600E078424201002E01DD3B
:10C1900030460CE070420AE0002E01DD304600E03F
:10C1A00070424201002F01DD384600E0784292FBE8
:10C1B000F0F0AB4A105C10FB01F03F30C0114FEAC9
:10C1C000600800F0010202EB080B49464C4500DA1A
:10C1D0002146A1EB0001ADF8581001DD214600E039
:10C1E00049460144ADF85C105146554500DA2946F0
:10C1F000A1EB0001ADF85A1001DD294600E05146DF
:10C200000844ADF85E00459816A982680846FAF71A
:10C2100011F800287ED01598002100287BD0002E30
:10C2200016DDAAEB080000B2CDE90001A5EB08007D
:10C2300002B24B46214620A809F0B8FD0AEB0B00DC
:10C24000012100B2CDE900014B4605EB0B0015E0E2
:10C250000AEB0B0000B2CDE9000105EB0B0002B2C6
:10C260004B46214620A809F0A1FDAAEB08000121B8
:10C2700000B2CDE900014B46A5EB080002B2214611
:10C280000AA809F093FD002120A809F00BFB1890E3
:10C2900000210AA809F006FB159046984FF0FF39D7
:10C2A000C846407AC00623D4A819032100B2CDE9BC
:10C2B0000001E01B03B22A4621462BA809F076FDB7
:10C2C000039902200A14911909B2CDE900100398CC
:10C2D00001B2C81B03B236A809F068FD00212BA8E3
:10C2E00009F0E0FA8146002136A809F0DBFA804621
:10C2F000BDF85C00BDF85810401A401C04B2FBF7B2
:10C3000055FA08F0CDFC054616A807F0D0F9A8426A
:10C3100006D201E0A1E027E016A807F0C8F905461B
:10C32000AA4628460DF0ECFD8346BDF95E70BDF8C7
:10C330005A00ADF85E000025514658460DF0B6FF94
:10C340001C2119A80DF084FF16A9199146980088A0
:10C35000ADF86C004698BDF95A60007A8DF87C0003
:10C36000CDF870B01E9145E009EB0B00CDE900A1BE
:10C3700003B204EB0B0001B22A4620A809F016FD17
:10C380000121A9EB0800CDE900A103B2A4EB08004C
:10C3900001B22A4674E700BFBDF958100BEB050047
:10C3A000234632B2079009F01FFC8DF8740018B9CB
:10C3B000214607980DF04CFF25442919514505D217
:10C3C000BDF85E00401CADF85E0012E002208DF862
:10C3D000740019A945980AF06DF9BDF85E000025B2
:10C3E000401CADF85A00ADF85E00514658460DF0BD
:10C3F0005DFF761CBE42CFDDBDF95A10BDF95E006F
:10C40000814209D0401EADF85E0002208DF8740014
:10C4100019A945980AF04EF958460DF0BDFD20A81F
:10C4200009F004FC0AA809F001FCB9F1FF3F02D0B1
:10C430002BA809F0FBFBB8F1FF3F02D036A809F0AA
:10C44000F5FB189809F026FF159809F023FF4846D8
:10C4500009F020FF404609F01DFF49B0BDE8F08F0C
:10C460003ACE05082DE9F04F8346B1F902000C469B
:10C47000401E411000F00100158889B00844281AB8
:10C48000ADF8000010880844ADF80400B2F90210BD
:10C49000B3F90200814200DA0846ADF80200B2F9B1
:10C4A0000200B3F90210884200DC0846401EADF8D5
:10C4B000060069460846DBF80820F9F7BBFE0028AD
:10C4C0001FD0E08818B1A08808B1012600E000263E
:10C4D0000127684609F0C6FB00B906B100271C21F8
:10C4E00002A80DF0B5FECDF808D02088ADF81000F8
:10C4F000207A6D468DF8200037B102A958460AF01F
:10C50000D9F809B0BDE8F08FBDF80400BDF80010FF
:10C51000BDF90670401A401C0FFA80F9BDF8020000
:10C52000ADF8060048460DF0EBFC824605900795F5
:10C53000002056B1B4F90600B4F904100844BDF95E
:10C54000021091FBF0F200FB12108046BDF9025080
:10C5500031E0494650460DF0A9FEBDF900104B46AA
:10C560002AB2504609F040FB8DF81800A6B178B108
:10C57000B4F90410414502DA00208DF81800B4F92E
:10C580000600B4F904100144414501DC4FF00008F5
:10C5900008F101000FFA80F802A958460AF08AF85B
:10C5A000BDF80200401CADF80200BDF80600401CBA
:10C5B000ADF806006D1CBD42CBDD50460DF0ECFC25
:10C5C0009FE77CB505460BF0D0F9446A28460BF08E
:10C5D00094F9626A0546816868461432F9F72AFEC2
:10C5E000002835D0AE68C5F808D094F83C00800625
:10C5F00021D5628FE08E824208D121232946204630
:10C60000FEF786FC2046628F21231DE02023294669
:10C610002046FEF77DFC2046628F20232946FEF748
:10C62000C9FC2046E28E01232946FEF771FC204614
:10C63000E28E012308E02046628F20232946FEF780
:10C6400067FC628F204620232946FEF7B3FCAE60CC
:10C650007CBD00002DE9F04FD5B005460BF085F903
:10C660000446008E00287DD028460BF046F94F90F6
:10C67000608C49A940F00400608420460EF08FFFD2
:10C680000025278C2584608CA94640F004012E46A5
:10C69000C846618433A809F021FE41A809F0AAF830
:10C6A0004FF4A02A33AA5146204610F079F941AA46
:10C6B0005146204610F0D1F8608C002120F0040093
:10C6C0006084204627840FF07DFE53900021204691
:10C6D0000FF08AFD5290002120460FF0D9FD5190B5
:10C6E000002120460FF01AFE509020A84F990EF01E
:10C6F000FDFCB548CDF8B4A0CDE9210812A82490DE
:10C700000AA8259054E1761CB6B2606AAFA150F831
:10C710002600F3F71BFE0028F5D0E06A30F815007C
:10C72000C0F3C001002974D18846C0F3C01109B11B
:10C730004FF00108C0F3401010B148F0800014E041
:10C74000A08EA84212D1B80601D548F02008B8073B
:10C7500001D548F00208780701D548F004083807E9
:10C7600004D500E02CE148F008008046A06A00EB08
:10C77000C50103A806F065FFBDF80C10BDF8240143
:10C78000B8F1000F0144ADF80C10BDF80E20BDF853
:10C7900026110A44ADF80E20BDF810201044ADF863
:10C7A0001000BDF812000844ADF8120026D0A4F81D
:10C7B0002080608C40F00401618412A809F08EFD95
:10C7C0000AA809F017F812AA5146204610F0E8F816
:10C7D0000AAA5146204610F040F82784608C20F0C9
:10C7E00004016184E06A30F81500C0F300300028CD
:10C7F0009DF845000ED040F001000DE0382233A92D
:10C8000012A80DF047FC202241A90AA80DF042FC15
:10C81000E8E7C9E020F001008DF8450003A8239067
:10C8200020AA1A212E9520460BF0A4F89DF86B0043
:10C830004108C9063CD520F03E001E308DF86B0043
:10C84000B4F914305199BDF90C2019448A4203D12E
:10C8500020F008008DF86B00B4F918205098BDF94D
:10C860001010101A814205D19DF86B0020F01000C5
:10C870008DF86B00B4F916205398BDF90E101044D2
:10C88000814205D19DF86B0020F004008DF86B000B
:10C89000B4F91A205298BDF91210101A814207D12A
:10C8A0009DF86B008108490061F345008DF86B002D
:10C8B000BDF81210BDF90E00091A491C0FFA81FBD0
:10C8C0005FEA886108D5E16A31F81510890503D55A
:10C8D000A0EB0B00ADF80E0003AA12A94F9809F0C7
:10C8E000E9FC606ABDF93C30BDF93A1050F8260009
:10C8F0000890BDF82801BDF824C10A9AA0EB0C00ED
:10C90000401C00B2CDE900109DF845C0CDF808C02C
:10C9100054A8089914F0A6F8BDF81010BDF80C0042
:10C92000BDF95031091A491C09B2C91A01EBD1717C
:10C9300000EB6100ADF80C00BDF81210BDF80EC0A0
:10C94000BDF95221A1EB0C01491C09B2891A01EB76
:10C95000D1710CEB610109B21844ADF810008818D0
:10C9600002B2ADF80E10ADF812205FEA88600ED565
:10C97000E06A30F81500800509D50BEBDB70A1EB00
:10C980006001A2EB6000ADF80E10ADF81200CDF81A
:10C99000009003AA0AA9089B4F9808F08FFC20AAD0
:10C9A0001B2120460AF0E6FF6D1C761CADB2B6B224
:10C9B000208EA8423FF6A9AE608C20F0040060846F
:10C9C00055B0BDE8F08F0000F4C905080A0000006A
:10C9D0002DE9F04FA7B005460AF0C7FF04462846E8
:10C9E0000AF08BFF2290002120460FF057FB0546EE
:10C9F000002141F6120220460FF00EFD28440FFAE6
:10CA000080FB002141F6130220460FF005FD28446B
:10CA10000FFA80FA002120460FF0DBFC28440FFAC1
:10CA200080F918A808F0E6FE18AA4FF40031204655
:10CA30000FF013FFA06A08B1179009E080200DF0F5
:10CA40005FFA05460146802220460AF029FD179527
:10CA500094F83C00002700F00F00012800D10127C6
:10CA60002046002141F26A420FF0D6FCC0B20128F4
:10CA700000D10127E06A002869D00CF004F9804653
:10CA800002280DD002A9E06A0CF060F801281BD042
:10CA90004FF0FF363546E7B1A18A01EB0B001CE0F1
:10CAA000BDF972009DF87D2041F6FF718DE8070009
:10CAB000BDF97430189A15A8E16A13F0D3FFBDF9D7
:10CAC0005460BDF95650E6E70298C0F38A26450D3A
:10CAD000E1E7218BA1EB0A00801B711EADF8140069
:10CAE0000844ADF81800B8F1020F5ED020460EF0F1
:10CAF0008EFD401BE18A00EBD07001EB6000ADF8C9
:10CB00001600691E0844ADF81A0011A808F0BCFB15
:10CB10004FF4003811AA414620460FF055FE06EBAF
:10CB2000D6704010ADF8480005EBD5704010ADF858
:10CB30004A00204643F60F0241460FF06DFCADF867
:10CB4000440005AA11A9E36A229808F075FB09A818
:10CB500008F050FE09AA002120460FF07EFEBDF924
:10CB600036009DF8412041F6FF718DE80700BDF9C0
:10CB7000383007A8099A179913F074FFE18A01EB7E
:10CB80000900BDF81E10ADF80E000844ADF8120003
:10CB9000E06AE0B13FB3218BA1EB0A00BDF81C10A5
:10CBA000B0EB0100ADF80C0024E0E18A6D1E01EB52
:10CBB0000900ADF816002844ADF81A0000200090D6
:10CBC00005AA18A9E36A229808F078FBBFE7204677
:10CBD0000FF046FDBDF91C10A28A401A00EBD07080
:10CBE00002EB6000DEE7A18A01EB0B00BDF81C1030
:10CBF000ADF80C000844ADF810000020009003AA26
:10CC000009A9179B229808F059FBA06A002802D1B5
:10CC100017980DF0C1F927B0BDE8F08F2DE9F04766
:10CC200098B005460AF0A1FE044628460AF065FEC3
:10CC300006460FA920460EF050FC94F84800002547
:10CC4000C10600D50125800601D545F00205002169
:10CC500020460FF0E2FCA0F51C51D13904D1608CC4
:10CC6000400501D445F0040507A808F0C3FDB4F859
:10CC70004400ADF83200B4F84600ADF834008DF849
:10CC8000395007AA002120460FF0E7FD9DF8380033
:10CC9000012708B98DF83870E06B0890206C099076
:10CCA00008994FF6FF70814219D00999814216D038
:10CCB0004FF48028204644F2574241460FF0ACFB27
:10CCC0000090BDF80000ADF82A0020462022414621
:10CCD0000FF0A2FB0090BDF80000ADF82C0094F816
:10CCE000480041F6FF7A00F00700022801D003282F
:10CCF0001ED19DF83800022801D0032818D1BDF9B3
:10CD00002E100295CDE9001ABDF93030079A16A809
:10CD1000616A13F0A7FEBDF84000BDF83C10401A50
:10CD2000401CBDF9581000B2884201DA8DF8387005
:10CD300094F8480004F1300700F00700032809D0F8
:10CD4000BDF84200BDF83E10401A401C00B2B0F5DC
:10CD5000806F00DA00270FA914A8B268F9F76AFA01
:10CD600000287DD094F8480040070BD120460EF0F3
:10CD7000C1FD404202B200210FA806F0D1FC608B39
:10CD8000ADF8420094F848000DF1500900F007009A
:10CD9000022813D0032811D000970FAA07A9304604
:10CDA000636A08F08BFAB068C6F80890804694F879
:10CDB000480000F0070003280FD05FE0D6F8088095
:10CDC000C6F8089000970FAA07A93046636A08F0D2
:10CDD00075FA4046C6F80880E6E7BDF92E100295C0
:10CDE000CDE9001ABDF93030079A06A8616A13F040
:10CDF00039FEBDF84000BDF83C10401A401CBDF99A
:10CE0000181000B2884219DA2022114607980AF059
:10CE10008CFEB4F84410BDF8182000EB400011441B
:10CE20000844ADF83200B4F84600ADF8340000977D
:10CE30000FAA07A93046636A08F040FABDF842001D
:10CE4000BDF83E10401A401C01B2BDF91A008142E3
:10CE500014DAB4F84410ADF832100799098900E0EB
:10CE60000EE0B4F84620009710440844ADF83400B2
:10CE70000FAA07A93046636A08F020FAC6F80880AE
:10CE800018B0BDE8F0872DE9F04397B007460AF0E7
:10CE90002EFD054638460AF068FD04464FF480260C
:10CEA000152D7DD0182D7CD138460AF026FD05467B
:10CEB00007A808F09FFC07AA314620460FF0CDFCDA
:10CEC00013A9204604F02CF813AA15A8A968F9F7AD
:10CED000B1F9002865D0204603F08EFD814620463A
:10CEE0000FF0BEFB064648460CF05EFBBDF92E1067
:10CEF000CDE90016022202920146BDF9303005A8A4
:10CF0000079A13F0AFFD20460EF081FBB4F916101E
:10CF100000EBD076B9F9160001EB6601471A4846D6
:10CF20000EF075FBB90391FBF0F7002120460FF0DE
:10CF300014FB0799B0F90800B1F90810081A00EBC2
:10CF4000D070BDF816104010091A09B2ADF81610CD
:10CF5000E28A794302EB660202EBA1310F1A00214B
:10CF600020460FF0A2F880462046002141F612022A
:10CF70000FF052FA06462046002141F613020FF048
:10CF80004BFAA28A06EB08011144ADF84010ADF847
:10CF90004270218B081AA0EB0800ADF8440001E0B4
:10CFA0001DE019E0BDF816003844ADF846009DF8C4
:10CFB000390040F002008DF8390015A8AC68A8606F
:10CFC00048460CF0F1FA03460020009010AA07A989
:10CFD000284608F073F9AC6017B0BDE8F083384616
:10CFE0000AF08BFC054610A9204603F099FF68461D
:10CFF00009F074F96A46314620460FF0D1FC10AAB8
:10D000006946284609F056F9E6E72DE9F043ABB04A
:10D0100005460AF0AAFC044628460AF06EFC814642
:10D02000002120460FF042F90746002120460FF06C
:10D0300083F90646002120460FF0D9F90546002164
:10D0400020460FF0DFF8A18AE28AADF88A20238B10
:10D05000ADF88C30B4F81AC03944ADF88810991B7B
:10D06000ADF88C10ACEB00005119ADF88E00ADF8A6
:10D070008A1006A809F032F906AA4FF400312046BA
:10D080000FF08EFC22AA06A9484609F013F92046A3
:10D090000EF0BDFA0546208BA18A411A491C481B97
:10D0A00006B2606A411C06D07043C11700EB1160E4
:10D0B00040F30F2708E020460EF07EFF10F0010F2E
:10D0C00001D0374600E000272046002141F26A42A5
:10D0D0000FF0A2F9C0B2012801D1F01B07B2A08A5B
:10D0E0003844ADF800002844ADF80400E08AADF8FB
:10D0F0000200608BADF806004FF4403739462046F9
:10D100000FF0D4F80646394620460FF015F9804650
:10D11000394620460FF06BF90546394620460FF098
:10D1200071F8BDF80010BDF80420891BADF800109F
:10D1300002EB0801ADF80410BDF80210491BADF870
:10D140000210BDF806100844ADF8060014A809F056
:10D15000C5F814AA394620460FF022FC6A4614A9E5
:10D16000484609F0A7F82BB0BDE8F0832DE9F04F51
:10D17000E5B005460AF0F9FB044628460AF0BDFB77
:10D180008346826804F1140116A8F9F753F80028C1
:10D190007ED0DBF80800089016A9CBF808102046CE
:10D1A000002141F232020FF037F900B25B9000210A
:10D1B00020460FF023F95F90002120460FF029F858
:10D1C0006190002120460FF078F85E900021204603
:10D1D0000FF0B9F84FF4A0255D90294620460FF0D6
:10D1E0006CF80D90294620460FF0ADF80A902946BC
:10D1F00020460FF003F91590294620460FF009F854
:10D200001490208C00260E902684608C40F004013F
:10D21000618428A809F062F828AA294620460FF060
:10D22000BFFB18A808F0E6FA18AA294620460FF016
:10D2300014FB0E982084608C002720F0040060848A
:10D2400020460EF065FBE28A5F991144091A5B984B
:10D250000844401EADF8160020460EF052FB5C90CC
:10D26000002120460EF0DFFE012800D000205A9059
:10D27000594637A80DF03AFF4FF4A0204490E048FB
:10D2800038900020399049A83B9020A83C9000E0BD
:10D2900093E0002089E0E16ABDF8160031F9191029
:10D2A0005791401C00B2491E0144ADF81610BDF95B
:10D2B0005E10ADF8120088427CDC5A9850B1218B88
:10D2C0005D98091A5C98091A5B98081A401EADF817
:10D2D000100009E0A18A5E9801445C98091A5B98E5
:10D2E0000844401EADF81400002558E0A06A4FF035
:10D2F000000A50F8270008B190F800A05A9860B1D1
:10D30000BDF81000401EADF81400216B31F8151067
:10D31000401A401CADF810000BE0BDF81400401C92
:10D32000ADF81000216B31F815100844401EADF81F
:10D330001400002621E0A16AB81951F8200008B3B2
:10D3400090F800A05FEACA701CD05A98216B0028A0
:10D3500005EB06024FF0020000EB4200085A05D030
:10D36000BDF81010081AADF8100004E0BDF8141054
:10D370000844ADF81400761CB6B2A08C7119401E9A
:10D380008142D8DBBDF91600BDF95A10884217DA80
:10D39000B819401C87B2A81980B2401C85B2A08C75
:10D3A000A842A3D809F1010080B2E18C8146494529
:10D3B0003FF671AF0898CBF8080065B0BDE8F08F74
:10D3C000BDF91020ADF83C20BDF91210ADF83E10AB
:10D3D000BDF91480ADF84080ADF8420086469DF856
:10D3E000C300C0F3440043070DD5B4F914C05E9BDD
:10D3F00063449A4207DDBDF9C03003EBD373A2EB5F
:10D400006302ADF83C2082070DD5B4F916305F9A5F
:10D410001A44914207DDBDF9C02002EBD272A1EBA4
:10D420006201ADF83E10010711D5B4F918205D99DD
:10D43000511A491E88450ADABDF9C01001F00102EF
:10D4400001EBD17102EB61014144ADF84010C0071E
:10D4500012D0B4F91A206198101A401E86450BDAD2
:10D46000BDF9C00000F0010100EBD07001EB6001DC
:10D4700001EB0E00ADF84200E28E00214A4569D171
:10D48000A08EA84266D1208C420602D4820600D526
:10D490002021820701D541F00201420701D541F068
:10D4A0000401000701D541F00801E9B32184608C33
:10D4B00040F00401618449A808F010FF20A808F09A
:10D4C00099F94FF4A02849AA414620460FF068FA7E
:10D4D00020AA414620460FF0C0F90E982084608CA7
:10D4E00020F0040161840FA83A90A18C37AA09FBAF
:10D4F000015045901A2120460AF03CFA0FAA49A98A
:10D50000584608F0D7FEA06A50F82700F0B3BDF8DF
:10D5100010100D98084403B2BDF814100A98ADF825
:10D520004430081A02B200E014E0BDF81210159859
:10D53000ADF848200844ADF84600BDF81610149820
:10D54000081AADF84A00CAF340005FEA00080CD0A0
:10D5500002210BE0382228A949A80CF09BFD2022CB
:10D5600018A920A80CF096FDBDE70021D01A401C98
:10D57000BDF9922000B20092CDE90101A06ABDF987
:10D58000943050F8271060A8491C00E031E0189A48
:10D5900013F068FAB8F1000F14D15798BDF9822141
:10D5A000BDF8121000EBD07301EB630002EBD272F6
:10D5B000A0EB6200ADF84600581000EB6200084492
:10D5C000ADF84A0004AA16A962A8F8F733FE80B1A4
:10D5D00062A90020CBF808100090A06A11AA20A927
:10D5E00050F8273058465B1C07F068FE16A9CBF8A8
:10D5F000081037AA1B2120460AF0BCF9C8E6000033
:10D6000008CD05082DE9F04F8B4607469088118814
:10D61000A9B0401A401C00B200EBD0704610881927
:10D62000ADF8780050883044ADF87A0020A808F0B2
:10D6300019F94FF4A02420AA214638460FF05CF9CE
:10D6400018A807F021FE18AA214638460FF0BCF8AA
:10D65000002138460EF089FD8246594602A80DF099
:10D6600045FD604803901EA80B9007F13000249000
:10D67000F9F74AFEAFE0256813942079012801D01C
:10D68000A0B3A4E0B5F92030E88B18440090D5E9A8
:10D690000512E0680CF0F6FBA98B628A00B2114417
:10D6A0008D19804613F01AF910FB05F147F6FF7942
:10D6B00091FBF9F0BDF87A100844ADF89A004046A5
:10D6C00013F008F910FB05F191FBF9F0BDF87810A3
:10D6D0000844ADF89800A08AADF88000208AADF823
:10D6E00082006079FD2802D9504603E016E010FB65
:10D6F0000AF0000A8DF888000120109020A80890F8
:10D7000026A80C9002AA1A2138460AF033F926AB53
:10D710001EAA20A9584608F098F853E02069E0B303
:10D72000B5F92030E88B18440090D5E90512E0687F
:10D730000CF0A8FB054625A920690BF007FABDF8F7
:10D740007800A18A411AADF85810BDF87A00E28A33
:10D75000801AADF85A00259AC2F38A235B1E194439
:10D76000ADF85C104FF0FF3101EB52510844ADF8B9
:10D770005E006079FD2801D9504602E010FB0AF0F6
:10D78000000A8DF86B00A08AADF86400E08AADF85D
:10D79000660005EB8500400000E018E0B0F5616F21
:10D7A00001DDA0F56160ADF8600018A8099002AA3B
:10D7B0001A2138460AF0DEF816AA18A95846236935
:10D7C00007F03AFD02AA1B2138460AF0D3F8214699
:10D7D0002498F9F796FD04007FF44DAF29B0BDE819
:10D7E000F08F000080CE050830B5054691F82A007C
:10D7F00089B00C4602285FD9E08C00285CD0114625
:10D8000004A805F030FF208DBDF81010401E091A45
:10D81000ADF81010BDF81210091AADF81210BDF8CD
:10D8200014100144ADF81410BDF816100844ADF8FA
:10D83000160004A906A805F016FFBDF81810E08C24
:10D84000BDF81220091AADF81810BDF81C100844D4
:10D85000ADF81C00BDF81A00E18C401AADF81A00B2
:10D86000BDF81E00E18C0844ADF81E00BDF81400A0
:10D87000BDF81010401ABDF81610401C891A491C3A
:10D8800000B209B2B4F90020884200DA0146B2EBD6
:10D89000610F00DD4A10E08CA178104403B294F8C7
:10D8A0002A00CDE90201A08CADF80400009204AA80
:10D8B00006A92846FDF75EF809B030BDF8B5044664
:10D8C0000AF053F8064620460AF04DF80446406B2D
:10D8D000B0F5A02F51D1A06B0025072805D22069F3
:10D8E000C570206980F8225012E081B220223046B3
:10D8F00006F0F7FB60B12069C570206980F82250FE
:10D90000122010F041FC00906069BDF80010818188
:10D91000208F4FF4004281B2304606F0E2FB98B10E
:10D9200021696620C870304612F0AEFD0090206973
:10D93000BDF800108180304606F0D1FBA16B884213
:10D9400002D12169B220C870208F4FF4804281B289
:10D95000304606F0C6FB00280FD02169FF2081F871
:10D960002200304612F090FD00902069BDF80010B2
:10D97000C1832169088C401C0884F8BD2DE9F04161
:10D980008CB0054609F0F1FF0446284609F0B5FFC2
:10D990008046606A0BF008FE007800283BD1A06A40
:10D9A000002838D00078002835D001A807F022FFE1
:10D9B00001AA4FF4002120460EF04FFF94F85C00BE
:10D9C000000705D59DF8210040F002008DF82100E8
:10D9D000002120460EF078FC0746002120460EF07C
:10D9E00014FD0646002120460EF066FB054604F1B4
:10D9F000140109A805F040FE701902B2781901B2AD
:10DA000009A805F08DFE0020009009AA01A9404652
:10DA1000A36A07F053FC0CB0BDE8F0817CB5044666
:10DA2000806961896D468668A08961B1002865D0EA
:10DA3000814203D12289E3889A427CD302297BD098
:10DA400003297AD0AFE010BBE088218988421ED23A
:10DA5000B4F9060012F042FFB4F90410B4F90E2034
:10DA6000891A48432168498801EBE030ADF802008B
:10DA7000E0885A3000B212F031FFA18810FB01F0AB
:10DA80002168098801EBE030ADF8040040E020682F
:10DA90000088ADF800002068A18840880844ADF8EF
:10DAA0000600B4F9060012F019FFB4F90410B4F935
:10DAB0000E20891A48432168498801EBE030ADF80F
:10DAC0000200E0885A3000B212F008FFA18810FB73
:10DAD00001F021683246098801EBE030ADF804001E
:10DAE00069460846F8F7A6FB30B1A0696A4685602A
:10DAF0002169A06908F0DEFBA08970BB2068A188BD
:10DB000000880844ADF8040020684088ADF80200A1
:10DB1000B4F9080012F0E2FEA18810FB01F02168C0
:10DB2000498801EBE030ADF8060020895A3000B298
:10DB300012F0D4FE02E015E012E00FE0B4F9041098
:10DB4000B4F90E20891A484321683246098801EB4E
:10DB5000E030ADF8000069461AE024E0022801D068
:10DB6000012820D1206832460088ADF800002068E6
:10DB70004088ADF802002068A18800880844ADF80C
:10DB800004002068A18840880844ADF806002946B2
:10DB90000846F8F74FFB30B1A0696A4685602169F5
:10DBA000A06908F087FBA06986607CBD7CB504464F
:10DBB000806961896D468668A08901290CD0012899
:10DBC00067D0814203D12289E3889A427ED300291B
:10DBD0007DD003297CD0B5E0012822D1E0882189BD
:10DBE00088421ED2B4F9060012F078FEA18810FB1C
:10DBF00001F02168498801EBE030ADF80600E088CB
:10DC00005A3000B212F06AFEB4F90410B4F90E20D2
:10DC1000891A48432168098801EBE030ADF8040017
:10DC200042E02068A1880088401AADF80000206812
:10DC30004088ADF80200B4F9060012F04FFEA1884A
:10DC400010FB01F02168498801EBE030ADF80600D7
:10DC5000E0885A3000B212F041FEB4F90410B4F971
:10DC60000E20891A484321683246098801EBE030CA
:10DC7000ADF8040069460846F8F7DCFA30B1A0694F
:10DC80006A4685602169A06908F014FBA089012813
:10DC900058D120680088401EADF804002068A18893
:10DCA00040880844ADF80600B4F9080012F016FEEA
:10DCB000B4F90410B4F90E20891A48432168498840
:10DCC00001EBE030ADF80200208902E018E010E03E
:10DCD00014E05A3000B212F001FEA18810FB01F0EE
:10DCE00021683246098801EBE030ADF80000694652
:10DCF0001DE0022804D0032802D023E0022821D10D
:10DD00002068A18832460088401AADF800002068DB
:10DD10004088ADF8020020680088401EADF804007D
:10DD20002068A18840880844ADF8060029460846C6
:10DD3000F8F780FA30B1A0696A4685602169A06968
:10DD400008F0B8FAA06986607CBD7CB5044680699D
:10DD500061896D468668A08902290CD002287ED090
:10DD6000814203D12289E3889A4279D3002978D06D
:10DD7000012977D0D4E002283FD1E0882189884268
:10DD80003BD25A3000B212F0A9FDA18810FB01F07D
:10DD90002168098801EBE030ADF80000B4F9060015
:10DDA00012F09CFDB4F90410B4F90E20891A48430E
:10DDB0002168498801EBE030ADF80600B4F90800AD
:10DDC00012F08CFDA18810FB01F02168498801EB5D
:10DDD000E030ADF8020020895A3000B212F07EFD2A
:10DDE000B4F90410B4F90E20891A4843216809884F
:10DDF00001EBE030ADF8040066E020680088401ECA
:10DE0000ADF804002068A1884088401AADF80200EF
:10DE1000E0885A3000B212F061FDA18810FB01F0D9
:10DE20002168098801EBE030ADF80000B4F9060084
:10DE300012F054FDB4F90410B4F90E20891A4843C5
:10DE400021683246498801EBE030ADF806006946AA
:10DE50000846F8F7EFF958B1A069856003E00AE0D9
:10DE60003BE034E036E06A462169A06908F022FA16
:10DE7000A089022854D12068A1880088401AADF8F2
:10DE8000000020684088401EADF8060020895A3006
:10DE900000B212F023FDB4F90410B4F90E20891A6F
:10DEA00048432168098801EBE030ADF80400B4F97B
:10DEB000080012F013FDA18810FB01F021684988C9
:10DEC00001EBE030ADF80200324669461DE0032860
:10DED00003D025E0032800D010BB2068A18832467B
:10DEE0000088401AADF800002068A1884088401AD8
:10DEF000ADF80200206829460088401EADF80400F5
:10DF000020684088401EADF806000846F8F792F9F0
:10DF100030B1A0696A4685602169A06908F0CAF934
:10DF2000A06986607CBD7CB50446806961896D46C8
:10DF30008668A08903290ED0032867D0814203D1C7
:10DF40002289E3889A427ED302297DD001297CD0A0
:10DF500002297BD0B1E003281FD1E08821898842C3
:10DF60001BD25A3000B212F0B9FCB4F90410B4F963
:10DF70000E20891A48432168098801EBE030ADF88A
:10DF80000000B4F9060012F0A9FCA18810FB01F012
:10DF90002168498801EBE03040E02068A1880088D2
:10DFA0000844ADF8040020684088401EADF8060023
:10DFB000E0885A3000B212F091FCB4F90410B4F9C0
:10DFC0000E20891A48432168098801EBE030ADF83A
:10DFD0000000B4F9060012F081FCA18810FB01F0EA
:10DFE00021683246498801EBE030ADF8020069460D
:10DFF0000846F8F71FF930B1A0696A4685602169C3
:10E00000A06908F057F9A089032856D12068008834
:10E01000ADF800002068A1884088401AADF80200E1
:10E0200020895A3000B212F059FCA18810FB01F08F
:10E030002168098801EBE030ADF80400B4F908006C
:10E0400012F04CFC03E016E010E013E00FE0B4F92E
:10E050000410B4F90E20891A4843216832464988D1
:10E0600001EBE030ADF8060069461BE018B101286D
:10E0700001D022E008BB206832460088ADF80000DD
:10E080002068A1884088401AADF802002068A18865
:10E0900000880844ADF80400206829464088401EE6
:10E0A000ADF806000846F8F7C5F830B1A0696A4631
:10E0B00085602169A06908F0FDF8A06986607CBDD3
:10E0C00070B5A4B00C46054620AA22A90DF028FC84
:10E0D00022A805F0ECFA20B920A805F0E8FA0028FB
:10E0E0003ED012A9284615F0E7FB012838D1214679
:10E0F00068460CF0FBFF1B4801900220029012A81A
:10E1000004904FF480300D9022A805F0D0FA80B131
:10E1100022A803906A461A21284609F02BFC22AA5D
:10E1200012A9204608F0C6F86A461B21284609F0C5
:10E1300021FC20A805F0BBFA002811D020AE6A46C9
:10E140001A212846039609F015FC20AA12A9204698
:10E15000039608F0AFF86A461B21284609F00AFC2E
:10E1600024B070BD44F404082DE9F74FB1F92E0036
:10E17000AAB014460E46002872D096F8361002292E
:10E180006ED9012808D1B6F93400002804DC308E9D
:10E1900010B9708E0028EFD02088318E4218B08ED2
:10E1A000151AADF82850A28811440B18ADF82C3080
:10E1B0006088718E0844B18E421AADF82A20E0883A
:10E1C000718E0844B18E0144ADF82E10B6F92E00C0
:10E1D00000EBD070A5EB60056D1EADF84C5001252D
:10E1E00005EB60001844ADF85000B6F92E0000EBC6
:10E1F000D070A2EB6000401EADF84E00B6F92E00C4
:10E2000000EBD07005EB60000844ADF8520096F8C2
:10E2100036002990FD2801D9FF2029902A9813A9BA
:10E22000826827A8F8F706F80028A5D021461DA87F
:10E2300005F019FA4FF0FF38414642461DA805F097
:10E2400062FAB6F900901DA805F051FA04461DA81F
:10E2500005F021FA84421DA803DA05F048FA02E02D
:10E26000FEE305F018FAB9EB600F01DD4FEA600933
:10E27000B6F900400AA805F03AFA05460AA805F0E2
:10E280000AFA85420AA802DA05F031FA01E005F03F
:10E2900002FAB4EB600F00DD4410B6F92E00051948
:10E2A00005FB05F040000BF02BFE10900146B6F97F
:10E2B0002E2023460AA815F035FC13A807F0D2FC3F
:10E2C000012720B9F078FF2801D3B07860B100278A
:10E2D00001234A461DA920A807F030FF002120A8ED
:10E2E00007F0E0FA269001E0CDF8988013A805F039
:10E2F000FEF90BF005FE83461C2115A80BF0A8FFC4
:10E30000CDF854D0CDF860B0CDF868D0B08DADF870
:10E310005C0096F836008DF86C00B0788DF86D00D2
:10E32000BDF85000BDF84C20ADF80400811A491C1E
:10E3300009B201EBD17102EB61010FFA81FABDF86C
:10E340005220BDF84E10401B521A521C12B202EB62
:10E35000D27201EB6202401C14B200B26A1EADF828
:10E360000000ADF80210114409B20992ADF8061090
:10E370005246504500DC1046ADF80000A14200DBDB
:10E3800021462A98ADF806106946826806A8F7F774
:10E3900051FFD0B34A461DA906A8F7F773FFA0BBEB
:10E3A000BDF81C00BDF91810BDF91A20401A401C18
:10E3B00000B20890BDF94E301098D21A02FB050049
:10E3C000BDF95020521B891A0844401E059047B1E0
:10E3D0004A461DA906A8F7F7C5FF10B101200F9006
:10E3E00000E00F970898002827DDBDF81800ADF869
:10E3F0000000BDF81C00ADF804000220CDF860B0AC
:10E400008DF86400BDF91A8013E016E0ADF80280C3
:10E410000F98ADF8068070B30598189015A92A9842
:10E4200008F048F905982844059008F101000FFA12
:10E4300080F8BDF91E104145E8DABDF85000ADF88E
:10E440000400401B401C00B2ADF80000BDF8522093
:10E45000ADF80620511B491C09B2ADF80210524616
:10E46000504500DC1046ADF80000601C1190814260
:10E4700016DD084615E0FFE72A46584605990BF0D9
:10E4800009FEBDF9181042465846089B07F0ACFB40
:10E490008DF864000128C1D102208DF86400BDE729
:10E4A000601CADF802002A986946826806A8F7F752
:10E4B000C1FED0B34A461DA906A8F7F7E3FEA0BBEC
:10E4C000BDF81C00BDF91810BDF90620401A401C0B
:10E4D00000B20890BDF91E301098D21A02FB050058
:10E4E000BDF95020521B891A0844401E059047B1BF
:10E4F0004A461DA906A8F7F735FF10B101200F9075
:10E5000000E00F970898002827DDBDF81800ADF847
:10E510000000BDF81C00ADF804000220CDF860B08A
:10E520008DF86400BDF91E8013E016E0ADF802809E
:10E530000F98ADF80680B0B30598189015A92A98E1
:10E5400008F0B8F8059828440590A8F101000FFAE2
:10E5500080F8BDF91A104145E8DDBDF84C00099975
:10E560002844ADF80000BDF85000401BADF8040091
:10E57000BDF84E00ADF80200084400B2ADF8060048
:10E58000A04200DB2046ADF806002A986946826862
:10E5900006A8F7F74FFEB0B34A461DA906A8F7F73D
:10E5A00071FEA8B17CE0FFE72A46584605990BF0BA
:10E5B00071FDBDF9181042465846089B07F014FB40
:10E5C0008DF864000128B9D102208DF86400B5E708
:10E5D000BDF81C00BDF81810BDF90220401A401CFF
:10E5E00000B20890BDF91A101098891A01FB0500B5
:10E5F00005904FB14A461DA906A8F7F7B3FE18B11A
:10E6000001200F9001E04BE00F970898002847DDAC
:10E610000F9860B100201890BDF81800ADF8000008
:10E62000BDF81C00ADF80400BDF91A0033E0CDF8C8
:10E6300060B0F1E7ADF802800F98ADF8068060B1E8
:10E640002998FF280598007804D096F8361010FB1A
:10E6500001F0000A8DF86C0013E00598089A017823
:10E6600058460BF0C3FDBDF9181042465846089BAA
:10E6700007F0BAFA8DF86400012802D102208DF863
:10E68000640015A92A9808F015F805982844059003
:10E6900008F1010000B2BDF91E1080464145C9DAFB
:10E6A00096F836008DF86C00BDF84C002844ADF8A3
:10E6B0000000BDF85000BDF85210401BADF804003A
:10E6C000481B401CADF8061000B21199ADF80200CD
:10E6D000884200DC601CADF802002A986946826816
:10E6E00006A8F7F7A7FD78B34A461DA906A8F7F7CD
:10E6F000C9FD48BBBDF81C00BDF81810BDF91E20AF
:10E70000401A401C00B20890BDF906101098891AF2
:10E7100001FB050005900898002851DD3FB14A46ED
:10E720001DA906A8F7F71EFE0020189001E0CDF8FD
:10E7300060B0BDF81800ADF80000BDF81C00ADF8E1
:10E740000400BDF91E0036E03AE000BFADF80280DB
:10E75000ADF806808FB14A461DA906A8F7F702FE5C
:10E760002998FF280598007804D096F8361010FBF9
:10E7700001F0000A8DF86C0013E00598089A017802
:10E7800058460BF033FDBDF9181042465846089B19
:10E7900007F02AFA8DF86400012802D102208DF8D2
:10E7A000640015A92A9807F085FF0598284405906C
:10E7B000A8F1010000B2BDF91A1080464145C5DD3F
:10E7C00096F836008DF86C00BDF85000ADF80400E6
:10E7D000411BBDF84E00491C0AB22844ADF8002088
:10E7E00000B2ADF80200BDF85210119B491B09B2EE
:10E7F000ADF80610984200DB601CADF80200A142A3
:10E8000000DC2146ADF806105046524500DC0246B9
:10E810002A98ADF800206946826806A8F7F70AFD35
:10E82000B8B34A464E461DA906A8F7F72BFD80BB94
:10E83000BDF81C00BDF91810099A401A401C00B21E
:10E840000890109802FB0500BDF95020521B891A50
:10E850000844401E0590EFB132461DA906A8F7F7FF
:10E8600081FD10B14FF0010800E0B84605981890FE
:10E870000898002836DDBDF81800ADF80000BDF896
:10E880001C00ADF8040002208DF86400BDF91A6088
:10E8900024E027E0B8465846E9E700BFADF802603B
:10E8A000ADF80660B8F1000F12D15846089A0599E4
:10E8B0000BF0F0FBBDF9181032465846089B07F0E4
:10E8C00093F98DF86400012802D102208DF86400CC
:10E8D00015A92A9807F0EEFE761C36B2BDF91E0087
:10E8E000B042DBDA0022109817E000BF00EB050E03
:10E8F000AEF10101002305EBD57608E090F800C0E9
:10E9000091F8008000F8018B01F801C95B1CB3EBA2
:10E91000660FF3DB521C704612B2AA42E6DBBDF86A
:10E920004C000999ADF80000084401B2BDF84E0052
:10E93000119B284400B2ADF80200BDF85220ADF89A
:10E940000410521B12B2ADF80620984200DB601C86
:10E95000ADF80200A24200DC2246AAF10100ADF8A7
:10E9600006200C90814200DB01462A98ADF8041085
:10E970006946826806A8F7F75DFCA8B34A464E468A
:10E980001DA906A8F7F77EFC70BBBDF81C00BDF9F9
:10E990001810099A401A401C00B20890109802FB07
:10E9A0000500BDF90020891A08440590EFB13246F0
:10E9B0001DA906A8F7F7D6FC10B14FF0010800E03A
:10E9C000B846059818900898002835DDBDF818005D
:10E9D000ADF80000BDF81C00ADF8040002208DF871
:10E9E0006400BDF91A6023E026E0B8465846E9E71E
:10E9F000ADF80260ADF80660B8F1000F12D15846CC
:10EA0000089A05990BF046FBBDF918103246584696
:10EA1000089B07F0E9F88DF86400012802D1022074
:10EA20008DF8640015A92A9807F044FE761C36B2CA
:10EA3000BDF91E00B042DBDABDF84C000999ADF813
:10EA400000000844BDF84E10099AADF802101144B8
:10EA500000B2ADF8040009B2ADF806100C9A00E05F
:10EA60005AE1904201DBAAF10100ADF80400A14295
:10EA700000DB21462A98ADF806106946826806A890
:10EA8000F7F7D8FBC0B34A461DA906A8F7F7FAFB6B
:10EA900090BBBDF81C00BDF91810BDF91A20401A32
:10EAA000401C00B20890BDF902301098D21A02FB47
:10EAB0000500BDF90020891A01EB000847B14A465C
:10EAC0001DA906A8F7F74EFC10B101200F9000E039
:10EAD0000F970898CDF860B0002822DDBDF8180027
:10EAE000ADF80000BDF81C00ADF8040002208DF860
:10EAF0006400BDF91A6010E013E000BFADF80260D9
:10EB00000F98ADF80660C8B3CDF8608015A92A98B3
:10EB100007F0D0FD761CA84436B2BDF91E00B04205
:10EB2000ECDABDF84C00ADF800000999BDF85220B0
:10EB3000084401B2501BADF80410401CADF806208B
:10EB400000B2119AADF80200904200DC601CADF8F2
:10EB500002000C98814201DBAAF101012A98ADF86C
:10EB600004106946826806A8F7F764FBC8B34A46F2
:10EB70001DA906A8F7F786FBA8B15AE0FFE72A46C9
:10EB8000414658460BF086FABDF9181032465846F1
:10EB9000089B07F029F88DF864000128B6D10220FF
:10EBA0008DF86400B2E7BDF81C00BDF91810BDF97E
:10EBB0000620401A401C0FFA80FABDF91E3010984A
:10EBC000D21A02FB0500BDF90020891A0E184FB1B8
:10EBD0004A461DA906A8F7F7C5FB18B14FF0010872
:10EBE00001E026E0B846CDF860B0BAF1000F20DDB4
:10EBF000BDF81800ADF80000BDF81C00ADF8040029
:10EC000002208DF86400BDF91E400EE0ADF8024010
:10EC1000ADF80640B8F1000F2FD0189615A92A9824
:10EC200007F048FD641E2E4424B2BDF91A00A0422C
:10EC3000ECDDBDF84C0069462844ADF80000BDF895
:10EC40005000401BADF80400BDF84E00CDF860B098
:10EC50002844ADF80200BDF85200401BADF8060094
:10EC60002A98826806A8F7F7E5FAE8B34A461DA98C
:10EC700006A8F7F707FBA0B141E02A4631465846FF
:10EC80000BF008FABDF9181053462246584606F014
:10EC9000ABFF8DF864000128C0D102208DF864001C
:10ECA000BCE7BDF91C10BDF918000A1A521C15B2B8
:10ECB000002D24DDADF80410ADF80000BDF91A40B8
:10ECC00019E000BFADF80240ADF8064029465846AD
:10ECD0000BF0ECFABDF918102B462246584606F008
:10ECE00083FF8DF8640000E009E015A92A9807F079
:10ECF000E1FC641C24B2BDF91E00A042E2DA2FB987
:10ED000020A806F093FF269807F0C4FA10980BF09D
:10ED100043F958460BF040F92DB0BDE8F08F0000E4
:10ED20002DE9F74FD8B0589849909088B2F9003043
:10ED3000D4885188C01A401C611A00B2491C09B21B
:10ED400000EBD070401001EBD171B0EB610F00DB34
:10ED5000481028901844ADF80C00518828980844B1
:10ED6000ADF80E0025A806F07DFD4FF4C02425AABD
:10ED7000214658980DF0C0FD9DF89D0040F0100010
:10ED80008DF89D000BA806F035FD0BAA214658987A
:10ED90000DF063FD13A859990CF0A8F9E9481490F7
:10EDA0000320159025A819904998209424300590A7
:10EDB000F8F7AAFABFE12494A08B2899BDF80C209B
:10EDC000084406B2A189A088711A301A0FFA81FB93
:10EDD000111AADF82811BDF80E1002440B1AADF847
:10EDE0002C210844ADF82A31ADF82E0147F6FF7505
:10EDF00001232A464AA943A807F0A0F9BDF80C2030
:10EE00000123A2EB0B00ADF83001BDF80E00A0EB22
:10EE10000B01ADF83211ABF101010A44ADF8342118
:10EE20000844ADF836012A464CA932A807F086F905
:10EE3000BDF80C100023881BADF83801BDF80E207A
:10EE4000901BADF83A01701E0144ADF83C1110441E
:10EE5000ADF83E012A464EA92AA807F06FF9002115
:10EE60002AA806F01FFD4190608908B1401E01E00C
:10EE70004FF6FF708046002749E100BF608908F126
:10EE800001084FF0000A404502D1D0464FF0010A78
:10EE9000A0690090628800213846521E63690AF01A
:10EEA000F1FF81462390BAF1000F04D0A068399099
:10EEB0003090E08903E0206839903090E08800B21B
:10EEC00052900290499830300890F8F71DFA43E0CC
:10EED000287902283CD1A968494539DCEA684A45C5
:10EEE00036DB2B8A0298184400B20290688AAB8AFB
:10EEF000984203D1688AADF8E40029E0A87D4FF07C
:10EF00000003C0074FF0FF000090484601D1D4E94C
:10EF100005120AF0B7FFC0B2698A001DB5F814C027
:10EF2000C308ADF8241088B240EA0041864A1FFAAF
:10EF30008CF040EA004011401040401A584301EB69
:10EF40005010104040EA1040ADF8000080B23990F7
:10EF500029460898F8F7D5F90500B9D1E08B784330
:10EF600001026088401E91FBF0F108123A90401CAB
:10EF7000C9B209900091218C3A98084400B211F06E
:10EF8000ADFC0546218C0998084400B211F0A6FC9E
:10EF90000099C1F58072079212FB05F210FB012067
:10EFA0000512218C3A98084400B211F093FC0890A5
:10EFB000218C0998084400B211F08CFCDDE907218E
:10EFC00012FB01F2009910FB01200212BDF8E400CF
:10EFD000ADF894000298ADF8960040923044424358
:10EFE000BDF80C107F3201EBE231ADF8C41068437C
:10EFF000BDF80E107F3001EBE030ADF8C60003A87D
:10F0000021971C900BA81890BAF1000F5BD0419883
:10F0100007F040F9B4F910104098ABEB01014843F8
:10F02000BDF80C207F3002EBE03040904D43BDF83E
:10F030000E007F3500EBE53A20220BA938A80BF033
:10F0400029F838A818904B4640A2102154A810F077
:10F050004FF954A81E9013AA1A21589808F08AFC58
:10F06000BDF93E00002541F6FF718DE82300BDF992
:10F07000403053A80B9A1E9911F0F4FCBDF94C11C5
:10F08000409801EBD172A0EB6202BDF94E01114430
:10F0900000EBD07CAAEB6C03ADF81C20ADF820107F
:10F0A0001844ADF81E30ADF82200009507AA1E9B4B
:10F0B0001899599806F002F900212AA806F0F2FBE7
:10F0C000419032A808E0002018901E9013AA1A213F
:10F0D000589808F04FFC43A8002106F0E3FB0546D2
:10F0E00003AB31AA25A9599806F0AFFB284607F0D3
:10F0F000D1F813AA1621589808F03CFCBDF8C000BE
:10F10000ADF8940052987F1CADF89600FFB260886D
:10F11000B8423FF6B3AE43A806F088FD32A806F029
:10F1200085FD2AA806F082FD419807F0B3F8214634
:10F130000598F8F7E6F804007FF43DAE5BB0BDE853
:10F14000F08F000080CE05081FF8E007256400005E
:10F1500009490120096809B1002070470749CA69B7
:10F16000002AF9D1044A283212688968491E8A4265
:10F17000F3D102207047000030100020B8040020B6
:10F180002DE9FF5F0C46934680462021DDF838A02C
:10F190000DF093FA002878D0BAF1030F40461DD045
:10F1A0000CF0A1FB814609F0CBFD002705463E4649
:10F1B000BAF1030F3946404613D00DF0E0F882460D
:10F1C000002140460CF0EDFF4946B9F1010F5DD03A
:10F1D000022963D0B9F1030F66D13BE00CF07CFB50
:10F1E000E0E70DF032F88246002140460DF073F85A
:10F1F0004946B9F1010F1ED0022924D0B9F1030FFD
:10F2000052D1B8F81820B8F81410521A521C13B280
:10F21000A3EB0A02101A00EBD0720AEB620008445A
:10F2200007B2298BA88A091A491C09B201EBD171CE
:10F2300000EB610027E0B8F81410B5F9146001EB99
:10F240000A0007B230E0B8F81810B5F91860081ACB
:10F2500007B229E0B8F81A20B8F81610521A521C52
:10F2600013B2A3EB0A02101A00EBD0720AEB620091
:10F27000084407B2688BE98A401A401C00B200EBD0
:10F28000D07001EB600006B20EE02FE0B8F8161067
:10F29000B5F9166001EB0A0007B205E0B8F81A10DC
:10F2A000B5F91A60081A07B2A01E039900B2002926
:10F2B00010DAB9F1000F15D0BE4221DC12E0002CAB
:10F2C00001DDA41C24B2E01704EB9070801004B0A0
:10F2D000BDE8F09FBBF1000F12DAB9F1000F01D0C9
:10F2E000BE420DDB002CEADA0446E8E70398E04270
:10F2F00002D50398404204B2BBEB040000D55C4643
:10F300002046E4E770B5044609F006FD48B1006800
:10F3100082680AB1217A9047207E810743D4C007D2
:10F320007CD10126002160680CF05EF900251AE00E
:10F33000016899B1017ACA0910D0802904D0227AD3
:10F3400021F08001914209D14168E16001682046C5
:10F350008847207E810726D4C0075FD16D1C2946CF
:10F3600060680CF041F908B1002EE1D1214600207F
:10F370000CF067F8050053D0002160680CF034F9F8
:10F38000002619E0016891B1017A0A060FD411B183
:10F39000227A91420BD14168E1600168204688479A
:10F3A000207E810701D5012070BDC00736D1761CB3
:10F3B000314660680CF018F910B1012DE2D02FE051
:10F3C000012D2DD16068416851B3217E490727D4B2
:10F3D000217A232919D0242917D0A9030DF06DF91A
:10F3E000F0B1207A11381C280FD2DFE800F019198B
:10F3F0001919191919191919190E0E190E0E1919A9
:10F4000019190E0E0E0E19190E1960684068606009
:10F410002046FFF777FF0546012801D0002070BD88
:10F42000284670BD2DE9FF4F8A880B8889B0D21A13
:10F43000521C17B2CA8849880446511ADDE916B829
:10F44000491C19980FFA81F9012813D0022813D00A
:10F45000032843D1434E00BF5FEA08000ED00020CE
:10F4600006902088ADF8140098F80000FD2838D3E5
:10F470005A4639E03C4EEFE73C4EEDE72088ADF8C8
:10F480000000ADF808005A4600990C98B047059066
:10F49000002020E0002517E0BDF8080034F8151022
:10F4A00088420BD004EB45005A460088ADF81400A2
:10F4B000ADF8080005990C98B047059004EB45009D
:10F4C000BDF8141001806D1CBD42E5DB0B9804EB08
:10F4D000400408F1010080464845DBDB0DB0BDE883
:10F4E000F08F00FB0BF0020A05990C98B0470890CA
:10F4F000002033E0002528E018F8050020B3069925
:10F50000884205D1BDF8141034F81520914216D068
:10F51000FD2801D35A4602E000FB0BF0020A04EB7F
:10F5200045000088ADF8180006990C98B04708907F
:10F5300018F80500069034F81500ADF8140004EB37
:10F540004500BDF8201001806D1CBD42D4DB0B9836
:10F55000189904EB400488440AF1010082464845AA
:10F56000C8DBBBE7339C0108BF9B0108999C0108DD
:10F570002DE9FF4F83B00F46DDE910860446F8F70A
:10F5800015F9B8883988401A401C05B2F88879887E
:10F59000401A401C0FFA80F976B1BDF81800B8F196
:10F5A000FD0F00EB004000907DD3A5F104084FF063
:10F5B000000BBDF818A034E1B8F1FD0F0FD3002601
:10F5C00008E02A462046069905F06EF80598761C54
:10F5D00004EB40044E45F4DB07B0BDE8F08FBDF806
:10F5E0000010002060F3040189B260F34A1189B26F
:10F5F00060F3CF21ADF8001088B20090BDF8000094
:10F60000009001464246069805F0E2F901900699FD
:10F61000404689B2CA0A424362F30F06C1F345125B
:10F6200001F01F0101FB08F102FB08F261F30F0773
:10F6300062F31F46BA46C8F1FF01002250E00020E5
:10F6400048E000BFBDF8003034F81070BB423BD03A
:10F6500004EB4003B7B21B88ADF80030ADF80830BA
:10F660009BB24FEAD32C0CFB0177803707EBC71C0A
:10F670000CEBC737BDF80480C7F3C45767F3CF2836
:10F68000C3F3451C370C0CFB0177803707EBC71C15
:10F690000CEBC737C7F3C55767F34A181FFA8AF749
:10F6A00003F01F0300E0C3E003FB0173803303EBAF
:10F6B000C31707EBC333C3F3C45363F30408ADF8B4
:10F6C00004801FFA88F3019304EB4003BDF8047033
:10F6D0001F80401CA842B5DB0598521C04EB400477
:10F6E0004A45ACDB78E7002710E03278FF2A12D0D9
:10F6F0002088ADF804000199069805F069F9019099
:10F70000BDF804002080A41C761C7F1CAF425DDA8B
:10F71000B007EAD15AE0A4F800A0F4E73068411C31
:10F7200043D0E8B33278FF2A53D02088ADF80400E4
:10F730000199069805F04CF90190BDF8040020806D
:10F7400016F8012FA41CFF2A46D02088ADF804002B
:10F750000199069805F03CF90190BDF8040020805D
:10F7600016F8012FA41CFF2A39D02088ADF8040018
:10F770000199069805F02CF90190BDF8040020804D
:10F7800016F8012FA41CFF2A2CD02088ADF8040005
:10F790000199069805F01CF90190BDF8040000E0FD
:10F7A00011E02080A41C761C0FE0A00707D0A4F86D
:10F7B00000A0022000990151A4F806A003E00098DF
:10F7C0002060009860600834361D3F1D4745A5DD68
:10F7D0001CE0A4F800A0B3E7A4F800A0C0E7A4F8D8
:10F7E00000A0CDE7A4F800A0DCE73278FF2A1CD007
:10F7F0002088ADF804000199069805F0E9F8019019
:10F80000BDF804002080A41C761C7F1CAF42ECDBFA
:10F8100005980BF1010B401B04EB40041298401BB0
:10F820000644CB45FFF65FAFD6E6A4F800A0EAE7B2
:10F8300000222188ADF800109346104633E00027DF
:10F8400027E0307818B3904205D0FF282FD000FB76
:10F8500008F31B0A9B46904203D134F817008142FB
:10F8600010D0BBF1FF0F24D004EB47005A460088AC
:10F87000ADF800000099069805F0AAF800903278DB
:10F8800034F8171004EB4700BDF800300380761CF5
:10F890007F1CAF42D5DB059804EB40041298401B57
:10F8A00006440AF1010082464845C8DB94E6434617
:10F8B000D0E70698E2E700002DE9FF4F83B00C4641
:10F8C000DDF84480F7F772FFBDF818A08146B8F163
:10F8D000000F0CD0A0882188401A401C07B2E08895
:10F8E0006188401A401C0FFA80FB002641E0B4F901
:10F8F000026017E0B4F900500FFA86F80DE0109896
:10F900000290ADF804A0CDF80080D9F800002BB229
:10F91000059AC7690399B8476D1CB4F90400A84259
:10F92000EDDA761CB4F90600B042E3DA07B0BDE8C0
:10F93000F08F002518E000BF18F8050098B1109965
:10F94000ADF804A04843000A02906088039930444F
:10F9500000B200902088059A284403B2D9F800002C
:10F96000D0F81CC0E0476D1CBD42E5DB1298761C48
:10F9700080445E45DDDBD9E700680968884201D133
:10F98000012070470020704740680A6820F040401E
:10F99000904200D20860002070472DE9F04F002708
:10F9A00087B00446BA4609F0B7F900680025B4F9F3
:10F9B000141090F81890266AA846002900DC4942E5
:10F9C000B4F91600002800DC4042814201DD012527
:10F9D000ADE04FF00108AAE0102130460CF06DFEBA
:10F9E00000287ED0CDE90058AB46CDF808803046DF
:10F9F0000BF0ACFEC10700D18B46810701D400217A
:10FA00000091410701D400210291000701D4002098
:10FA1000019030460BF06EFF059030460BF044FE2F
:10FA2000049030460BF09AFE039030460BF0F6FE41
:10FA30000599002902DC0499002910DD029919B109
:10FA4000B4F916204A4507DA019941B1B4F91620F4
:10FA5000C9F100018A4202DC37464FF00C0A0399D3
:10FA6000002901DC002811DDBBF1000F03D0B4F93F
:10FA700014204A4507DA009941B1B4F91420C9F1BC
:10FA800000018A4202DC37464FF0030A059900293B
:10FA900001DC002102910499002901DC002101917F
:10FAA0000399002901DC4FF0000B002801DC002045
:10FAB0000090BBF1000F03D0B4F91410494517DAD8
:10FAC000009828B1B4F91410C9F1000081420FDD8B
:10FAD000029818B1B4F91610494509DA019800B135
:10FAE00000E010E0B4F91610C9F1000081420ADC10
:10FAF0000DB1032000E00C2094F83C1060F30301EA
:10FB000084F83C1016E04FF4807130460CF0D5FDBF
:10FB100035EA00000ED14FF4007130460CF0CDFDF7
:10FB200038EA000006D130460BF0B2FD0646002E42
:10FB30007FF452AF4FB194F83C1000206AF30301F8
:10FB400084F83C10A762A082E08207B03846BDE886
:10FB5000F08F00002DE9FF4F83B08B4682460BF0FB
:10FB6000BBFE060012D041F6FF7844460021504605
:10FB70000CF06BFB0090002150460CF0ACFB0190A8
:10FB800050460BF086FC074600255FE0002007B0DA
:10FB9000BDE8F08FDAF808003149006850F8250018
:10FBA00081460CF091FDE8BB4FF4805148460CF0C3
:10FBB00084FDB8B3012E04D0022E08D0032E44D108
:10FBC0001AE0B9F91400BAF81420009932E0BAF832
:10FBD00018200199B9F91800511A069A09B210446F
:10FBE00000B2584531DB059A90422EDC401A00B233
:10FBF000002821DD014620E0B9F81820B9F81410DA
:10FC0000BAF81830501A401C00B200EBD070BAF8A5
:10FC1000142001EB6000991A491C0BB2009900B244
:10FC20005B1A00E011E00199591A01EBD1730099B8
:10FC300001EB63011144D0E74142002C01DD224673
:10FC400000E06242914200DA04466D1CBD42A1D33D
:10FC5000444501D1002000E0604200B297E7000077
:10FC6000010004002DE9FF4F83B08B4682460BF064
:10FC70003AFE060012D041F6FF7844460021504675
:10FC80000CF07DFB0090002150460CF08AFA0190A8
:10FC900050460BF0FEFB074600255FE0002007B052
:10FCA000BDE8F08FDAF808003149006850F8250007
:10FCB00081460CF009FDE8BB4FF4805148460CF03A
:10FCC000FCFCB8B3012E04D0022E08D0032E44D180
:10FCD0001AE0B9F91600BAF81620009932E0BAF81D
:10FCE0001A200199B9F91A00511A069A09B210445A
:10FCF00000B2584531DB059A90422EDC401A00B222
:10FD0000002821DD014620E0B9F81A20B9F81610C4
:10FD1000BAF81A30501A401C00B200EBD070BAF892
:10FD2000162001EB6000991A491C0BB2009900B231
:10FD30005B1A00E011E00199591A01EBD1730099A7
:10FD400001EB63011144D0E74142002C01DD224662
:10FD500000E06242914200DA04466D1CBD42A1D32C
:10FD6000444501D1002000E0604200B297E7000066
:10FD7000010004002DE9FF4F83B00E46DDE910B409
:10FD80001746002103980CF04FFC0546002103980C
:10FD90000CF0B3F90146F07882070BD5C30742F2A5
:10FDA000D17202D0954202D006E0914206D120F0F5
:10FDB0000200F070C00701D07D4800E07D48814618
:10FDC000F078C00712D07B484FF0000AA4F802A0D8
:10FDD000A4F804A0C4F810A0A4F800A0C4F808A0D7
:10FDE000C4F80CA0804639460197ADE07048EBE7B7
:10FDF0000198B84206D04FF4000128460CF05DFC93
:10FE0000002873D16C4928460CF05EFC00286ED1A6
:10FE1000002128460CF060F9029070B32069401C64
:10FE20002061A28802EB0B01A180217DC90771D05E
:10FE300000EB800080000AF063F80090F0B1E16808
:10FE400051B12069401E00EB8000820000980AF04A
:10FE500021F9E0680AF0A0F8206900EB8001009821
:10FE600000EB81004FF0000140F8145CF078C0070F
:10FE7000284604D041F2020203E039E0FEE741F2F5
:10FE800005020CF0C9FA216900B201EB8102009968
:10FE900001EB820121F8100CF0784FF00001C0074F
:10FEA000284602D041F2030201E041F206020CF0C2
:10FEB000B3FA216900B201EB8102009901EB8201E2
:10FEC00021F80E0C2069029900EB8002009800EBEB
:10FED000820040F8081C206900EB8002009800EBCB
:10FEE000820040F804AC0098E06013E032E020E0CB
:10FEF0002846494688470146F078800705D5B4F979
:10FF0000040042180698824224DCA28801EB0B0010
:10FF10001044A0802846414688470146B4F90000B5
:10FF2000814202DD2846414688472080A068401C67
:10FF3000A060F078400702D54FF0FF3000E00120CC
:10FF400001994118019105D403980BF090FA051E10
:10FF50007FF44EAFB4F90400002802DDA0EB0B00E3
:10FF6000A080206908B1069801E0B4F9040060801F
:10FF7000CDB10198B84216D1039901AA89680968E0
:10FF800051F82050F078C0F38001039800F004FE8F
:10FF90004DB1284641468847208028464946884733
:10FFA00060800120A060019807B0BDE8F08F0000DC
:10FFB00061C602080FB602080100060070B5174CB2
:10FFC00017490646606A4968C0B04FF0FF3588425D
:10FFD00001D0042017E0A07C694611F0C7FF88B962
:10FFE0003146684612F0A6F860B1039820620220FC
:10FFF000207400206083094811F03AFF30B1284690
:020000040802F0
:1000000040B070BD052013F0D9FCF8E7002364224E
:100010000221304611F0A5FB0020F1E7080B00207B
:10002000CC0000202DE9F04FB24D93B004460021E2
:100030002A880CF0F1F99DF81710421C62F30001B8
:10004000820862F34101C00860F382018DF8171045
:10005000204600216A880CF0DFF98DF81400204654
:100060000021AA880CF0D8F98DF81500204600214F
:10007000EA880CF0D1F98DF81600002120460BF02B
:10008000D9FF012800D0002081469DF817004FF0CD
:100090000001C00720460CD00CF063F982469DF8A1
:1000A00017004FF00001C007204605D00CF0BFF844
:1000B00004E00CF0BCF8F1E70CF053F907909DF860
:1000C0001700C007204602D00BF04FFA01E00BF0FA
:1000D00032FA06902046002141F232020CF09CF9DF
:1000E00005462046002141F610020CF095F9E18A00
:1000F0002844461820460BF00BFC301AADF82000BF
:100100002046002141F612020CF086F9A18A28440B
:10011000451820460BF0F5FB281AADF840009DF875
:1001200017009DF81660C00701D008AD00E010ADC3
:10013000002120460CF078FA1190002120460BF0A7
:10014000DCFF83469DF81700C10708D0ABF51C52B1
:10015000D13A02D1618C890509D5C10708D1119A1C
:10016000A2F51C51D13903D1618C490500D4002678
:10017000B9F1000F08D0C00706D116B1012E02D088
:1001800002E0012600E000260027ADF83C70B846EA
:100190008EB39DF81700400703D5A0684268521E31
:1001A00015E0002213E000200E9009A90798CDE980
:1001B000000105A92046069BFFF7DCFD0246BDF8BD
:1001C000241007EB0A00084407B208F10108A068F0
:1001D0004068904201DD002AE5DAB8F1000F02D054
:1001E000A7EB0A0007B29DF81700C007204603D00E
:1001F0000BF0A1F902E00BE00BF0B7F90FA9CDE984
:10020000005101460FFA88F33A46304611F0C0FF1C
:100210009DF81700410703D5A1684E68761E00E0DF
:100220000026B9F1000F04D0C00702D12888384455
:10023000288009AFA0684068B04249DD002E47DB46
:1002400001200E900798CDE90007324605A9204607
:10025000069BFFF78FFD8046B9F1000F08D09DF88F
:100260001700C00704D12888BDF82410401A288040
:10027000DDE90601BDF9202002AB019283E883008D
:10028000BDF9400000904346324605A92046F9F7E3
:1002900041F946460C9809F07FFE00200C90B9F118
:1002A000000F03D09DF81700C0070AD02888BDF8BA
:1002B0002410BDF83C20014402EB0A0008442880C9
:1002C000B8E7BDF83C20298802EB0A00081AF6E7D7
:1002D000119942F2D170814201D0834502D120466A
:1002E0000CF093FF00222B21204607F043FB13B0B4
:1002F000BDE8F08FAC0600202DE9F05F0546007EDA
:1003000092468B46C0076BD14FF00108EC6800267F
:10031000C1467CB9287EC0F3C000401E30425FD188
:10032000B9F1000F5CD02846594688474FF00008C5
:100330000446C1460EB9261E52D0B8F1000F06D0B1
:1003400021462846524690470446B04248D04FF0D6
:100350000108002CDED020680BF02EFE0006D8D459
:1003600027683AE0012138460CF0A7F980B32FB195
:10037000012138460CF0A1F90028CAD1E868A04252
:100380002ED070B1284600F051FA0246E8680F21DD
:10039000006807F0EFFA012822D1E86800680CF045
:1003A0005AFC2846EC6000F041FA0246E8680E214B
:1003B000006807F0DFFA012812D1E86800680CF045
:1003C0004AFC296900290BD02846BDE8F05F0847A0
:1003D000FFE738460BF05CF90746002FC2D1CDE7A6
:1003E000BDE8F09F13B54FF6FF730122694602483E
:1003F000F3F7C0F800981CBD4C0900202DE9F34F1D
:100400008FB0054669460BF0CAF828460CF028F96B
:100410000B9028460BF0FBF80A90002128460BF0C1
:1004200037FF0790002128460BF078FF0746002190
:1004300028460BF0C7FF0446002128460BF0D4FEE7
:100440008346002128460BF085FF064600212846FA
:100450000BF0E6FE06F0010106EBD67201EB62013D
:1004600000F0010200EBD07002EB6000491C401C60
:1004700009B200B20D2900DB0D218A460D2800DBF0
:100480000D2081460D2F00DB0D27B8460D2C00DB1B
:100490000D2426465846BBF10D0F01DA074600E051
:1004A0000D2700246BE0A86A00EBC40108A803F044
:1004B000C8F8BDF920000799884213DCBDF9002077
:1004C0000D2900DB0D21511A00EB0100ADF82000D1
:1004D000BDF92200B04233DCBDF902100D2E07DA5F
:1004E000324606E0BDF80020A2EB09010844EDE722
:1004F0000D22891A00EB01000B99ADF82200BDF91D
:100500002400A1EB0801891E424688421EDBBDF98A
:100510000010B8F10D0F0144104600DB0D20084417
:100520000A99ADF82400BDF92600C91B891E88422E
:100530001DDBBDF902100D2F08440DDA39460CE021
:10054000BDF80220A2EB0A010844D5E7BDF800106F
:10055000014401EB0900E3E70D210844ADF8260052
:10056000002208A81099F5F74DFF58B905E0BDF82D
:100570000210014401EB0A00F0E7641CA4B2288ECB
:10058000A04290D8288EA04201D14FF6FF7411B03E
:100590002046BDE8F08F10F0070000D10120704721
:1005A000B0F90C00032101EB400020F003001030F3
:1005B00070472DE9F05F89469346824600210BF093
:1005C00059FE0546002150460BF09AFE8046002158
:1005D00050460BF0E9FE0446002150460BF0F6FDB4
:1005E000064650460CF03CF8411BA1EB080750466C
:1005F0000BF00DF8001B801B8742504605DA0CF00B
:100600002FF8411BA1EB080003E00BF000F8001BE2
:10061000801B00EBD07040F34F00BAF81410421961
:100620001144A9F80010BAF8161002191144A9F8DB
:100630000210BBF1000F01D0ABF80000BDE8F09F45
:10064000024A002112880BF0E7BE0000BC06002021
:10065000034A10B5002112890BF0DEFEC0B210BDB6
:10066000BC060020034A10B5002152890BF0D4FECD
:10067000C0B210BDBC060020032901D2012300E056
:100680000023C01A03EB430301EB8301891EC1EB76
:1006900041110C23B1FBF3F111446422B0FBF2F2DF
:1006A000014401EB9001891A4FF4C872B0FBF2F0DB
:1006B00008440721B0FBF1F201FB1200C0B2704701
:1006C0002DE9FC470F0023D0046962692AB1106844
:1006D000B84202D15068BDE8FC87608A00214FF023
:1006E000040CC0F308030CE0A66801EB810556F882
:1006F00025000CEB8505755B381A85420AD2491C2A
:1007000089B28B42F0D81AB1176061690020486045
:100710000020E0E701EB81051221A26801EB8501D1
:100720000026515C4FF0060802290BD04FF00C0A4E
:1007300061B1DFF8ACC01022082303290FD00129D2
:1007400027D045E008EB8501515A40E00AEB8501CE
:1007500008EB85035158D25A085C161838E0ADF8FA
:100760000400CDF800C0A06802EB850103EB850909
:10077000425A50F80910022301A8F7F74BF938B391
:10078000A16851F80920801A08EB85024010895AA7
:100790001DE0ADF80400CDF800C0A06802EB8501B3
:1007A00003EB8509425A50F80910022301A8F7F714
:1007B00031F968B1A16808EB850351F80920801A66
:1007C0000AEB850240108A58C95A32F810000E18F8
:1007D000606910B107606069466030467BE70000E1
:1007E000159803082DE9F0410D46044600F0FDF888
:1007F000071E19D0F88A00212D1A38460BF0A5FEE5
:100800000689002138460BF0C2FE00EBD07105EBE3
:100810006101304409B200B291FBF0F0A18E80B2C8
:10082000814201D8491E88B2BDE8F0812DE9F0412E
:10083000002607463546304610E000BF08F0B1FA02
:10084000216DB94209D1022802D0042803D003E067
:100850002046BDE8F08126462546204608F066FA87
:100860000400EBD10EB13046F3E70DB12846F0E7B6
:10087000BDE8F041002008F059BA00007CB50369DA
:10088000006900255B8AC4689E04A3682BD4980F76
:1008900017D00120B0EB937F31D101EB02402668E5
:1008A000019018480090A068042320F0404231468F
:1008B00001A8F7F7AFF810B3801B801061680D56E0
:1008C0001DE001EB02202668ADF804000E4823F07D
:1008D000404200900223314601A8F7F79BF870B11F
:1008E000801B4010EAE76068405C995C38B131B128
:1008F000637B2268401E10FB0320491E4556284694
:100900007CBD0000FF250208132602082DE9FC5FCC
:1009100088461F461446824605464FF400310BF0C8
:1009200066FB00EBD0704610A01B0FFA80F9A88E72
:10093000AC8C10F0060F06D0C0F34100022804D0A2
:10094000012845D004E0288D00E0E88C204484B2E2
:1009500004F15A0000B20FF0C1FF10FB09F0C513FB
:1009600020B20FF0BBFF10FB09F0C4134FF4403965
:10097000494650460BF07EFC8346494650460BF0F4
:10098000BFFC0190494650460BF00EFD00904946D1
:1009900050460BF01BFCB8F8001030444A19A2EB8B
:1009A0000B01891B3980B8F800104A1901993144AC
:1009B0001144B980B8F802100A190099511A891B1C
:1009C0007980B8F8021021440844F880BDE8FC9F03
:1009D000B5F93000B5F93210084400EBD070B5F924
:1009E0002E1040108142B0DBADE7406A002802D0F3
:1009F00000210AF03CBD704700210AF038BD00001C
:100A00002DE9F04105460F46698C00200426C1F30C
:100A1000C503EA680FE000BF06EBC00414595FEAA3
:100A2000C41C07D524F07F44BC4203D152F83000E7
:100A3000BDE8F081401C8342EED84FF0806000EBAF
:100A400071204FEAF0506884C0F3C500C100104621
:100A500009F0F8FAE860C0B3688CC0F3C504641EFE
:100A600016D06FF003025300E86802EBC40141584E
:100A70005FEAC11C0CD489010AD403EBC40C00EB5F
:100A8000C4018444641EDCE9000CC1E9000CEBD114
:100A9000E868082100EBC40009F0DAFB082009F03F
:100AA00003FAE96841F834000EF0A1FCEA6806EBAD
:100AB000C400115841F080711150EA6867F31701C2
:100AC0001150E86850F83400B2E7FFE7FEE7000095
:100AD0002DE9FC410068C068C068B0FBF1F49442A5
:100AE00000DD1446154F78680068806920B3002047
:100AF000ADF80000ADF80400ADF8020025B2681EA4
:100B000006B2ADF806607868694600688269904769
:100B1000BDF80600BDF80210401A401C00B2A04209
:100B200002DD351EEBDC01E0002D02DC0020BDE81B
:100B3000FC81BDF90640641C2046F8E770050020E2
:100B4000491E01D5401E0C310C2901DB401C0C391B
:100B500001290DD0072091FBF0F200FB121000EBF1
:100B6000D07121F00101401AC0F11F00C0B27047DE
:100B700081070CD16421B0FBF1F201FB120149B9EC
:100B80004FF4C871B0FBF1F201FB120010B100206C
:100B90001C30EBE70120FBE7136821B15B1E1360FB
:100BA0000BD4806805E05B1C1360806841688B4251
:100BB00003DA006850F823007047002070472DE9E1
:100BC000F84315460E46044608F0A6F808F0E9F882
:100BD00001280AD0032808D04FF6FF7005B12880FD
:100BE00006B130800020BDE8F88308F095F869462A
:100BF00008F0ACF84FF0000875B320460AF081FE0B
:100C0000BDF80010084407B2002120460BF00BFA93
:100C100001280CD0A08A00213F1A20460BF04DFB82
:100C2000381A02B240460021A5F8008010E00021E9
:100C300020460BF088FB218B081AC01BF1E7236BC1
:100C400033F81030194409B28A4205DB401C288071
:100C5000A38C80B29842F2D3FEB120460AF058FE2F
:100C6000BDF802100844E18A451A002120460BF025
:100C7000C5FB281A02B240460021A6F8008008E011
:100C8000E36A33F81030194409B28A4205DB401C8C
:100C90003080E38C80B29842F2D30120A3E72DE9A3
:100CA000FF4F83B005461F460598F6F786FD0121E4
:100CB0008140B5F8208001F0FF096FEA080080B29A
:100CC000019095F822004FF0FF36C0F3800B00240E
:100CD0004FF0040A22E0E96801EBC4004268920187
:100CE00049D5BBF1000F18D10AEBC4028958049A08
:100CF000C1F30741090491420FD10068817911EADB
:100D0000090F0AD06A4605990EF040FB28B10098F9
:100D10003860012007B0BDE8F08F641C688CC0F318
:100D2000C500A042D7D826E0E8680AEBC40200EB71
:100D3000C4018058C0F307421FFA80FB04981204D4
:100D4000824217D10868817911EA090F12D0019AFD
:100D50001BEA020F0ED1B3450CDD6A4605990EF071
:100D600015FB38B15846C345D1D05E4502DA064678
:100D700000983860641C688CC0F3C500A042D3D8CA
:100D8000002EC4DA0020C5E72DE9F047814642F382
:100D90000006C0F15A001D460F46540800B2761CEA
:100DA0000FF09CFDA7EB040800FB08F0C7114846B4
:100DB0000FF094FD00FB08F0C011002F06DD7F3F0F
:100DC00039120A1B32442A80214405E07F37391248
:100DD0000A1B21442A80891BA980002806DD7F3850
:100DE0000012011B31446980204405E07F3000126D
:100DF000011B20446980801BE880BDE8F08700006B
:100E0000024A002192880BF007BB0000BC060020BC
:100E10002DE9FF4F0746808C85B0484384B2079880
:100E2000A14600250289DDE915100844049010440C
:100E30000FFA80FA57E0BB6A53F8241079B3D7F859
:100E400030C00026401E3CF915B013E0A21953F83B
:100E5000222092B11278D2070FD0AA194FF00208BF
:100E600008EB42023CF80280761C08EB0B020FFAFA
:100E700082FBB6B272198242E8DB002001B1087829
:100E800080070DD507981599B0F908000144169808
:100E900008445146504500DC08460FFA80FA1EE02F
:100EA000DDE913020244ABEB020000B2129ACDE975
:100EB000002000230293DDE9072303A8491C0FF05B
:100EC000D1FDBDF90E10049808445146504500DC90
:100ED00008460FFA80FAA01984B2A81985B2641CDA
:100EE0006D1CA4B2ADB2B88C00EB0901A142A2D82E
:100EF00009B05046BDE8F08F034A10B50021D289F1
:100F00000BF08AFAC0B210BDBC060020034A10B52F
:100F10000021128A0BF080FAC0B210BDBC0600207E
:100F20002DE9FC410C46064600210BF016FB054658
:100F30004FF4802130460BF010FBB5F90870B0F982
:100F40000850002130460BF030FBE91901EBD1715C
:100F500000EB610005B230460AF059FBF18A00EB64
:100F6000D07001EB600005EBD571A0EB61006080F3
:100F70002844E080694630460AF011FBBDF80000C5
:100F80002080BDF80400A080BDE8FC812DE9FF4170
:100F90000646FFF731FD040021D04FF48027394683
:100FA00030460BF0DAFA0546304641F25A423946ED
:100FB0000BF032FA06B2204608F0F6FA014600209D
:100FC00041F6FF72CDE90002029033462A4603A89B
:100FD0000FF048FDBDF90C0004B0BDE8F081002021
:100FE000FAE700002DE9F04104460D46668C00202A
:100FF0000423C6F3C501E2680BE000BF03EBC007A2
:10100000D7595FEA871C03D527F07F47AF4202D04C
:10101000401C8142F2D8814203D002EBC000BDE8FF
:10102000F0814FF0806000EB76204FEAF050608452
:10103000C0F3C500C100104609F004F8E060608C00
:10104000C0F3C500401E0DD06FF00702E16802EB4F
:10105000C00601EBC0030E44401ED6E90016C3E9EA
:101060000016F3D10821E06809F0F2F8082008F032
:101070001BFFE16808600EF0BAF9E168486840F0CB
:1010800000704860E16865F317004860E068C6E7F3
:10109000114808B5016841F001010160016801F0E3
:1010A00001010091016841F002010160016801F055
:1010B00002010091016841F004010160016801F042
:1010C00004010091016841F080010160006800F0B6
:1010D0008000009008BD00003038024038B50C4850
:1010E0000D46144690F820004FF00201C0074FF063
:1010F000120002D00DF016F801E00DF02BF8224698
:10110000294603F031FC0090BDF8000038BD000016
:10111000645800202DE9F0474FF0000CDDE9096428
:10112000089DDDF82CA0E1466F1E09BB052A03D0FF
:10113000062A01D0042A02D10023012D01D000216A
:1011400009E001225FF000019C4436F81180491C3F
:10115000C4440FFA8CFCA942F6D3ACEB030109B2EC
:10116000072A2AD2DFE802F004070B2921160D0016
:10117000A4F8009021E0411A01EBD17112E0411A6C
:1011800011E0411A09B23AB291FBF2F1A4F80090D1
:101190000BB212E0411A09B22AB291FBF2F10BB282
:1011A00003EBD3714910218007E0411A0AB2691C90
:1011B00009B292FBF1F10BB2238000210BE000BFDA
:1011C00034F8112036F811C0624404EB410C1A4483
:1011D000ACF80220491CB942F2D304EB450106EBFE
:1011E000450231F8021C32F8022C11442288891A77
:1011F0000AB2BAF1000F0CD0002108E034F8113027
:1012000036F81170C31ADB1B24F81130491CA942AF
:10121000F4D31046BDE8F08770B58AB00446FFF7F6
:101220000FFA05462046FFF7EBFD002D5FD00028A2
:101230005DD069462046F7F715FE0C2107A809F096
:1012400007F82046002141F232020BF0E5F805468E
:101250002046002141F612020BF0DEF84619204626
:10126000002141F610020BF0D7F8054420460AF0A1
:1012700048FBA18A3144081AADF8240020460AF040
:1012800047FBE18A2944081AADF82600002507E04B
:10129000006807AA694650F8250001F029F86D1C7E
:1012A000A0684168A942F3D8009808F075FE01983B
:1012B00008F072FE029808F06FFE039808F06CFECA
:1012C000002120460BF0B7F90546002120460AF020
:1012D0001BFF42F2D1718D4201D0884202D12046DB
:1012E0000BF093FF00222B21204606F043FB0AB0AF
:1012F00070BD0021A0F13002092A01D8D1B216E058
:10130000612801D32038C0B2413806280FD2DFE867
:1013100000F0030507090B0D0A2108E00B2106E088
:101320000C2104E00D2102E00E2100E00F2108460F
:1013300070472DE9F0470446406A4FF4404102F0FF
:1013400010FC94F92E10A08D0122FFF795F90546A7
:10135000206B18B300264FF002084FF00309AF1DB1
:101360004FF4004A17E0206BA28D30F8261091420E
:101370000FD108EB8601415694F92E20914208D1F5
:1013800009EB860140565246384481B2606A02F049
:10139000B4FE761CB6B2A08EB042E4D8A08D218DEA
:1013A000884211D194F92E1094F92A0081420BD170
:1013B00094F92B00AD1D284481B2606ABDE8F04766
:1013C0004FF4804202F099BEBDE8F0872DE9F0416C
:1013D00006460024012000F043F8DFF8688000256D
:1013E0004FF400676006040E012000F02DF8F7F7B7
:1013F0002FFD39464046F0F73DFB012801D144F06E
:101400000104002000F020F8F7F722FD6D1C082DE4
:10141000E8D3AEB15FF0000000F022F8F7F718FD56
:10142000012000F011F8F7F713FD002000F00CF890
:10143000F7F70EFD012000F013F82046BDE8F0811B
:101440000120E9E70000024008B1012200E000228B
:101450004FF480510148F0F712BB00000000024039
:1014600008B1012200E000224FF400610148F0F7CA
:1014700006BB00000000024010B50120FFF7F0FF9E
:101480000120FFF7E1FFF7F7E3FC0020FFF7E8FF9B
:10149000F7F7DEFC0020FFF7D7FFBDE81040F7F7B5
:1014A000D7BC10B50020FFF7DBFFF7F7D1FC012018
:1014B000FFF7CAFFF7F7CCFC0120FFF7D1FFBDE82B
:1014C0001040F7F7C5BC000070B505460024E809D8
:1014D000FFF7C6FFF7F7BCFC0120FFF7B5FFF7F7F2
:1014E000B7FC0020FFF7B0FFF7F7B2FC6806050E67
:1014F000641C082CEBD30120FFF7B2FFF7F7A8FC20
:101500000120FFF7A1FFF7F7A3FC4FF400610748A4
:10151000F0F7B0FA04460020FFF796FFF7F798FCC3
:1015200014B14FF0FF3070BD002070BD00000240CC
:101530002DE9F0410446406D0D4600282BD0A968E6
:10154000022230F9217002EB8101465EA87B01285E
:101550000AD1B4F90C00B84203D1B4F90E00B0427C
:1015600002D0201D00F088FC201D00F0E9FC0028BE
:1015700011D127816681A87B012804F104000CD0D9
:1015800000F07AFC201D00F0DBFC002803D120894C
:10159000A0816089E081BDE8F08100F07DFBF1E78A
:1015A00070B5254C0546042160680BF086F80028CC
:1015B00028D0E96A6068814224D00AF023F8064600
:1015C000E86A08B10AF01EF886421CD11EB16068B4
:1015D00006F09CFD0FE0E86A40B10F21A26806F01A
:1015E000C9F9284600F0ACFC00280BD1D4E901026F
:1015F0000E2106F0BFF9284600F0A2FC002801D118
:101600006068E86270BD78B1EB6A53B1A26888B1D6
:101610001021184606F0AEF9284600F091FC00288B
:10162000F0D1002EE2D0D2E7E86A0028F9D00F21ED
:10163000A268EFE70F21ECE7500500202DE9F04705
:101640000D460446897B40794FF0000801292AD0D5
:10165000010708D520F0080121F00101C4F84480F9
:10166000617184F80880277AA87B20726868E0603E
:10167000D4F850905FEA09007ED006F0A3FDB34E87
:101680000028706078D0A87B08B1A5F80C80484687
:1016900006F098FD706000286ED0A97B012905D066
:1016A00000296AD00AE1000766D4DCE717B1012FF0
:1016B00030D003E10EF006FF606469680A2909D0A2
:1016C00014291AD013291BD01B291DD0484606F017
:1016D000E3FDF3E070680BF004FB20B910217068A3
:1016E0000AF0EBFF08B1012700E00027484606F0AA
:1016F00063FD8743D6D1012163E0A889401E01E044
:10170000A889401CA881D9E01B21484606F0C4FDE9
:10171000202156E06079C0073DD1606C0EF0CCFE10
:101720002168898B8842607933D940F0010060716B
:101730000EF0C8FEA06468680A2819D170680BF022
:10174000D0FA20B9102170680AF0B7FFB0B148464E
:1017500006F03FFD01280BD9484606F02DFD80F02C
:101760000101484606F0A3FD2021706809F090FAB7
:10177000607940F00100A0E087E02CE0D6E90102AA
:10178000052106F0F7F8201D00F0DAFB00287CD1D7
:10179000EEE7C0071ED0A06C0EF08EFE2168C98B4C
:1017A000884217D90EF08EFEA06469680A2907D016
:1017B0001429A2D01329A3D0484606F06DFD04E0F9
:1017C0000621D6E9010206F0D5F8201D00F0B8FB8D
:1017D00000285AD172E0012F70D169680A2967D1B7
:1017E0000BF07FFA20B9102170680AF066FF80B311
:1017F000484606F0E1FC002860794FEAC07052D0FC
:1018000020B1484606F0E5FC012847D8D6E9010298
:10181000082106F0AFF8201D00F092FB00286AD1E5
:10182000D6E90102042106F0A5F8201D00F088FB8E
:10183000002860D1D6E90102072106F09BF8201D9F
:1018400000F07EFB002856D10A21484606F024FD10
:101850002EE0FFE7D6E90102082106F08BF8201DF3
:1018600000F06EFB002846D16079C00704D1D6E9AC
:101870000102042106F07EF8201D00F061FB002823
:1018800039D1D6E90102072100E034E006F072F810
:10189000201D00F055FB00282DD109E020217068A3
:1018A00009F0F6F904E018B90121484606F0FFFCFA
:1018B000C4F84480607920F001006071C6F80480AB
:1018C000A889002817D0484606F076FC0028B5F90C
:1018D0000C001FD0002810DA4FF0000406E000BF13
:1018E0004FF01401484606F0D7FC641CB5F90C0013
:1018F0004042A042F4DCBDE8F087FCDD002404E0B7
:101900001321484606F0C8FC641CB5F90C00A0423F
:10191000F6DCF0E700280CDA4FF0000403E048465C
:1019200006F03CFC641CB5F90C004042A042F6DC19
:10193000E1E7E0DD002403E0484606F0DFFB641C3D
:10194000B5F90C00A042F7DCD5E7000050050020F7
:1019500070B50446806A002870D194F83D00C00735
:101960006CD14FF40046256A03E0284609F090FE4A
:101970000546002D62D0314628460AF09EFE00281A
:10198000F3D1B4F91000002801DD014600E0414226
:101990002B4A926813689B7E994209DAB4F91210B7
:1019A000002900DC4942994202DA0021218761873F
:1019B000218F084400B22087618F638A0028194470
:1019C00009B2618701DD034600E043421668F67EF6
:1019D000B34206DC002901DD0B4600E04B42B34276
:1019E0002CDD012384F83D30002801DD034600E0B2
:1019F0004342002901DD0E4600E04E42B34209DDBC
:101A0000002894F83C0020F0F00001DD20300AE0CE
:101A1000103008E094F83C00002920F0F00001DDCF
:101A2000803000E0403084F83C000C21284605F06E
:101A3000A1FF2046BDE8704000F082BA70BD0000F2
:101A4000500500202DE9F0410E460446897B40797F
:101A5000002701291DD0010704D520F00900676483
:101A600060712772D4F850805FEA08007ED006F0DB
:101A7000A9FB5B4D0028686078D0E2687168E1607E
:101A8000217AB37B2372B37B012B05D0002B7AD054
:101A9000A3E000076AD4E5E711B1012930D09CE04A
:101AA0000EF010FD606471680A2909D01B290DD061
:101AB000092915D00B291BD0404606F0EDFB8CE020
:101AC0000A21404606F0E8FB012104E01B214046C4
:101AD00006F0E2FB2021D5E9010205F04BFF4AE0C8
:101AE0000021404606F0E3FB404606F007FB42E0DB
:101AF0000021404606F0DBFB404606F04FFB3AE093
:101B000071680A2908D10221AA6805F033FF201D57
:101B100000F016FA002861D16079C00714D1606C1A
:101B20000EF0CAFC2168898B884260790AD940F09E
:101B30000100607170680A284FD10EF0C3FC0521C6
:101B4000A064C8E7C00748D0A06C0EF0B5FC2168BF
:101B5000C98B884241D90EF0B5FCA06471680A298E
:101B60000FD00929BCD00B29C2D001E036E00AE031
:101B7000404606F091FB201D00F0E2F900282DD12F
:101B80002BE00621A7E7012927D172600A2A1FD17D
:101B90000821AA6805F0EEFE201D00F0D1F900280A
:101BA0001CD16079C00709D1D5E90102042105F0F3
:101BB000E1FE201D00F0C4F900280FD1D5E9010293
:101BC000072105F0D7FE201D00F0BAF9002805D145
:101BD0006764607920F0010060716F60BDE8F0819A
:101BE0005005002070B5044600680D46098800695C
:101BF0002182698861820268117CC1F30111022986
:101C000001D003290AD111882A88891A491E2980FE
:101C100001686A884988891A491E69800168097CB7
:101C2000C1F30111012901D0032907D169882A884C
:101C30006A8000684088401A401E28802068006939
:101C400003F02EF82068006903F08CF8E06C78B19E
:101C5000B4F90C20B5F900108A4205D1B4F90E2070
:101C6000B5F902309A4203D0B5F902200BF0D2FF49
:101C700028882081688860812079012804F1040087
:101C800006D000F0F9F82089A0816089E08170BD5C
:101C900000F002F8F7E700002DE9F041754D044629
:101CA000006A6860617809077DD4A9680026096820
:101CB0000F6930B1A16A39BB4FF400510AF0FDFC45
:101CC00010BB384603F01DF8211D07F042F968608B
:101CD00070B9384603F01DF8211D07F03AF9686025
:101CE00030B9384603F028F8211D07F032F9686052
:101CF000606A48B1268366832046F5F761F920467D
:101D000000F01EF900284ED1206A696888423CD054
:101D1000A1882181E188618140B10321AA6805F091
:101D200029FE204600F00CF900283CD168682062AA
:101D3000606250B30EF0C6FB20646078012120F091
:101D400001006070A682E68294F83C0020F0FF005B
:101D500084F83C0084F83D60268766872682668288
:101D6000D5E9010205F006FE204600F0E9F800285A
:101D70007DD1A8684179090779D4001DFFF710FCCF
:101D8000204600F0DDF8002871D1A0882189401A92
:101D900002B22282E0886189401A01B26182B4F9FC
:101DA0001800431000E062E0B4F91A0003EB62028D
:101DB0004010228300EB61006083A069E0616868E5
:101DC000002854D00221AA6805F0D4FD204600F076
:101DD000B7F800284BD1A8684079000747D42046BF
:101DE000F5F762F8204600F0ABF800283FD1204616
:101DF000FFF7AEFD204600F0A3F8002837D1A06A17
:101E0000002834D16078C0071DD1206C0EF054FB3F
:101E1000AA681168898B88420FD90521686805F086
:101E2000A9FD204600F08CF8002820D1607840F011
:101E3000010060700EF046FB6064A06A002816D1B5
:101E40006078C00713D0606C0EF036FBAA6811688A
:101E5000C98B88420BD90621686805F08BFD2046A6
:101E600000F06EF8002802D10EF02CFB6064BDE893
:101E7000F0810000500500202DE9F0410446407833
:101E80004FF00006010706D526626662266420F040
:101E90000800666460701A4D206A6860A76A18B30B
:101EA0000821AA6805F066FD204600F049F80028E0
:101EB00024D1B7B96078C00709D1D5E9010204215E
:101EC00005F058FD204600F03BF8002816D1D5E972
:101ED0000102072105F04EFD204600F031F80028F0
:101EE0000CD1266226646664002F07D02046F5F7E1
:101EF00067F82046BDE8F04100F022B8BDE8F08167
:101F0000500500204279910716D500214162816277
:101F1000C162416481640183418390F8403022F0C2
:101F2000030223F00F0380F840308183C18381874F
:101F3000C187427101484160704700005005002090
:101F40004078810702D5034A00215160C0F3400068
:101F500070470000500500202DE9F041044690F83C
:101F60002A00C00738D0A08C0721B0FBF1F0E18C2B
:101F7000B1FBF0F200FB121200EB40010A4492B2F6
:101F8000B2FBF0F300FB13200844E284208500211B
:101F900020460AF0E2FA0546002120460AF005FB39
:101FA0000746B5F90850204609F0C5FA064620460E
:101FB000FEF722FD0246E18CE819414306EBD6709C
:101FC00005EBD573BDE8F0414010A0EB6300401A6B
:101FD00001B210460CF070B8BDE8F0812DE9F8436D
:101FE000856A0446802128460AF067FB4D4FFE0CA7
:101FF000C8B1284609F077FC01281DD0022828D056
:10200000032837D06786E686284609F065FC012854
:1020100047D0022850D003285AD02786A686208E83
:10202000002872D072E0334639463A4604F1300057
:10203000009601F082FBF2E7E88A0023401C01B21F
:1020400032462846FDF70EFE6086E88A401E02B240
:1020500009E0B5F91A10002332462846FDF702FEC2
:102060006086B5F91A20002339462846FDF7FAFDA7
:10207000E086C9E7688BE98A0023401A401C00B259
:1020800000EBD07001EB600808F1010001B23246AC
:102090002846FDF7E7FD6086A8F10100002302B2A3
:1020A000E2E7B5F91410002332462846FDF752FD49
:1020B0002086B5F9142009E0B5F91810002332463E
:1020C0002846FDF747FD2086B5F91820002315E0C6
:1020D000288BA98A0023401A401C00B200EBD07064
:1020E00001EB600808F1010001B232462846FDF715
:1020F00031FD2086A8F10100002302B239462846AE
:10210000FDF728FDA0868AE7FFE72786A08E00B9A5
:10211000A686608E00B96786E08E002800D1E6862C
:10212000BDE8F88301E0FFFF70B50D4C06460020C6
:102130000D460A4620601D21304605F01BFC206834
:1021400058B1017839B12946EEF700F928B1304687
:1021500021680DF063FE002070BD012070BD0000FD
:10216000A80600202DE9F04188B01F4614460D4610
:1021700006460AF0E7FD002842D0A54240D04FF4C1
:10218000B470854202D9A5F5B475ADB2844202D9C6
:10219000A4F5B474A4B2B18C4A1995B221448CB29E
:1021A000854202D9A5F5B475ADB2844202D9A4F531
:1021B000B474A4B207AA06A93046FEF7FAF9394664
:1021C000304609F014FF80463046394651220AF065
:1021D00023F904A908B1012200E00022CDE902217F
:1021E000CDE90048BDF81C00BDF91A1082B2BDF956
:1021F00018002B4602F047FE04A930460AF05FFDA6
:1022000008B0BDE8F0811FB5044603AA02A9FEF795
:10221000D0F96B46BDF90C2002A92046FEF776FBEB
:10222000694620460AF04BFD1FBDF0B50546A1F5F5
:102230007F408BB00E46FF3858D0288EB04255D91B
:10224000A86A00EBC601684601F0FBF903A928461D
:1022500009F0A5F9002128460AF07CF8074600217C
:10226000284609F0DDFF0446284609F09FF902F0F0
:1022700005FD0A2190FBF1F2BA4201DB90FBF1F778
:1022800090FBF1F33AB2A34201DB90FBF1F4BDF80D
:102290000C30BDF80000991A0844ADF80000BDF8F4
:1022A0000E10BDF802000F1B3844BDF8047000B2D8
:1022B0003B441A44ADF80420BDF80620ADF80200F6
:1022C0001144214409B2ADF80610AA8EB24209D1D8
:1022D000EA6A32F81620920504D5091A491C401AF8
:1022E000ADF80200694628460AF0E9FC0BB0F0BDE3
:1022F0002DE9F74F0D4682B00446B1490AF0E4F9E2
:1023000000287DD12046FEF7ADF982462046FEF733
:10231000FDFD5FEA000973D0BAF1000F70D02046CE
:10232000FEF796F907462046FEF7E6FDDFF894B281
:10233000064620460021BBF80C200AF06DF800F09C
:10234000FF0820460021BBF812200AF065F8C0B251
:1023500001902B6807EB0A006FF00102D5F808C066
:1023600033F8171002EB40001B5A3CF800001844E9
:10237000401A00B200906B6806EB090002EB4000C7
:1023800033F816101A5AEB68185A1044401A0FFA0C
:1023900080FB0021204609F054FE01280AD1B8F143
:1023A000000F03D0B8F1020F02D003E0022000E0DA
:1023B00000208046208BA18A401A401C0FFA80FA28
:1023C000608BE18A401A401C0FFA80F94046B8F150
:1023D000010F1BD0022824D02868B8F1030F30F970
:1023E000170028D18046608CDDF800A040F48060A2
:1023F0006084019801287DD0022879D0032800E06C
:10240000DAE0686830F9167073D119E0296800982D
:10241000A0EB0A0031F8171000EBD07001EB600060
:1024200008E020460AF01CF9296831F817200099C5
:102430001144081A00B28046608C20F48060D7E70F
:10244000608CD94640F40070608420460AF008F998
:10245000504504D1204609F0DAF8484527D0A08A33
:10246000ADF80000E08AADF80200208BADF8040062
:10247000608BADF8060020460AF0EDFB04F1140075
:102480005146054601F065F94946284601F05CF9D8
:1024900020460AF0E0FB6A462921204605F06AFA48
:1024A000204609F0F5F82246222105F063FA20467D
:1024B000002143F20C0209F0AFFF06B220460021D2
:1024C00043F20D0209F0A8FF05B220460AF0C8F851
:1024D0008146204609F09BF80146C6F3413064224C
:1024E0004FF4FA634FF47A7C01281BD027E001E017
:1024F0000AE013E06968ABEB090000EBD07031F83B
:10250000161001EB600008E0204609F080F86968C9
:1025100031F8162002EB0B01081A07B2608C20F488
:10252000007091E726F4C040984208DC604501DD68
:10253000C0F57A7000FB09F090FBF2F006B2C5F32B
:10254000413001280BD125F4C040984207DC60459A
:1025500001DDC0F57A70484390FBF2F005B2049AB1
:1025600008EB0600791912891044A28A801A05B274
:10257000049840890844E18A401A06B255EA0600E8
:102580001AD020460AF067FBA08A2844A082208B3C
:1025900028442083E08A3044E082608B30446083AA
:1025A00020460AF058FB05B0324629462046BDE8D1
:1025B000F04F01230AF0FEBB05B0BDE8F08F00002C
:1025C00001000600BC0600202DE9F0410646154634
:1025D0000F46002005E039462046B04701280AD0C2
:1025E00020460FF005F8040002D060688000F2D1A8
:1025F0000020BDE8F08105B12C600120F9E70388D7
:102600000A88934201D0981A704740884988401A36
:10261000704703780A78934201D0981A704740783F
:102620004978401A704700002DE9F0414268096876
:1026300022F040428A4227D10446FDF7B1FFDFF87D
:102640004C800546D8F80820131BA2EB05005E1B42
:10265000C8F8080015D0274661193246384607F0F9
:1026600019FD06E0A068401BA0602046FDF798FF1A
:102670000444D8F808008442F4D1B819294607F078
:10268000E7FD0120BDE8F0810020FBE79406002073
:1026900070B5054605F02BF90446284605F065F9A6
:1026A000064608F0F5FF05462A2C01D0292C0BD14F
:1026B0000021304607F04AFB284610F0FBFB284675
:1026C000BDE8704011F042BB70BD000070B505461A
:1026D00008F0DFFE0646002406E0A868006850F80F
:1026E0002400FFF7F3FF641CB442F6D3688CC107E3
:1026F0001ED020F00100688428460AF086FD284696
:102700000AF0A3FC002E13D00021284609F00AFD90
:1027100000280DD007494968884209D80649096848
:1027200001EBC00050E902212846BDE87040104787
:1027300070BD00006405002044060020FEB516466A
:102740000F4604461D4601AA02210020EEF762F959
:1027500038B99DF80400552803D19DF80500AA2832
:1027600001D00020FEBD002020706070A770E670D0
:102770002571E0806A4602211020EEF74BF958B926
:102780009DF80000012807D89DF80110012903D801
:1027900020709DF80100607002AA03212020EEF74E
:1027A00039F938B99DF80800A84203D1BDF80900ED
:1027B00040BAE0800120FEBD2DE9F0478046089D2B
:1027C0001F46E86900FB01F39B12002807DD9342D6
:1027D00007DD00BF95F8280080070DD48BE09342F9
:1027E000F8DBCB1943439B12002808DD934239DA0A
:1027F00095F8280080077ED40120BDE8F087934239
:10280000F6DCA869521C504340F395000312C0B295
:10281000FF22002828D000BF6E6AC0F1FF0404FB2D
:1028200006F4A2EB242600BFA3EB0104A14636D098
:10283000002C15DBBC4213DAC0F1FF00C6F1FF012A
:102840004843A2EB6020C1B295F82800800701D56B
:10285000C1F1FF0118F804000EF06EFD08F8040045
:10286000641C1CE0A869CEE74FF0FF06DCE7002CF3
:1028700010DBBC420EDAA6EB6000C1B295F828006E
:10288000800701D5C1F1FF0118F804000EF054FDD6
:1028900008F80400686A641C361ABC4202DA686AE6
:1028A000B042E4DBBC4218DA002C16DBA8697043A6
:1028B00080127043C0F34721E869002801DAC1F1B2
:1028C000FF0195F82800800701D5C1F1FF0118F834
:1028D00004000EF031FD08F8040095F82800800788
:1028E00007D54946B94506DC00290DDB404609E01D
:1028F00001E0641C01D500207FE7BC4204DC391BE9
:1029000008EB040007F0A4FC022076E72DE9F05F55
:1029100006460A9F8A461D46B86900FB02F18C12E2
:10292000002800DD641C97F82830544502DA980727
:1029300007D4D5E08C120AEB050CA44502DA9807FF
:102940007ED483E0521C424341F3950142F3950447
:102950004FEA2129221204F0FF08C9B2A9EB0A04A8
:10296000914505D0002803DA11B9FF219146641E74
:10297000914528D1002C0CDBAC420ADA01EB0800AF
:102980004108980701D5C1F1FF01305D0EF0D4FC7C
:10299000305597F82800641C800706D5A9EB0A017A
:1029A000A9424DDA8EE030460AE0AC4200DD2C460A
:1029B000002C45D006DD00BFA5EB040106EB0400AA
:1029C00007F046FC89E04FF0FF0B002844DAF86975
:1029D000404248434FEAA028002C0DDBAC420BDA02
:1029E00008FB01F0C0F34721980701D5C1F1FF01B1
:1029F000305D0EF0A1FC3055B969A8F1FF004143EC
:102A00008812641E11D4AC420FDAC8F1FF014143B1
:102A1000ABEB6120C1B297F82800800701D5C1F166
:102A2000FF01305D0EF088FC305597F82800A41C9B
:102A3000800709D5A9EB0A01491EA9424DDC00E037
:102A40004EE00029AFDC48E0AC4202DD0120BDE8E9
:102A5000F09F002CB0DA40E0C1F1FF00F96941437A
:102A60004FEAA128002C0EDBAC420CDA00FB08F088
:102A7000ABEB6020C1B2980701D5C1F1FF01305D19
:102A80000EF05AFC3055B969C8F1FF004143891274
:102A9000641C0ED4AC420CDA4843C0F3472197F8CB
:102AA0002800800701D5C1F1FF01305D0EF044FC24
:102AB000305597F82800641C800707D5A9EB0A0158
:102AC000A9420DDC0029BFF66EAF06E0AC4200DD86
:102AD0002C46002C04D03FF76FAF4FF00200B6E752
:102AE0004FF00000B3E77CB5446A06F015F90546DF
:102AF00006F057F904280CD1E18E2046218708F012
:102B000081FD064605F058FB18B10021304605F05E
:102B1000CEFB284606F045F9012804D0284606F0E9
:102B200040F903280AD101A9284606F00FF9BDF99A
:102B300006102046FDF756FEE0862087204604F06A
:102B4000B4FBA06A10B920460AF085F8E08E009028
:102B50006A461C21204604F00DFF7CBD2DE9F041A2
:102B60000746884600261248F4F7B5FB044619E0EC
:102B700021460F48F4F7C1FB05462068B84200D053
:102B80007FB96168414502D0B8F1000F09D12146F3
:102B90000748F4F70AFC204607F010FAF5F7FCFEA8
:102BA00001262C46002CE3D13046BDE8F081000020
:102BB000B858002070B505460C460948F4F78BFB61
:102BC0000BE00168A94204D14168A14207D0002C62
:102BD00005D001460248F4F790FB0028F1D170BD02
:102BE000B858002010B50446402107F031FB4FF4DF
:102BF000FA70A0620020E061642060620120A0877A
:102C00000448A06194F83E0040F0010084F83E00C2
:102C100010BD00007F2C020838B504464FF48065D3
:102C20000095D4E90A200023194607F02BF94FF448
:102C30006E7332220021009500F03CFFE269616A68
:102C4000891A414302EBA12038BD38B504464FF440
:102C500080650095D4E90A200023194607F012F98F
:102C600040F2B6334FF461720021009500F022FF6C
:102C7000E269616A891A414302EBA12038BD38B587
:102C800004464FF480600090D4E90A2000231946DE
:102C900007F0F8F8E269616A891A414302EBA12062
:102CA00038BDD0E90A128A4201DB406A7047C06928
:102CB00070478B1A002B00DC531A4FF47A714B4388
:102CC000B3FBF0F0002800D10120704770B54168D7
:102CD000054611B12868FFF741FF1948F4F75CFB7E
:102CE000184E10B10DF0EEFB70601548F4F718FBAC
:102CF000040024D04022294607F0CCF92868A842D5
:102D000000D12460717894F83E0061F3820084F869
:102D10003E00C0070FD0216939B120468847E169DC
:102D20000144E161616A0844606262681AB1206826
:102D300008B1E1699047F5F72FFE204670BDFEE728
:102D4000B85800203806002010B500200C468884B2
:102D5000872161852D22A285E18449002185A18EEC
:102D600021F00601A1864FF40041E185A18E208665
:102D7000642041F00801608688B220F00100A0863E
:102D80001001E0860DF09EFBA063208DA08702213C
:102D9000204607F07FFB4FF44071204607F03EFFCE
:102DA0002046BDE810400D210AF05ABE10B501467C
:102DB000034807F08BFE044607F0F6FE204610BDE0
:102DC000A0C905082DE9F04FAFB0044604F0CDFDD1
:102DD0000746204604F091FD2A9028AA2CA93846DF
:102DE000FDF7E7FB06A82A9908F080F9BDF9A000D5
:102DF000DFF888810DF1B00A0DF1080B00282DDDF8
:102E0000584602F021F802AA0021384609F095FC44
:102E10000020CDF83CA01390CDE90780BDF8A000BC
:102E2000ADF8540006AA1A213846CDF838B004F09F
:102E3000A1FDB98DB88C7A8D0144104489B280B25D
:102E4000CDE90001BDF854302CAA02A92A9801F05E
:102E5000EBFF06AA1B21384604F08CFD4FF4003925
:102E60004946384609F006FA06464946384609F00A
:102E700047FA05464946384609F096FA0446494657
:102E8000384609F0A3F9AE4201DD314600E029469B
:102E9000844201DD224600E00246914205DDAE4259
:102EA00001DD304604E0284602E0844200DD204691
:102EB000BDF8A010081A04B2002C34DD02A801F0FD
:102EC000C3FF02AA4D464946384609F036FC0120A8
:102ED000CDF83CA01395CDE90780ADF8544006AA83
:102EE0001A213846CDF838B004F044FDBDF90A1077
:102EF000BDF95400814201DDADF80A00398DB88C6E
:102F0000FA8C0144104489B280B2CDE90001BDF8C9
:102F100054302CAA02A92A9801F086FF06AA1B2188
:102F2000384604F027FD2DABBDF9A0202CA938466A
:102F3000FDF7ECFC18A803F0D1F94FF4403418AABF
:102F40002146384609F02CFD02201394CDE9078074
:102F50002DA8099018A80A9006AA1A21384604F04C
:102F600009FD2DAA18A92A9803F0A4F906AA1B2185
:102F7000384604F0FFFC2FB0BDE8F08FA0C905086B
:102F80002DE9F04786B08A46F74808F05AFA01283A
:102F90007ED1504604F0ABFC0646504604F0E5FCFA
:102FA0000546504604F0E1FC0446022E11D0082EDE
:102FB0006FD0032EFCD00D2E6CD0112E6BD0132EA3
:102FC0006AD0152E64D106B05046BDE8F047FFF731
:102FD000F9BE05F0A1FE06005AD005F0E2FE012878
:102FE00056D101A9304605F0B1FE03AA02A9284630
:102FF000FDF7DFFABDF80400BDF80810401AADF87F
:103000000400BDF80600BDF80A10401AADF806002D
:1030100094F83400C00744D14FF40031284608F03A
:10302000E6FF0646BDF80C004FF48031801BADF87A
:103030000C00284609F041FB10B1BDF80C0008E077
:10304000BDF90C00C11700EB9171B6EBA10F00DACE
:103050008E10801BADF80C0000B2012802DA0120AE
:10306000ADF80C00BDF8040010FB00F1BDF806003F
:1030700010FB0010BDF80C1011FB01F1884206DDB9
:10308000A08E40F00100A0860DF01CFAA06304E0C1
:1030900086E099E0B2E0D5E015E194F83400C0078D
:1030A0007ED0BDF9041019B9BDF80600002877D00C
:1030B000B4F92C60628DB0B2904202D200F5B470C7
:1030C00006B2BDF9060000F049FBA18C628D401AE2
:1030D000801A00B2002802DA00F5B47000B2B11A0A
:1030E000A38F09B29A1A0FFA82F8A0EB080212B263
:1030F00002F58C72B2F50C7F07D994F83400000702
:1031000001D500200DE008460BE001EBD171B0EBDA
:10311000610FA18E02DA41F0080101E021F00801FF
:10312000A186A0EB080007B2A06B0DF0C5F9E18EF7
:1031300041434FF47A70B1FBF0F000B2874201DDF9
:10314000074603E04042874200DA07B2618DB4F9D6
:103150003220B4F9303008EB0700A6EB010CD71A87
:103160004FEACC0C9CFBF7F73F1D00EB2710B4F99E
:103170002E700844009200B2324606F083FE06B27A
:10318000B5F92E00B04211D00DF09CF9A063314684
:10319000284600F00CFABE4208D000221C2100E0B4
:1031A0000FE0284604F0E6FB01280AD1B4F930000C
:1031B000B04203D0B4F93200B04202D10DF082F92E
:1031C000A06306B0BDE8F087A08E20F00100A086C5
:1031D000284608F017FA054604F0EEFF044605F00D
:1031E0009BFD05F0DEFD0428EBD1002CE9D006B0F4
:1031F0002846BDE8F047002105F059B8504604F0D4
:10320000B2FB0078B4F92E60132806D0112804D040
:10321000142805D0122803D008E0E88D401C01E0F6
:10322000E88D401E01B2284600F0C1F9B4F92E0025
:10323000B042C6D006B02846BDE8F04700221C21A7
:1032400004F098BB504604F08EFB044604AA03A980
:103250002846FDF7AEF9A868002608B1B0F9146059
:103260000021284608F0C3FE0546BDF81010304482
:10327000081ABDF80E20ADF81000111809B200911F
:10328000BDF80C10121A0B18081A01B21BB212B2B8
:1032900001A800F052FA47F6FF773A4601A82168E4
:1032A000F3F7B0F808B100200BE005EB460002B2DE
:1032B000114601A800F027FA3A4601A82168F3F761
:1032C000A1F820717DE70021284608F0D3FF0746CA
:1032D0000021284609F014F806460021284609F086
:1032E00063F804460021284608F070FFB74201DD6C
:1032F000394600E03146844201DD224600E00246C4
:10330000914205DDB74201DD384604E0304602E077
:10331000844200DD204680464FF440394946284625
:1033200008F0A8FF04464946284608F0E9FF07468A
:103330004946284609F038F806464946284608F026
:1033400045FFBC4201DD214600E03946864201DDF1
:10335000324600E00246914208DDBC4201DD2046D3
:1033600007E0384605E00000A0C90508864200DDF8
:103370003046801C04B2504604F0F5FAB0F9001053
:10338000A4EB0802914200DC1146018019E770B5F8
:103390000C460546114600F07EF821462846BDE859
:1033A000704000F0CBB870B50C460546114600F0F1
:1033B00006F821462846BDE8704000F036B870B5E2
:1033C0004FF4B47305460C46994202D9A1F5B47482
:1033D000A4B2A88D698D421A611A12B209B2002AEC
:1033E00002DA02F5B47212B2002902DA01F5B47100
:1033F00009B28E1AB4369E4203D9284609F02BFC36
:103400000DE0914203DA00230246214604E08A429D
:1034100005DA0023224601462846FEF7A3FE284689
:10342000AC85BDE8704016F00BBE70B54FF4B473B8
:1034300005460C46994202D9A1F5B474A4B2A98DEF
:10344000688D0A1A091B12B209B2002A02DA02F5C3
:10345000B47212B2002902DA01F5B47109B28E1AFF
:10346000B4369E4203D9284609F0F5FB0DE091429F
:1034700003DA00232246014604E08A4205DA0023EB
:10348000024621462846FEF76DFE28466C85BDE8BB
:10349000704016F0D5BD70B54FF4B47305460C46B8
:1034A000994202D9A1F5B474A4B2288DE98C421ACC
:1034B000611A12B209B2002A02DA02F5B47212B22B
:1034C000002902DA01F5B47109B28E1AB4369E42AF
:1034D00003D9284609F0BFFB0DE04FF400339142B9
:1034E00002DA0246214603E08A4204DA2246014615
:1034F0002846FEF737FE2846FEF785FE28462C852F
:10350000BDE87040FEF77FBEB0F930308B4203D18A
:10351000B0F9323093420DD001864286B0F92E3098
:103520008B4200DAC185B0F92E10914200DDC285D0
:1035300016F086BD7047818409F08DBB70B54FF4DD
:10354000B47305460C46994202D9A1F5B474A4B2ED
:10355000298DE88C0A1A091B12B209B2002A02DA74
:1035600002F5B47212B2002902DA01F5B47109B29F
:103570008E1AB4369E4203D9284609F06CFB0DE042
:103580004FF40033914202DA2246014603E08A42B8
:1035900004DA024621462846FEF7E4FD2846FEF7F7
:1035A00032FE2846EC84BDE87040FEF72CBEB0F930
:1035B0002E308B420ED0B0F932208A4200DA11460A
:1035C000B0F930208A4200DD11468B4202D0C1851D
:1035D00016F036BD70470A8802804A8842808A8881
:1035E0008280C988C18070470A8802804A884280E8
:1035F0008A888280C988C18070470A8802804A8888
:1036000042808A888280C988C18070470A88028087
:103610004A8842808A888280C988C18070470A8827
:1036200002804A8842808A888280C988C180704727
:103630000A8802804A8842808A888280C988C1803C
:1036400070470A8802804A8842808A888280C988B6
:10365000C18070470A8802804A8842808A888280B6
:10366000C988C18070470A8802804A8842808A8857
:103670008280C988C18070470A8802804A88428057
:103680008A888280C988C1807047C1884088081AAA
:10369000401C00B27047C1884088081A401C00B224
:1036A0007047C1884088081A401C00B27047B0F9C2
:1036B0000410B0F90020891AB0F90620B0F9020010
:1036C000101A401C491C4843704781880088081A1A
:1036D000401C00B2704781880088081A401C00B264
:1036E000704781880088081A401C00B270478188A2
:1036F0000088081A401C00B2704781880088081AA8
:10370000401C00B2704703885B1A03808388194409
:1037100081804188891A4180C1881144C1807047E5
:1037200003880B44038083881944818041881144B5
:103730004180C1881144C180704710B5029C01804E
:1037400042808380C48010BD4288491E1144C180DC
:1037500070470288491E114481807047002200286A
:1037600001DA01224042002901DA4942921C8842D2
:1037700007D9C1EB011101EB4101B1FBF0F31032AC
:1037800005E0C0EB001000EB4000B0FBF1F30020BF
:10379000D9B216290BD92C2900D80120292900D803
:1037A000401C252900D8401C20290BD90BE00229F8
:1037B00000D30120062900D3401C0A2900D3401C55
:1037C0000F2900D3401C1844D10601D5C0F15A007E
:1037D00091074FEAC27105D509B1B43005E0C0F1D7
:1037E000B40002E009B1C0F5B47080B27047C160A6
:1037F000006809F030BA00684FF0FF320168C2601B
:1038000001F13C02904202D182684A6205E001F176
:103810004C02904201D182680A63006809F01BBA29
:1038200010B50C4600206421C4E90A0120636062DF
:10383000A0862087E086608784F85C0004F13C0164
:10384000204600F0B2F804F14C01204600F0ADF83B
:103850000821204607F0E2F91021204607F0DEF9A2
:1038600020460022BDE81040114600F0CAB8000012
:1038700010B50146034807F029F9044607F094F90A
:10388000204610BDBCC9050810B50C46002104F146
:103890003C00FFF763F904F14C00BDE81040002143
:1038A000FFF75CB92DE9F0410D46314807F0C9FD3D
:1038B000012854D1284604F01AF80446284604F09A
:1038C00054F88046132C0AD0012C4AD0082C48D03A
:1038D000152C44D12846BDE8F041F7F74DBE4FF412
:1038E000003107F06BF80446284604F03CF8054622
:1038F000B0F90000A04200DD04462C8000214046C3
:1039000008F0BFFC07460021404608F000FD0646CF
:103910000021404608F04FFD04460021404608F0D3
:103920005CFCB74201DA394600E03146844201DAF4
:10393000224600E00246914205DAB74201DA3846F3
:1039400004E0304602E0844200DA2046002806DA2D
:10395000B5F900104042814200DC01462980BDE8F3
:10396000F08108F134014046BDE8F04109F0A7B903
:10397000BCC9050890F85C0000F00300704790F89F
:103980005C1001F00301022901D0806A7047816D4B
:10399000491C01D0406D7047006B7047816C491C19
:1039A00001D0406C7047406A704708600020486052
:1039B0008860401EC860704738B5134690F85C2098
:1039C00002F00302022A1BD1D0E90A428A4201DD39
:1039D0000D4600E01546AC4201DD214602E08A4278
:1039E00000DC1146426A8A4200DA1146026B8A42C2
:1039F00006D0009300F14C0300F1300200F022F8F1
:103A000038BDF8B5456A13468D421AD0D0E90A424E
:103A10008A4201DD0E4600E01646B44201DD214631
:103A200002E08A4200DC1146026B8A4200DD114648
:103A30008D4206D0009300F13C0300F1240200F017
:103A400001F8F8BD30B591B0054614981C4618B37E
:103A5000E068401C27D0A068C4E901011160002182
:103A60001846FFF77BF86846FFF7BCF80F484FF49D
:103A70008071CDE900400020CDE9080107900C4895
:103A8000039028460021652208F0C6FC0A9068468B
:103A9000FFF71CF911B030BD116011B02846BDE828
:103AA000304009F0D8B81068D6E70000EF370208B8
:103AB000F7370208F0B5C0F5806404FB04F5AD0AE1
:103AC00005FB04F64FEA962C00FB00F6B60A06FB4F
:103AD00000F745435543BF0A0CFB01FC74434FEA12
:103AE0009C2105EB45005C43DDF814E004EB440247
:103AF00001EB105007FB0EF700EB125000EB972084
:103B0000F0BD10B50C461021204607F087F820467E
:103B1000BDE810404FF4806106F0BCBC10B5014612
:103B2000034806F0D3FF044607F03EF8204610BDD8
:103B3000D8C9050870B50446008E154688420FD9CD
:103B4000E06A30F81120AA4320F811202046FEF741
:103B50006CFBA80504D52046BDE8704009F0ACBC5C
:103B600070BD70B50E460546002406E0324621467B
:103B70002846FFF7DFFF641CA4B2288EA042F5D8C8
:103B800070BD000008460021018641864FF6FF7295
:103B900082868162C162416280F83610014900F07C
:103BA000DFBA00000C06002010B50146034806F0FD
:103BB0008DFF044606F0F8FF204610BDF4C9050845
:103BC00010B50C46886A06F0F9F9E06A06F0F6F9D5
:103BD0000020A062E06210BD2DE9FC478846F7484E
:103BE00007F02FFC012827D1404603F080FE06464F
:103BF000404603F0BAFE00270446132E1ED02A2E9C
:103C00004BD0292E49D04FF6FF75012E49D0022EF8
:103C10007CD0082E7BD0062E7AD0032E79D00E2EA3
:103C200078D00F2E77D0102EFCD00D2E74D0152EFC
:103C300002D14046F8F70EFDBDE8FC87404603F090
:103C400092FE8146608EA04620B30025D8F82460FD
:103C500014E000BFD8F82C0030F81500C0F3402065
:103C600050B1608E28B1204607F065FC618E90FB54
:103C7000F1F0A9F80000DFE76D1CADB256F82500A1
:103C800040B1CFA1ECF762FB20B156F825000078D7
:103C90000028DFD1A9F80070CEE7616A00F060FA71
:103CA000CAE7404603F05FFE06462046A18EFEF7B7
:103CB000BCFA05F031F805F074F8012801D00328AA
:103CC00017D16946304605F041F869462046FCF7B1
:103CD00095FBA8420DD0E16A31F81010C1F34012F3
:103CE0003AB9C1F3C00121B9A08601462046FEF7CA
:103CF0009CFAA08EA8429FD0E16A31F81000C0F370
:103D00000021002998D1C0F340219FE00DE054E04C
:103D100094E0A3E0A4E0E2E0E8E000BFC0F3C0006C
:103D2000002889D1A08E019041E0404603F01BFE9F
:103D3000074604F0F1FF064605F033F804289AD050
:103D4000022898D06946304605F000F869462046BA
:103D5000FCF754FB0646A18E2046B1428BD0A94207
:103D600001D0FEF762FAA686384605F0C7F8AE42E3
:103D700092D0E06A30F81600C0F3401100298BD1D0
:103D8000C0F3C000002887D131462046FEF74DFA27
:103D9000E06A30F81610C1F300210029B2D1A18EDB
:103DA00030F81100C0F340200028ABD1019601AAE1
:103DB0001C21204603F0DEFD3EE7A18EA94238D04B
:103DC000E26A32F81100C0F38013ABB1C0F34013C4
:103DD00093B9C0F3C0131BB194F83630DB0713D08E
:103DE00040F0800022F8110094F83600C00703D09C
:103DF0002046A18E0DF007F8A08EE16A31F8100080
:103E0000C0F3002131B902E020F08000EAE7C0F3FE
:103E1000402171B1C0F3401159B9C0F3C00040B99D
:103E2000A08E019001AA1C21204603F0A3FD0128C9
:103E3000C2D12046A18EFEF7F8F9FDE6A08EA84279
:103E4000BAD0E16A31F81000C0F300110029B3D1F3
:103E5000C0F3401100293FF461AFEDE6A18E41E0CF
:103E6000404603F080FD074604F09BFF06462FB94D
:103E7000002004F05BFF04F094FF0646204607F0A4
:103E8000C1FB04F099F9A18EA94295D1022E02D06E
:103E9000042E29D140B394F836100020E26AC907F5
:103EA00001D110E0401C32F81010C1F3C003002B08
:103EB000F8D1C1F34013002BF4D1C1F3C011002994
:103EC000F0D00AE0401C32F81010C1F3C003002B00
:103ED000F8D1C1F340110029F4D1A086ACE6A18E3F
:103EE000A94201D0FEF7A1F9A586A5E6A18EFEF7AD
:103EF0009CF9404603F037FD0078132813D01428AE
:103F000031D004264FF0020912284AD0112890D14E
:103F10000021204608F084F9A28E8446AA4273D17B
:103F2000A786E26A9BE0A08EA84201D1A78601E0A5
:103F3000401CA086A18E208E814200D3A786E26A13
:103F4000A18E32F81100C0F3C0033BB1491C88B206
:103F5000A086218E8842F3D3A786F1E7C0F34010F4
:103F60000028F3D165E7A08EA84201D1A78600E022
:103F700000B9208E401EA086E26A06E011B1491EFB
:103F8000A18602E0208E401EA086A18E32F811008C
:103F9000C0F3C003002BF1D1C0F340100028EDD1D5
:103FA00047E70021204608F03BF98046A08E0146F5
:103FB000A8421AD1A786E26A0BE00000F4C90508FE
:103FC0000A000000491C88B2A086218E884200D3D6
:103FD000A786A18E32F81100C0F3C003002BF1D1E7
:103FE000C0F340100028EDD123E7A26A06EBC1031D
:103FF000D35A32F830505B1B5B1C43F34E032B4407
:104000000FFA83FC238E1EE035E000BF09EBC007EA
:1040100009EBC105D75F555FAF4212DD32F9305071
:1040200065450EDC06EBC005555F4544654508DB7C
:10403000E56A35F81070C7F3401515B9C7F3C00528
:104040001DB1401C80B28342E0D8834245D8F0E6DF
:10405000491C88B2A086218E884200D3A786A18EF3
:1040600032F81100C0F3C003002BF1D1C0F34010AF
:104070000028EDD1DDE6A16A06EBC200085A31F84E
:104080003230C01A401C40F34E00184405B2B4F957
:1040900034001DE009EBC00709EBC203CF5FCB5E24
:1040A0009F4213DA31F93030A3EB0C03AB420DDC45
:1040B00006EBC003CB5EAB4208DBE36A33F810309B
:1040C000C3F3401717B9C3F3C00323B1401E00B2B6
:1040D0000028DFDAADE6002886DBA086A9E6808E20
:1040E0007047038E8B4204D9C06A30F811008243B6
:1040F00001D0002070470120704770B50446008E43
:104100000E461546B0421AD994F83600C00705D0BD
:10411000280603D580212046FFF723FDE06A30F80A
:104120001610294320F8161031462046FEF77DF878
:10413000A80504D52046BDE8704009F0BDB970BDA2
:1041400070B50E460546002406E032462146284654
:10415000FFF7D3FF641CA4B2288EA042F5D870BD2F
:104160002DE9F34F97B00D007BD0179C2046F4F754
:1041700063FB6562002141F26A42179808F04CF92E
:10418000C0B212900021179808F082F80B9000211D
:10419000179808F017F90F900021179808F0DAF82F
:1041A00002900021179808F03BF80990179807F043
:1041B000DCF90490179807F0BEF9618E0027C1F171
:1041C00001020299A94601FB020000B21090384694
:1041D00086E000BF4FF0000B5D460AE0E06A791907
:1041E00030F81100FCF7D7F958446D1C1FFA80FB1A
:1041F000ADB259F8250040B142A1ECF7A7F820B1C3
:1042000059F8250000780028E8D15DB31099608E38
:1042100001FB08F1B1FBF0F20F995318029A08FB69
:10422000023109B20891109908F101025143B1FB22
:10423000F0F10F9A0298491E08FB0020084400B2D2
:10424000149009990498C5F1010201FB020000B223
:104250000E90002801DA00200E904FF0000A56461A
:1042600036E04BE0FFE709F1040036E0E06A30F8A1
:104270001700FCF790F90E9901FB0AF1B1FBFBF274
:104280000999824406FB01210E9A09B20AFB02F049
:10429000B0FBFBF0099A401E06FB0200129A00B226
:1042A000012A06D10A460499081A01B20498801A14
:1042B00000B20B9A104403B2149800901144A06A03
:1042C00009B200EBC700089AFFF737FA761C7F1C8B
:1042D000AE42CBD309EB8500001D814608F10100F9
:1042E0008046608E40453FF675AF179809F0E4F8B8
:1042F000179819B0BDE8F04F08F0ADBC19B0BDE893
:10430000F08F00000A00000070B50446008E0D46D4
:10431000A84203D8A5F57F40FF380AD12046A18ED8
:10432000FDF783FF2046A5862946BDE87040FDF7CE
:104330007CBF70BD2DE9F0410F460C4640F2E471A0
:104340002185012084F82A0084F82B00A18584F8B7
:104350002E0084F82F0000202063A086A82104F5F9
:104360008C7005F075FF002108462D4B782506E07E
:1043700028B14207B2F1604F08D0082808D253F89C
:10438000202000BF04EB8006B2630CE025A2F9E711
:1043900004EB810204EB800682F8185102F58C725E
:1043A000491CC9B2B263401CC0B23828E0D31EA079
:1043B000C4F814013846FFF7F7FB04F138016062D6
:1043C000FFF7CEFE54F8240F4FF48871FFF7B8FEC4
:1043D00000231A221549206806F01EF842F26401F3
:1043E000206809F03BFE0121384609F05DFB012100
:1043F000206809F069FB94F90A202189384600F009
:1044000019F894F9073094F90620A188384600F08D
:10441000AFF82068BDE8F0414FF4804106F03AB8AB
:10442000780500200A00000000000000BDD8010847
:104430002C3070472DE9F05F044688B2A08555B254
:1044400084F82E50012184F82F1082462021606AC2
:10445000FFF787FB002620223146606AFFF74DFEFA
:10446000761CF6B2072EF6D3564629463046FCF7A0
:1044700067FB8346012229463046FCF7FDF80646D5
:1044800007464FF001080BEB06090EE004EB87002E
:10449000434636A2042100F58C700AF029FF7F1CE8
:1044A00008F10100FFB200F0FF08B945EED8691E1F
:1044B0005046FCF745FB0025801B401CC7B211E0AD
:1044C00004EB85003B4629A2042100F58C700AF01C
:1044D0000FFF2022E91D606AFFF70FFE6D1C7F1C95
:1044E000EDB2FFB2B542EBD306EB0B00C5B201272C
:1044F00012E000BF04EB85003B461CA2042100F53E
:104500008C700AF0F5FE2022E91D606AFFF7F5FDC8
:104510006D1C7F1CEDB2FFB22A2DEBD32046FCF7B9
:1045200008FF606AFFF7DBFDA0F57F41FF3903D08C
:10453000F11D606AFFF7E8FE204608F08CFB20467C
:1045400006F0A7FF064600250CE02946204606F0A7
:104550008EFF616A814203D022461C2103F00AFAD1
:104560006D1CEDB2B542F0D3BDE8F09F25640000AC
:10457000018580F82A2080F82B30FCF7DABEF0B5F0
:1045800004464FF4FA66C1F34130771064250128E0
:104590000BD121F4C040B04207DCB84201DDC0F5C8
:1045A0007A70584390FBF5F001B2C2F34130012814
:1045B0000BD122F4C040B04207DCB84201DDC0F5A7
:1045C0007A70584390FBF5F002B2944201DA20462B
:1045D00000E01046884201DA0846F0BD944201DA54
:1045E0002046F0BD1046F0BDF0B504464FF4FA6623
:1045F000C1F341307710642501280BD121F4C0406C
:10460000B04207DCB84201DDC0F57A70584390FB38
:10461000F5F001B2C2F3413001280BD122F4C040C1
:10462000B04207DCB84201DDC0F57A70584390FB18
:10463000F5F002B2944201DA204600E010468842CA
:1046400001DA0846F0BD944201DA2046F0BD10467A
:10465000F0BD002208B51146104600F0DAF80090CF
:10466000BDF8000008BD002208B51146104600F054
:10467000E8F80090BDF8000008BD002208B511461A
:10468000104600F026F90090BDF8000008BD38B5CE
:104690000C460546FFF7F1FF2246294600F07EF959
:1046A0000090BDF8000038BD07B58107BDF80430A3
:1046B00002D020F8023B521EBDF8041001EB01416C
:1046C0000EE002C0103A02C040F8081B40F8041C7B
:1046D00040F8101B40F80C1C40F8081C40F8041C63
:1046E000102AEED803E000BF20F8023B521E002A39
:1046F000FAD10EBD4FF478414FF4FC6201EA10216B
:1047000002EA501208B51143C0F3C4000143ADF8EA
:10471000001088B208BD4FF478414FF4FC6201EA02
:10472000102102EA501208B51143C0F3C40001433E
:10473000ADF8001088B208BD4FF478414FF4FC6228
:1047400001EA102102EA501208B51143C0F3C40077
:104750000143ADF8001088B208BD4FF478414FF422
:10476000FC6201EA102102EA501208B51143C0F3BD
:10477000C4000143ADF8001088B208BD4FF4784181
:104780004FF4FC6201EA102102EA501208B511430D
:10479000C0F3C4000143ADF8001088B208BD4FF467
:1047A00078414FF4FC6201EA102102EA501208B588
:1047B0001143C0F3C4000143ADF8001088B208BD36
:1047C0004FF478414FF4FC6201EA102102EA5012E2
:1047D00008B51143C0F3C4000143ADF8001088B21E
:1047E00008BD08B5D308BDF8002063F30402ADF896
:1047F00000208A08BDF8001062F34A11ADF80010DD
:10480000C108BDF8000061F3CF20ADF8000080B210
:1048100008BD08B5D308BDF8002063F30402ADF865
:1048200000208A08BDF8001062F34A11ADF80010AC
:10483000C108BDF8000061F3CF20ADF8000080B2E0
:1048400008BD08B5D308BDF8002063F30402ADF835
:1048500000208A08BDF8001062F34A11ADF800107C
:10486000C108BDF8000061F3CF20ADF8000080B2B0
:1048700008BD08B5D308BDF8002063F30402ADF805
:1048800000208A08BDF8001062F34A11ADF800104C
:10489000C108BDF8000061F3CF20ADF8000080B280
:1048A00008BD08B5D308BDF8002063F30402ADF8D5
:1048B00000208A08BDF8001062F34A11ADF800101C
:1048C000C108BDF8000061F3CF20ADF8000080B250
:1048D00008BD08B5D308BDF8002063F30402ADF8A5
:1048E00000208A08BDF8001062F34A11ADF80010EC
:1048F000C108BDF8000061F3CF20ADF8000080B220
:1049000008BD08B5D308BDF8002063F30402ADF874
:1049100000208A08BDF8001062F34A11ADF80010BB
:10492000C108BDF8000061F3CF20ADF8000080B2EF
:1049300008BD000008B5121DD3080A4A89B280B22A
:1049400041EA014140EA004011401040401A5843FA
:1049500001EB5010104040EA1040ADF8000080B26A
:1049600008BD00001FF8E00708B5121DD3080A4A69
:1049700089B280B241EA014140EA00401140104052
:10498000401A584301EB5010104040EA1040ADF877
:10499000000080B208BD00001FF8E00708B5121D36
:1049A000D3080A4A89B280B241EA014140EA004094
:1049B00011401040401A584301EB5010104040EA9B
:1049C0001040ADF8000080B208BD00001FF8E007FD
:1049D00008B5121DD3080A4A89B280B241EA0141E2
:1049E00040EA004011401040401A584301EB50107B
:1049F000104040EA1040ADF8000080B208BD000051
:104A00001FF8E00782B2D00AC0EBC00303EB00201E
:104A1000C01D400960F317410846C2F3451101EB80
:104A2000410303EB0121C91C890961F30F2002F046
:104A30001F01C1EBC10202EB0121C91D490961F34C
:104A40000700FF2161F31F607047FF2208B5114680
:104A50001046FFF7F6FE0090BDF8000008BD08B54F
:104A60001F20BDF800103F2260F3040189B262F3F9
:104A70004A1189B260F3CF21ADF8001088B20090DE
:104A8000BDF8000008BD70B50C00054611D000F05F
:104A9000F5F810FB04F05030B0F5A07F0BDB284692
:104AA00000F0ECF810FB04F0A021503090FBF1F086
:104AB00002E0002000E0012000B270BD2DE9F041CD
:104AC0000D461E46174604461C2105F0C1FBC4E9ED
:104AD0000057C4E90256BDE8F081000038B504462D
:104AE0004C2105F0B5FB4FF4A0702080F0206080D1
:104AF0004FF0FF30A080E08000202081608120699D
:104B0000822120F0400040F0080061F3D0102061C5
:104B10004FF4FC60ADF800000090BDF80000A086E6
:104B20000248E06320643820606438BD516D02089B
:104B3000F8B505464648F2F7F3FB040002D0A86B2F
:104B400008B10AE0FEE7686C05F0AEF9060066D031
:104B50000146EA6B28469047AE634FF4AC7120469D
:104B600005F076FB3B4E25602246F7680A213A485D
:104B7000F4600BF0A9FC6060002851D0286981071F
:104B80000AD529886A8811FB02F1EA68D268914245
:104B900002D920F002002861FF2211461046FFF7DB
:104BA00080FE0090BDF800000090BDF80000608518
:104BB000FF2084F829000BF05FFC78B30BF000FCB9
:104BC000A060002006F0BCF82061002006F0B8F8D4
:104BD000E061002006F0B4F8204D20622A46002152
:104BE000E06908F02BFD2A460021206A08F026FD26
:104BF0000221E06906F012F80221206A06F00EF8A0
:104C00000021E06909F01EF80021206A09F01AF875
:104C1000206908F020F8F7609FB113E001E0FEE79B
:104C2000FEE7002009F0B0FA0546052009F0ACFACD
:104C300001460B48009000232A4620460BF0CAFB91
:104C4000BEE7F46060680BF010FD2046F8BD000080
:104C5000945800202806002071650108FFFF0F000E
:104C6000182A0508C26800211161C06841617047B7
:104C70000148C068704700002806002010B90548A8
:104C8000C06820B100680069C0F3C9107047822075
:104C900070470000280600200068C06870470000C8
:104CA00018B90948C068002809D00068017CC1F320
:104CB0000111012904D0032902D0B0F90000704786
:104CC000B0F90200704700002806002070B528B136
:104CD000D0F85401BDE870400BF0EEBB4FF0FF354B
:104CE000002008E0D4F854010BF0E6FB854200D226
:104CF00028460546204600F015F80400F2D1284663
:104D000070BD10B518B9FFF7B3FF002800D0006AD6
:104D100010BD10B518B9FFF7ABFF002800D0C0696F
:104D200010BD000018B101460248F2F7E6BA01488A
:104D3000F2F7D1BA9458002010B518B9FFF798FFD0
:104D4000002800D0006910BD10B518B9FFF790FF1A
:104D5000002800D0406910BD10B508B9FFF788FFE2
:104D6000806810BD18B90948C068002809D00068DB
:104D7000017CC1F30111012904D0032902D0B0F94B
:104D800002007047B0F900007047000028060020BC
:104D900070B5054606F00AFC040020D026695EB115
:104DA00000222521304602F0E5FD206920B10022D5
:104DB0002621284602F0DEFD25615DB10022272173
:104DC000284602F0D7FD206920B100222821304674
:104DD00002F0D0FD2846BDE8704007F03CBF70BD32
:104DE00070B50D46040002D1FFF742FF0446A560EE
:104DF000606A032817D1E068006806F04AFB0028C3
:104E000011D1E068406806F044FB00280BD1E0684F
:104E1000806806F03EFB002805D1E0680068BDE828
:104E200070400BF0B9BA70BD7CB50E7BDDE906545D
:104E3000022E08D94E88002E05D0A54203D0CDE918
:104E400000540469A0477CBD38B50446102105F024
:104E5000FFF901206080FF202073BDF800100020C2
:104E600060F3040189B260F34A1189B260F3CF2183
:104E7000ADF8001088B20090BDF800000090BDF8B9
:104E80000000208038BD2DE9F04F85B0824610B279
:104E900094468B460FFA82F9AAEB000EDDF83880B3
:104EA0000FFA8EF20492ABEB000217B203920AEBF8
:104EB000000203F5B471119C58441E46029212B2CE
:104EC00003B2019088457DD04FF4B4718E4202D96F
:104ED000A6F5B476B6B2884503D9A8F5B4701FFA22
:104EE00080F80F99ACEB010000B20090109818B157
:104EF00001EBD1704010401C05B25A21B6FBF1F015
:104F0000B8FBF1F1C0B2C9B2042800D103200429D2
:104F100000D1032188427ED146457CD868B3012860
:104F200054D0022878D003287ED106F15A0000B26E
:104F30000BF0D4FC009910FB01F10AEBE130401BAF
:104F4000208030B20BF0CAFC10FB09F10BEBE13012
:104F5000401B608008F15A0000B20BF0BFFC10FB50
:104F600009F10AEBE1302844A0800FFA88F00BF039
:104F7000B5FC009910FB01F15AE130B20BF0AEFC28
:104F8000009910FB01F10BEBE130401B60805A36B9
:104F900030B20BF0A3FC10FB09F10AEBE13028441E
:104FA000A0800FFA88F00BF099FC10FB09F10BEBD5
:104FB000E1302844E08008F15A0000B20BF08EFC8A
:104FC000009900E0E6E010FB01F129E030B20BF0BF
:104FD00085FC10FB09F10BEBE1302844E0805A36E8
:104FE00030B20BF07BFC009910FB01F10AEBE130D1
:104FF0002844A0800FFA88F00BF070FC009910FB99
:1050000001F10BEBE130401B608008F15A0000B267
:105010000BF064FC02E036E009E005E010FB09F16A
:105020000AEBE130401B208005B0BDE8F08F06F1AF
:105030005A0000B20BF052FC10FB09F10AEBE13010
:10504000401B208030B20BF049FC009910FB01F1AD
:105050000BEBE1302844E0800FFA88F00BF03EFCC7
:1050600010FB09F10BEBE130401B608008F15A00A6
:1050700000B20BF033FC009910FB01F10AEBE130B8
:105080002844A080D0E730B1012837D0022861D071
:1050900003287ED099E001297CD108F15A0000B2A2
:1050A0000BF01CFC10FB09F10AEBE130401B2080E7
:1050B0000FFA88F002900BF011FC074630B28046E0
:1050C0000BF00CFC874201DA029800E040460BF03E
:1050D00005FC009910FB01F10BEBE130401B6080F7
:1050E0005A3630B20BF0FAFB10FB09F10AEBE13053
:1050F0002844A08001982844E08095E7022964D1E3
:10510000AEEB050020800FFA88F00BF0E7FB10FBF8
:1051100009F10BEBE130401B608006F15A0000B250
:1051200001900BF0DBFB074608F15A0000B2804605
:105130000BF0D4FB874201DD019800E040460BF004
:10514000CDFB009910FB01F10AEBE1302844A0806F
:1051500030B269E0032938D106F15A0000B20BF0F1
:10516000BDFB10FB09F10AEBE130401B20800398E6
:10517000401B608008F15A0000B20BF0AFFB10FB3F
:1051800009F10AEBE1302844A0800FFA88F080464C
:1051900001E019E019E00BF0A1FB009910FB01F709
:1051A00030B206460BF09AFB009910FB01F08742E3
:1051B00001DD404600E030460BF090FB009910FB0B
:1051C00001F00BEBE03096E729B10498208067806E
:1051D000A280E38028E708F15A0000B203900BF0A8
:1051E0007DFB074606F15A0000B201900BF076FBFA
:1051F000874201DA039800E001980BF06FFB0099F9
:1052000010FB01F10AEBE130401B208030B20BF0C3
:1052100065FB10FB09F10BEBE130401B608002984D
:105220002844A0800FFA88F00BF058FB10FB09F11E
:105230000BEBE1305FE7000070B5164604463BB16A
:10524000C87A022812D9A569204625B1A84704E0EA
:1052500007A2314606E0F4F7D7FD002806D104A2E4
:1052600031462046BDE870400EF01BBD70BD000009
:105270004E6F0A646174610038B54469049D002C66
:1052800001D00095A04738BD38B50446182104F078
:10529000DFFF002211461046FFF7A3FA0090BDF889
:1052A00000000090BDF800002081FF20E072401C4B
:1052B00060800120207538BD704700002DE9FF4F48
:1052C000B5B0887E429F1E4692460C4602287DD984
:1052D000206800287AD03598C069002876D020222E
:1052E00013A8EBF708F820680390002E6ED03078F2
:1052F00000286BD03598514682682EA8F0F79AFFA7
:10530000002863D0207FB0F1000B01D14FF0010BDA
:10531000607F800707D4BAF80410BAF80000081AB2
:10532000401C03B20FE0B4F91200627F41F6FF7136
:105330008DE80700B4F91430314607A822680BF055
:1053400091FBBDF91C300398B4F912100025B0F997
:1053500008906A1E01EB09000B90BAF80000ADF846
:105360001000BAF80210ADF81210B4F91600069049
:10537000B4F918000144ADF81210FFB1F0B9BAF950
:10538000021000291ADAD7F808C0ACEB0100002897
:1053900001DCA1EB0C000B994FF4806C49420CEB43
:1053A0004101884200DD3A603868002806DB054686
:1053B000BDF81210B8880844ADF81200617F0020D3
:1053C000CDE90001B4F91420701900E0ACE030938D
:1053D0000399F2F73FFA00EB050829E0617F00200E
:1053E000CDE90001B4F9142006EB0800309B0399C5
:1053F000F2F730FA454600EB0508BDF812100B989D
:10540000084400B2ADF812007FB110F5806F0CDBDC
:105410003868002809DA3D60BDF91210BAF90200B7
:10542000081A7860BAF90200B860705D00287BD075
:10543000BDF9121001EB090035998968B1F9021024
:105440008842CBDB5846CDF8C4B0BBF1020F02D086
:10545000032816D029E0607F0090B4F91430A8EB3F
:1054600005017019039A0BF05BFB07465046FEF7E7
:1054700032F9C01BBDF8101000EBD07001EB6000DA
:1054800011E0607F0090B4F91430A8EB05017019A9
:10549000039A0BF045FB07465046FEF71CF9C11B6B
:1054A000BDF810000844ADF81000D4E9019BD945BF
:1054B00002D94846D9468346A07F800717D00FA857
:1054C00000F0D0F9A089ADF83C00039890F90E00E7
:1054D00000B90120ADF83E00A07E8DF84400A07F09
:1054E000C1089DF8450061F301008DF845000020DA
:1054F0000E90FFF7AEF832901BA800F0EFFE208A66
:10550000ADF87000BDF9100033906AE1BDF81010DD
:10551000069800270844ADF81000701908971290FB
:10552000A8EB05002A90BCE05FE10020A9F57F41CF
:105530000790FF390AD0ABF57F40FF3806D0AC4A60
:1055400008982918126830469047079008AB6A46B9
:1055500001A91298F2F766F9607FC0070AD0019896
:10556000232802D0012F13D004E047B1012F0AD025
:10557000022F0BD0E0683290022F4ED04FE00898F7
:105580000E90012047E00027E06847E0002042E05D
:10559000202841D108990E98081A072801D0A0891F
:1055A00037E00E9A12982BA91044062210F8013BFE
:1055B00001F8013B521EF9D100208DF8B2009DF890
:1055C000AD00FBF796FE07469DF8AC00FBF791FE99
:1055D00007EB001007909DF8AF00FBF78AFE074627
:1055E0009DF8AE00FBF785FE07EB001009909DF8D3
:1055F000B100FBF77EFE07469DF8B000FBF779FE91
:1056000007EB0010C2B20998C1B20798C0B2FFF709
:1056100000F92D900220074643E02D983290DDE9F5
:105620000021039802F081FA2C904FF6FF7081451B
:1056300022D0834520D0079949451DD359451BD217
:10564000BDF81000ADF82400BDF81210ADF826101A
:10565000A28A02442C98401E1044ADF828000B98F2
:1056600009AA401E0844ADF82A001BA9359800F08D
:1056700021FEE089ADF8C800BDF8C800ADF85800BB
:1056800004AA13A9019B359800F0DAF82C98002899
:1056900007DDBDF81000A18A08442C990844ADF834
:1056A000100008992A9888423FF63FAFA07F8007F4
:1056B00023D53398ADF800002068BDF93E1002AB49
:1056C000B0F9080001EBD17100EBD070401000EB95
:1056D0006100BDF812106A460844BDF81010ADF81C
:1056E0000810ADF80200ADF80A00BDF8C800ADF82A
:1056F0003C000FA9359800F0A8F8A07FC0071FD084
:105700003398ADF800002068BDF8121002AB028992
:1057100040891144091A03986A4690F90D00081A45
:10572000BDF81010ADF80810ADF80200ADF80A0091
:10573000BDF8C800ADF83C000FA9359800F085F819
:10574000617F0020CDE9000106EB0800B4F91420C8
:105750000746309B0399F2F77DF8454600EB0508B4
:10576000BAF80000ADF810003198022802D00328E2
:1057700016D029E0607F0090B4F91430A8EB050141
:105780003846039A0BF0CCF907465046FDF7A3FFC5
:10579000C01BBDF8101000EBD07001EB600011E0F1
:1057A000607F0090B4F91430A8EB05013846039AE5
:1057B0000BF0B6F907465046FDF78DFFBDF8101007
:1057C000C01B0844ADF81000BDF812000B99084446
:1057D000359900B2ADF812008968B1F90610884217
:1057E00003DC705D00287FF491AE39B0BDE8F08F26
:1057F0008C06002038B50446202104F029FDFF2046
:10580000A076FEF726FF0090BDF80000A0810B48AF
:1058100020604FF6FF706060A060FEF71AFF0090F6
:10582000BDF80000E081052008F0AEFC0090BDF856
:10583000000020820020E07638BD0000182A05080C
:1058400030B4C469A44630BC604730B44C88002CE6
:1058500006D00C7A022C03D9046AA44630BC6047F7
:1058600030BC704738B504460A2104F0F1FC012031
:105870006080FF202072BDF80010002060F304015A
:1058800089B260F34A1189B260F3CF21ADF80010FC
:1058900088B20090BDF800000090BDF800002080A4
:1058A00038BD000010B503460A4A002052F83040C7
:1058B00024B1401CC0B21028F8D301E0102802D354
:1058C0004FF0FF3010BD42F8303002EBC0025160A3
:1058D00010BD0000045A00202DE9FF4F81B08B4617
:1058E0000E9D16461C46B5F90A10B5F90C00571A5C
:1058F000B5F9082005F11009ABEB020305F13C0AEC
:10590000B4285DDAB5F90E20B42A7DDA00287BD000
:10591000002A79D0904277DDB1425ADC696D794333
:105920004FEAA12CA96A7F1C79438912A0F20F15B6
:10593000582D01D8002909DB451E592D01D8002911
:1059400004DB5B38B32802D2002900DD0021A2F27B
:105950000F10582801D8002909DB501E592801D8FA
:10596000002904DB5B3AB32A02D2002900DD0021C2
:10597000ACEB010001EB60000125C71AA74200DD76
:105980002746002F0DDD3BB232465946CDF8009038
:10599000019800F091F9050003D13946019804F00F
:1059A00057FCA74200DD2746002F00DA0027CDF87C
:1059B00000A05DE0B54276D1284605B0BDE8F08F85
:1059C00068DDB5F90E20B42A64DD904262DDB14293
:1059D00001DA0120F1E7696D79434FEAA12CA96A48
:1059E0007F1C79438912A0F20F15582D01D8002988
:1059F00009DB451E592D01D8002904DB5B38B3288B
:105A000004D2002902DD00E044E00021A2F20F10E0
:105A1000582801D8002909DB501E592801D800292F
:105A200004DB5B3AB32A02D2002900DD0021ACEB93
:105A3000010001EB60000125C71AA74200DD2746DF
:105A4000002F0DDD3BB232465946CDF800A001983B
:105A500000F032F9050003D13946019804F0F8FB53
:105A6000A74200DD2746002F00DA0027CDF800907E
:105A70000BEB070001B20198E41B384423B2074640
:105A8000324600F019F9060094D12146384604F058
:105A9000DFFB8FE70127B846B42805D038B109DA13
:105AA000B14209DC0AE047E0B14210DC04E0B14257
:105AB00002DC0CE0B14201DC032708E02346324659
:105AC0005946CDF80090019800F0F6F80746B5F970
:105AD0000E00B42806D060B1B5F90A000FDAB04262
:105AE00004DC0EE0B5F90A00B04206DD4FF0030811
:105AF00003E0B5F90A00B042F8DDBFB10EE0B042F4
:105B0000F4DD234632465946CDF800A0019800F056
:105B1000D3F8804657B1B8F1000F07D0032F02D059
:105B2000012F05D008E0B8F1030F05D1002044E7AC
:105B30004046B8F1010FFAD002203EE72DE9F843C4
:105B40000546884640F26710411C089C1746002B0A
:105B500001DA002302E08B4200DB0346002C01DA6D
:105B6000002402E08C4200DB04469C4203DAC3F5C9
:105B7000B470204403E0E01A002800DC181BA5F8EC
:105B80006800AB81EC81A5F808806F81154828601A
:105B9000012028718B4200D9FEE7B42B01D20020EE
:105BA00000E00120002C01DB8B4200DDFEE7B42C7D
:105BB00005D3A4F1B401B42901D2002600E00126E6
:105BC00000903A46414605F1100000F0CBF823461C
:105BD0003A46414605F13C00009600F0C3F8BDE8A6
:105BE000F8830000D95802082DE9F8431E461746ED
:105BF0008846814600250C4C0DE00090D0F800C08E
:105C000033463A4641464846E047002808D0022835
:105C100000D10125083420680028EED115B10220FA
:105C2000BDE8F8830120FBE7045A002010B5017994
:105C3000022906D0052913D18068BDE8104004F080
:105C4000BDB90446406900280AD00169002904DA78
:105C5000406804F0B3F96069EFE74169491E4161AA
:105C600010BD000070B5134D060008D05FF00004B1
:105C700055F83410B9B10879022805D002E0286837
:105C8000002800D0012070BD887CB1F91020C00729
:105C9000304601F1080102D0F0F764FB01E0F0F7B3
:105CA000F1FA0028EED0641CE4B2102CE0D30020FE
:105CB00070BD0000045A0020F8B5069CA58A266A2B
:105CC000521B658A12B2491B94F8285009B24FEA58
:105CD000C57526B1009485B3FCF76EFDF8BD85B19E
:105CE000207C810727D000F00301012923D002295D
:105CF00001D1511C1FD4C043800728D1002A1ADCCF
:105D000025E0227C02F00304022C14D0D543AD0719
:105D100011D0012C01D100290DDC920701EB030207
:105D200007D0002A13DB49420FD50021002B0EDDDE
:105D30000FE0002A02DA0120F8BD10E04A4206D442
:105D40009A420ADA991A104405E0994201DB0020D0
:105D5000F2E7994201DA04F07BFA0220ECE7FCF763
:105D6000D5FDE9E72DE9FC471C46DDF828801646FD
:105D70000F468146B42B01DDB43C24B204F15A0035
:105D800000B20AF0ABFD07EB601520460AF0A6FD55
:105D900006EB601000B2CDE900082BB2324639465E
:105DA000484600F003F8BDE8FC8700002DE9F04705
:105DB0000F46DDE908699846154604462C2104F093
:105DC00047FAB54206D1B9F1030F03D16D1E761E15
:105DD0002DB236B2B54205DD4046B84607463046DC
:105DE0002E46054627816581A4F80C80E68184F85B
:105DF00010906782A8EB07004B46A582002801DDC2
:105E0000014601E0A7EB0801721B002A01DD1546DF
:105E100000E0AD1BA94294F8281002DD41F0010119
:105E200001E021F0010184F828100025E561244EED
:105E30002660A5612571CE074FF480150DD020B1E5
:105E400095FBF0F65643B612E66122B195FBF2F2ED
:105E500042439012A061E0690CE022B195FBF2F69A
:105E60004643B612A66120B195FBF0F05043801274
:105E7000E061A0692062980709D003F003000128BF
:105E800008D0022813D0D843800714D006E021F0B0
:105E9000020001E041F0020084F82800216A881025
:105EA0006062002901DA40426062BDE8F087206A42
:105EB0000028EFDCEBE7206A0028EBDDE7E70000D5
:105EC000B95C02082DE9FE4F8046DDF830900E46A1
:105ED0001C4699F81200174600F0010AB9F9105053
:105EE000684609F10801FDF79AFBBDF90200BAF115
:105EF000000F2FD0B84250DCBDF90600B8424CDB91
:105F0000BDF900004119B14205DCBDF90420311989
:105F1000521B914209DDBDF902104A19BA4240DC18
:105F2000BDF90620521BBA423BDBBAF1000F18D074
:105F3000801B00D50020A04231DCBDF90410891B74
:105F4000091A491C4218A24200DD211A002926DB49
:105F50004044EFE0B84213DCBDF90600B8420FDB65
:105F6000CEE7871BA7420BDC002F03DB39464046F8
:105F700004F06EF9BDF90400851B6D1C002D02DCD8
:105F80000020BDE8FE8FA54204DA611B08EB050086
:105F900004F05EF91FB9A54201D10120F1E702200A
:105FA000EFE7BDF80430821B181A401C0FFA80FC82
:105FB000BDF80600401A401C03B2781A00B2A8428D
:105FC00002DA281A401E01E0591B401AD9F81410B1
:105FD00000B20223CF6803EB4003FB5A37F810608E
:105FE0009B1B1EB28B68496833F8103037F81000DD
:105FF0004FF0000700EB010B02EB0C00401B1844B4
:106000000FFA80F95019C01A401E05B2BAF1000FFC
:1060100022D06BE0F11B01EB0B0010F8010C029099
:1060200009EB07005FEA000A08D4A24506DA18F86F
:106030000A1002980BF080F908F80A00B5EB070A7D
:1060400008D4A24506DA18F80A1002980BF074F981
:1060500008F80A007F1C3FB2B742DBDB09EB070000
:10606000A04201DA014600E02146002901DA0020C1
:1060700002E0A04200DB204600B2211A404404F0B6
:10608000E7F8A81B411CA14201DA0A4600E02246BB
:10609000002A01DA002402E0A14200DA0C4621B213
:1060A000404647E0F11B01EB0B0010F8010CC0F17A
:1060B000FF00029009EB07005FEA000A08D4A2453E
:1060C00006DA18F80A1002980BF036F908F80A00F8
:1060D000B5EB070A08D4A24506DA18F80A100298A8
:1060E0000BF02AF908F80A007F1C3FB2B742D9DB4F
:1060F000681CA04201DA691C00E02146002901DA8F
:10610000002504E0A04201DA6D1C00E025462AB219
:10611000A9EB0200A11A884201DA034600E00B460F
:10612000002B01DA002002E0884200DB084601B2C1
:1061300008EB020004F08CF831E700002DE9F04193
:106140001546064688880A881C46801A401C02B2FA
:10615000C8884B88C01A401C00B2824200DA104640
:10616000B5EB600F00DD4510002D00DA002506F1CB
:106170000800FDF754FA3582B474384830600220C4
:1061800030710023C5B1364800214FF47A7200BF48
:10619000C1EBC10400EB8404B4F91840AC421BD13C
:1061A000C1EBC10100EB81004169491C41610169FA
:1061B000102D04DA012303E07361BDE8F0812B1197
:1061C0000B44934205DA102D01DA012200E02A1176
:1061D0000A4402617061F0E7491C0429D8D3002405
:1061E0004FEA0401C1EBC10700EB8707D7F814C0E1
:1061F000BCF1000F07D12CB1D7F810C0D4F810E0D3
:10620000F44500DA3C46491C0429EBD33CB16069F3
:10621000401CC4E90430102D0EDA01200DE01C20D2
:1062200003F042FE040006D01C2104F011F84FF0E8
:10623000FF3020610BE0FEE728111844904205DA98
:10624000102D01DA012000E028111A1822612046E1
:1062500029467461BDE8F041F3F752BBC55E020800
:1062600094590020F0B50025094E07462C4600BF82
:1062700006EBC4004068B84204D156F834502046BA
:1062800000F008F8641CE4B2102CF1D32846F0BDED
:10629000045A00200021421C08D0054A002352F86D
:1062A000301042F8303002EBC000436008467047BF
:1062B000045A002030B4D38854881B1B5B1C1BB2CB
:1062C000012B09DB938814881B1B5B1C1BB2012B61
:1062D00002DBC36830BC184730BC704738B5044691
:1062E000382103F0B5FFFEF7B0FB0090BDF80000C9
:1062F00024F8040FFEF7A9FB0090BDF800006080B1
:10630000FEF7B1F90090BDF80000E080FF2525728E
:106310000220A072FEF7A7F90090BDF8000060838C
:10632000FEF7A1F90090BDF8000020850748206124
:1063300004F8015CA57584F82650A57784F83250DE
:10634000E07F20F03E001E30E07738BD182A0508B7
:106350002DE9F04FCBB08346DDE95465087B9846C4
:1063600014460F4602287DD9B7F90200002879D0DB
:10637000AE4277D01AB281469246404500DD914642
:1063800006A8FFF7ABFF787B00F003008DF81A003A
:10639000B86840B100208DF81B00B8680A90387BBF
:1063A0008DF8320005E0387B8DF81B003888ADF899
:1063B0001C002188A1EB0800ADF810006288A8F14C
:1063C0000101A2EB0802ADF8122023880B44ADF8BE
:1063D0001430B4F802C0ADF804006144ADF80830E0
:1063E000ADF81610ADF80620ADF80A10B7F802C0E7
:1063F0006044ADF80400B7F802C0624412B2ADF8D0
:106400000620B7F802C0A3EB0C03ADF80830B7F8CC
:1064100002C0181AA1EB0C01401C09B24FF0FF3C5E
:1064200000B2ADF80A10CDF814C1002810DD881AAA
:10643000401C00B200280BDD012347F6FF7201A9C2
:1064400032A8FFF77BFE002132A8FFF72BFA459018
:10645000002347F6FF7204A938A8FFF76FFE00215A
:1064600038A800E024E0FFF71DFA489006F5B47064
:10647000A84205D005F5B4714FF4B4708E421ED118
:1064800047F6FF70ADF8180004AA06A95846FFF7B2
:1064900011FF4898FFF7FEFE4598401C02D0459832
:1064A000FFF7F8FE38A8FFF7C1FB32A8FFF7BEFBE5
:1064B0004BB0BDE8F08F00BFA6F5B476B6B2864209
:1064C000FAD202E0A5F5B475ADB28542FAD228B28F
:1064D00046900090B4F90220B4F9001033B214A829
:1064E0004793FFF72BFB002114A8FFF7DBF92F9050
:1064F000B54203D9A81BC0F5B47000E0701BDBF8EF
:10650000081000913C282ADDB8F10A0F27D95A203B
:10651000B6FBF0F1B5FBF0F000F00300ADF80401BC
:1065200006A8ADF8FCA0ADF8005101F003014290BF
:106530003E94ADF8FE60ADF80211ADF8069104A8E6
:10654000CDE9430B3EA8F7F769FA3EA8F7F72EFB13
:106550003EA8F7F7FAFB3EA8F7F7E5FC04E004AA2B
:1065600006A95846FFF7A6FE14A8FFF75FFB38A858
:10657000FFF75CFB32A8FFF759FB2F98FFF78AFE65
:106580004898FFF787FE4598401C02D04598FFF7D2
:1065900081FE787B40078BD509F0FF022FAB514677
:1065A0004798FAF7F1FBBDF8BC0021882FAA0844F0
:1065B000ADF8BC00BDF8C00021880844ADF8C000AB
:1065C000BDF8BE0061880844ADF8BE00BDF8C20049
:1065D00061880844ADF8C20048A80099EFF72AFE88
:1065E00048ADC0B1002347F6FF722FA93EA8FFF7C0
:1065F000A5FD00213EA8FFF755F90646584604AA16
:1066000006A9CBF80850FFF755FE3046FFF742FECB
:106610003EA8FFF70BFB09F0FF022FAB514646984F
:10662000FAF7B2FBBDF8BC0021882FAA0844ADF8E8
:10663000BC00BDF8C00021880844ADF8C000BDF81A
:10664000BE0061880844ADF8BE00BDF8C200618894
:106650000844ADF8C20048A80099EFF7EBFDC0B1BF
:10666000002347F6FF722FA93EA8FFF767FD002120
:106670003EA8FFF717F90446584604AA06A9CBF826
:106680000850FFF717FE2046FFF704FE3EA8FFF76D
:10669000CDFA0098CBF808000AE770B514460D460D
:1066A0000646F3F739FE224629463046BDE87040DB
:1066B000F4F707B87CB50446087E0D4602280ED9CB
:1066C000A26868462968EFF7B5FD002807D0E16A9F
:1066D00009B120468847626B2946204690477CBD19
:1066E0002DE9F04FCD6889B00C46804615B1207C6D
:1066F000002879D0207C012800D10025D8F804009A
:1067000081880088081A401C00B20790D8F8082039
:1067100005A82168EFF78EFD002865D0F1F746F84F
:1067200083460068D8F800A0C06980B9D8F8040092
:10673000BDF91410B0F90020B0F90200891ABDF9B2
:106740001620121A079800FB02110AEB410AD4F82E
:1067500004905FEA090013D020688288B0F9001025
:10676000B0F90200521A521C17B2BDF91420511A86
:10677000BDF91620101A07FB001109EB410900E0D2
:10678000002795B160698288B0F90010B0F9020065
:10679000521A521C16B2BDF91420891ABDF91620DE
:1067A0002944801A06FB001500E00026D8F80400F2
:1067B0004188008849420AB2404201B205A8FCF76C
:1067C000AFFFDBF80000C0690028606818D000281F
:1067D000207E0CD001A9009781E861004B4605A9F5
:1067E0005046079A0AF028FD09B0BDE8F08F8DE801
:1067F0006100A36805A95046079AF9F75DF8F3E729
:106800000028607E0DD018B3217E0097CDE903608B
:10681000CDE901154B4605A95046079A0AF008FB39
:10682000E2E758B1217ECDE90260CDE90015A36809
:1068300005A95046079AF8F7F5FDD5E7207E05A98A
:106840008DE86100A3685046079AF8F791FECBE700
:10685000207E01A9009781E861004B4605A95046BA
:10686000079A0AF067FBBFE72DE9FF4FB7B00C4668
:106870003798994616468068DDF810A10188ADF872
:1068800014104188ADF816108188ADF81810C08832
:10689000ADF81A0005A8FFF7E5F91F901C2122A802
:1068A00003F0D6FCE07A8DF8A000207B00F00F000A
:1068B0008DF8A1001F9840B9208830B96088B0F5E4
:1068C000807F02D1BAF1040F03D0BAF1050F35D0A1
:1068D00001E0A07A48B30227B18830880025081A61
:1068E000401C00B21D904FF4FC60ADF800003390E6
:1068F000BDF81A10BDF81600BDF81420091A491C7D
:1069000009B22991BDF81810ADF80820ADF80C10A7
:10691000ADF80A00ADF80E0002A88B1A22905B1C9D
:1069200020880FFA83F878B90AE0CDE9226922A914
:106930003798FFF7BFFE3BB0BDE8F08F0327CBE7EA
:106940006088B0F5807F01D0012000E000202E900B
:106950001F99014304D1BAF1050F01D1A07A60B1AA
:10696000F0F724FFFEF79CF9834605A8FCF79FFE8D
:106970005946584575D9084676E0F0F717FFFEF7F7
:106980008FF9044605A8FCF792FE2146A04201D9E2
:10699000084602E005A8FCF78AFE8246400003F0A4
:1069A000AFFA8346504603F0ABFA0446259002A89E
:1069B00027900220CDF88CB08DF89800BDF91620F4
:1069C000B6F90210511A1D9A514301FB0790BDF907
:1069D0001410B6F90020891A01FB070900262AE0E5
:1069E000484600210BE0827862552AB1037842784C
:1069F00003EB02232BF81530491C38446D1C41452C
:106A0000F1DB1D9810FB079905EB0801514505D8EE
:106A1000BDF80E00401CADF80E000BE022A937981F
:106A2000FFF748FEBDF80E00401CADF80A00ADF8B7
:106A30000E000025761C29988642D1DBBDF90A108C
:106A4000BDF90E00814206D0401EADF80E0022A90D
:106A50003798FFF72FFE204603F09EFA584673E161
:106A6000FFE705A8FCF723FE2190400003F048FA59
:106A70002D90219803F044FA0190259002A82790C8
:106A800002208DF898002D982390002004904C212E
:106A90000AA803F0DDFB2E9820B32088ADF834005F
:106AA0006088ADF836001D98CDF82890ADF82C0020
:106AB000F18870888DF83AA0081A401CADF82E00B5
:106AC000A088ADF83000E088ADF832002089ADF83C
:106AD0003800207D00F001008DF83B000AA8F0F797
:106AE000FFF810E0BDF91620B6F90200B6F9001063
:106AF000101A1D9A5043BDF9142000FB0790511A3B
:106B000001FB07000490002020902B90A07AC0F198
:106B1000FF013491B0B121898AB2D10A11FB00F38F
:106B2000209963F30F01C2F3451313FB00F363F3E2
:106B30001F41209102F01F0111FB00F12B9861F31E
:106B40000F002B90BAF1040F05D1208818B9608886
:106B5000B0F5807F01D0022000E001208DF8980080
:106B60001F9818B12199019803F0A0FBBDF90A10F4
:106B7000B6F90200081A30900020CEE0DDF810B01F
:106B80003195BDF90800B6F900104FF00009401A20
:106B9000329073E02E98B0B1089930980844329939
:106BA00002B201EB090001B20AA8EFF7ADFE30B165
:106BB00001989DF83E104155BDF83C0022E0019837
:106BC0000021415556E0BAF1050F0ED00198FF2182
:106BD00000F805109BF800109BF80100BAF1060FB1
:106BE00001EB002080B206D00CE001999BF8020076
:106BF0004855E0B3EEE73399884203D1019900206C
:106C0000485537E0A17A81B32099349A89B2C30AF2
:106C100013FB0211803101EBC11303EBC131C1F34E
:106C2000C453BDF8D410C0F3451C63F3CF21209B9F
:106C30001B0C1CFB0233803303EBC31C0CEBC33374
:106C4000C3F3C55363F34A112B9B00F01F0010FBE5
:106C50000230803000EBC01202EBC030C0F3C450F1
:106C600060F30401ADF8D41088B22D9900E001E082
:106C700021F8150009F10109BB446D1CC14589DBF0
:106C80001F98C0B1BDF816100898019B084402B2C5
:106C90003198BDF90810184481464346FEF7A4FF19
:106CA00010B1022804D006E04846414603F0D0FA6D
:106CB00002208DF898001D99049811FB070004909C
:106CC000219805EB0801814205D2BDF80E00401C59
:106CD000ADF80E001FE022A93798FFF7EBFCBDF8D6
:106CE0000E000025401CADF80A00ADF80E00BAF108
:106CF000040F05D1208818B96088B0F5807F01D0D5
:106D0000022000E001208DF898001F9818B1219909
:106D1000019803F0CBFA0898401C01460890299886
:106D20008142FFF62BAFBDF90A10BDF90E0081427A
:106D300006D0401EADF80E0022A93798FFF7BAFC26
:106D4000019803F029F92D9803F026F9F3E50000E6
:106D500010B50C463821204603F07AFA0948206124
:106D60000948E0600948A0620948E061094860619B
:106D700009482062094860620948E0620948606386
:106D800010BD000051630208717202089B66020880
:106D9000A96D0208696802084D6E0208F16F0208C9
:106DA000A9720208E1660208F0B51F46064687B0E0
:106DB00014460D46086800233A4602A900F045FE35
:106DC000002841D0BDF81020002A3DD0BDF80E109B
:106DD000002939D02088BDF81230184400B2ADF82F
:106DE00004002B686488B3F808C05B89ACEB03032C
:106DF0002344BDF814409B1A1B1B1BB2ADF8063090
:106E00004418B168B1F900C064451DDBB1F9044014
:106E1000A04219DC9818B1F90220904214DBB1F9B4
:106E20000600834210DC3946029800F00AFE002872
:106E30000AD00299097B890706D1009002AB01AA0A
:106E400029463046F4F746FF07B0F0BD2DE9F0477C
:106E50000E46B1F9021096B01C461546814600292F
:106E60007ED0307A02287BD9B5F90000B4F9002031
:106E7000904205D1B5F90230B4F90270BB426FD02F
:106E8000904200DB104601EBD171A0EB6100ADF840
:106E90004400B5F90010B4F90000B6F902208142AF
:106EA00000DD084602EBD27100EB6100ADF848004E
:106EB000B5F90210B4F90200B6F90220814200DAF5
:106EC000084602EBD271A0EB6100ADF84600B5F9BF
:106ED0000210B4F90200B6F90220814200DD084632
:106EE00002EBD27100EB6100ADF84A0011A908462F
:106EF000D9F80820EFF79EF9002875D011A9D9F824
:106F000008A0C9F80810B5F90200B4F902108842C7
:106F100006D123462A4631464846F5F73BF80EE0AF
:106F2000B5F90000B4F90010234688422A463146DC
:106F3000484602D1F5F796FA01E0F5F7E5F8707AE0
:106F4000010701D440074DD502A8FFF7C7F93088E3
:106F5000ADF80C0047F6FF70ADF80800307A00E09D
:106F600042E08DF80B00B6F90200471040F3000034
:106F700000F10108707A400718D528886A46C01BBE
:106F8000ADF800006888C01BADF802002888C11960
:106F9000A1EB0800ADF804006888C119A1EB080056
:106FA000ADF8060002A94846FFF784F9707A000799
:106FB00018D520886A46C01BADF800006088C01B49
:106FC000ADF802002088C119A1EB0800ADF804005B
:106FD0006088C119A1EB0800ADF8060002A9484677
:106FE000FFF768F9C9F808A016B0BDE8F0870000FF
:106FF0002DE9FF4F8BB01E461746032B7ED3002F83
:107000007CD0B00002F07CFF05007BD00024386803
:1070100028602046721E15E007EB800137F920300A
:10702000B1F904C0634505D1B1F90230B1F906C028
:10703000634505D005EB84030968641C1960A4B29C
:10704000401C80B29042E7DB07EB8600B7F90010E6
:1070500030F9042C914205D1B7F9021030F9022C15
:10706000914206D005EB840150F8040C641C0860C2
:10707000A4B2032C43D37D49D1E90001CDE902013B
:10708000002027E0BDF9082035F920108A4200DAF7
:107090001146ADF8081005EB8002BDF90A10B2F9EF
:1070A0000230994200DB1946ADF80A10BDF90C30E8
:1070B00035F920108B4200DD1946ADF80C10BDF9F2
:1070C0000E30B2F902108B4200DD1946401CADF8BB
:1070D0000E1080B2A042D5D30B9802A9826805A8F1
:1070E000EFF7A8F858B10B9805A900268068099019
:1070F0000B988160B5F90210012011E002E02846EA
:1071000002F04AFF0FB0BDE8F08F00BF05EB800230
:10711000B2F902208A4201DA114606B2401C80B25E
:10712000A042F3D32C2104FB01F002F0E9FE8346D8
:10713000B2460490D1464FF00008701E00D520449E
:10714000621E09F101010892914200DD002135F82B
:10715000262035F8203035F8217005EB80009B1A89
:10716000BF1A428805EB860005EB810140884988FB
:10717000121A081A0021079112FB07F110FB03F005
:10718000814267DA0120079001E00798F0B3089880
:107190000AF10106864200DD0026B9F1010700D59B
:1071A000274405EB860005EB8A01B0F90200B1F92E
:1071B0000220904216DB12D035F9263035F92A101C
:1071C0008B420CD04FF0010CCDE9000C5846FEF775
:1071D000EDFD58460499FEF765FB0BF12C0B08F109
:1071E0000108B246A04523D005EB870005EB8901D5
:1071F000B0F90200B1F90220904217DB13D035F943
:10720000273035F929108B420DD000E022E000260E
:10721000CDE900065846FEF7C9FD58460499FEF729
:1072200041FB0BF12C0B08F10108B946A045ACD38A
:10723000DDE90B0102AAFFF73DF80498FFF712F809
:10724000049802F0A9FE284602F0A6FE0B990998C0
:10725000886057E7BAF1010600D52644089809F17D
:10726000010787429DDD00279BE700005CCE0508F3
:1072700070B514460D460646F6F776FF22462946B7
:107280003046F3F749F8224629463046F3F719FA13
:10729000224629463046F3F7F6FA2246294630467A
:1072A000BDE87040F6F7A0BA704710B5044601215A
:1072B00003F0EEFC4FF6FF7060870121606A03F077
:1072C000E9F820460022BDE81040202100F052BB22
:1072D00070B500200C46486216A1C4E90B10A062EC
:1072E00094F83C1041F0300184F83C10E08620878F
:1072F0004FF6FF716187A08694F83C004FF48061DF
:1073000020F00F00083084F83C00204603F0C2F85B
:1073100009A1204600F090FA204604F0BDF901468C
:107320000C4803F0D3FB054603F03EFC65626C623B
:1073300070BD0000EF81B8004F7074696F6E20312E
:107340000A4F7074696F6E20320A4F7074696F6EE5
:10735000203300002CCA050810B50146034803F08D
:10736000B5FB044603F020FC204610BD10CA0508FA
:1073700070B5486A0C46002510B103F0EDFC65625B
:1073800094F83C00C00603D4206B02F017FE25637E
:1073900070BD000070B50E463F4804F052F8012859
:1073A00043D1304600F0A3FA0546304600F0DDFA3E
:1073B00004460E2D14D00F2D21D0102D1FD0082DD6
:1073C00021D02A2D23D0292D21D02C2D23D00D2DB5
:1073D0002CD0152D29D13046BDE87040F5F7F8BA0C
:1073E00004F010F900F0E8FE054601F095FC01F00C
:1073F000D8FC042819D17DBB218F2046E186BDE849
:107400007040FFF752BFBDE87040F1F7EABCBDE83D
:10741000704006F07DB8304600F0A5FA0546002120
:10742000204605F092F80089688070BD304600F073
:107430009AFA0078132810D012280ED0142817D0EA
:10744000112815D01B28D7D00A28EED101F078FCDE
:10745000A042EAD02046D6E719E0204600F050F8D6
:10746000A8B1E08EA18E401C8842DED2214608E001
:10747000204600F045F850B1E08E0028D5D02146D6
:10748000401EE086BDE8704008460AF00FBF204667
:10749000BDE8704000F090B810CA0508C08E704773
:1074A0002DE9F04104460025006B90460E462F461C
:1074B00020B1E8F744FF0246002008E00F70BDE865
:1074C000F081216B095C0A2900D16D1C401C90429F
:1074D00002D2218FA942F4D10021A8F1010507E0D1
:1074E000B8F1000F01D0A94208D27354401C491CC6
:1074F000904203D2236B1B5C0A2BF1D17754DEE759
:1075000010B5406A012105F0D8F880F0010010BDE7
:10751000F8B50F46084600F0EAF90546182805D0E8
:107520003946244803F08DFF01283AD1384600F04F
:107530001CFA446A0646082D0ED0012D17D0092DDD
:1075400030D0182D2DD13846F5F73BF83946BDE837
:10755000F840184803F075BF01F0DEFB01F015FCA0
:1075600000281ED13046BDE8F840FBF7BCBA01F058
:10757000D3FB050015D001F014FC012804D02846E7
:1075800001F00FFC03280CD16946284601F0DEFB10
:10759000BDF902102046F9F725F96087304605F05D
:1075A0005AFBF8BD4FF6FF7060873046BDE8F840E3
:1075B00005F051BB2CCA05082DE9F843044601210A
:1075C00002F09BFF204604F067F80146606A06F06F
:1075D000B2FA4FF0FF31606A05F0ACFC0121606A3D
:1075E00003F01CFB00221F21204600F0C3F92046B7
:1075F000F9F7FBF98046216B02F00DFC42F2D171E4
:10760000606A06F02BFD404606F072FD606A05F0E8
:1076100027F80546204605F023F885420EDC94F84D
:107620003C0000F00F00042801D0082806D12046B5
:1076300005F016F80146606A06F010FD404603F0BA
:10764000E6FF07460021606A04F028FD0546002198
:10765000606A04F0BEFE4619002141F61102606A1C
:1076600004F0DAFE2844B919084407B294F83C0043
:107670003D4600F00F06082E02D0042E1ED034E046
:10768000FDF7F6FAFDF76EFBB4F91A1029448842AB
:107690002BDAFDF7EDFAFDF765FBB4F91A10411A84
:1076A000B4F91600814201DA042605E0FDF7E0FA9C
:1076B000FDF758FB618B401A401E15E0B4F9160027
:1076C000401B12D5FDF7D4FAFDF74CFBB4F91A10A4
:1076D000B4F91650411AA94207DD0826FDF7C8FA89
:1076E000FDF740FB618B401A05B2BD4200DD3D460F
:1076F0002946606A06F0F4F920460AF0D7FD00201A
:10770000082E06D0042E09D0012E0CD0022E0FD048
:1077100015E0009000230D22606A0DE00090002328
:107720000A22606A08E0009000231022606A03E0E9
:1077300000900023606A1322214602F049FF606A2C
:1077400006F0D6FC94F83C0000F00F00012801D0B0
:10775000022818D1606A04F089FF0646606A04F0C6
:10776000A1FF0546FDF784FAFDF7FCFAA8420ADC02
:10777000FDF77EFAFDF7F6FA281A301A401E01B21C
:10778000606A06F099FC00214046226B03F082F902
:10779000022808D04FF0000303281A4601D0012127
:1077A00004E0032102E000231A46092101B040460B
:1077B000BDE8F04302F0FEBE2DE9F0410E000446A4
:1077C00003D00025A586284606E0FEE70A2902D157
:1077D000A18E491CA186401C315C0029F6D1A08EE7
:1077E000401CA086E58625873046E8F7A8FD471CA3
:1077F000206B30B194F83C10C90602D402F0DEFBD5
:107800002563384602F050FB206390B13146E8F71B
:10781000B8FD94F83C0020F01001204684F83C109C
:1078200005F019FA606A002804D0BDE8F04105F0BF
:1078300012BAFEE7BDE8F08170B50E00044603D031
:107840000025A586294606E0FEE70A2802D1A08E7B
:10785000401CA086491C705C0028F6D1A08E401CFC
:10786000A086E586258794F83C00C00604D4206BEA
:1078700010B102F0A3FB256394F83C0040F0100126
:1078800084F83C102046266305F0E5F9606A00287C
:1078900003D0BDE8704005F0DEB970BDC28E8A42EB
:1078A00007D0828E8A4200D8511EC186018705F01A
:1078B000D2B9704710B50C464FF48061204603F0F2
:1078C000ADF90421204603F0A9F94FF40031204618
:1078D00002F0E0FD0121204602F0DCFD2046BDE87B
:1078E000104001F0C9BB486A002141627047007A2C
:1078F00020F08000704740687047017A15290BD04E
:10790000142909D0162907D0182905D0172903D022
:10791000192901D00020704700697047017A0129B8
:107920001FD002291DD003291BD0042919D00529F5
:1079300017D0062915D0072913D0082911D00929F5
:107940000FD00A290DD00B290BD00C2909D00D29F5
:1079500007D00E2905D00F2903D0102901D000200F
:107960007047006970470069704700687047C068D9
:107970007047000010B588B0C0B1009001908DF83C
:1079800008100020CDE903029DF81800084C20F0F3
:1079900007008DF8180060680590C4F804D06846A8
:1079A000F7F7B0FC0599616008B010BD0120FBE756
:1079B00044050020027A132A06D10069B0F900209C
:1079C0008A4200DD11460180704710B500F004F8CE
:1079D000BDE8104000F01EBB10B500210B4802F0BE
:1079E00035FA0B4CE06007F083FD208007F080FD46
:1079F00040F48050608007F07BFD40F48050A08010
:107A000007F076FD40F48050E08010BD25000208AC
:107A1000AC06002010B5092900D120210469F8F72F
:107A20004FFE002806D0616801EBC000618A890B17
:107A300001D0002010BD00682168C0F31300084485
:107A400010BD08B142681047FEE72DE9F0411E461F
:107A500017460D4688B18DB1002104462960D4F83F
:107A600000C033463A4629462046E04738B1A97B54
:107A7000C90604D42C60BDE8F081FEE7FEE7646926
:107A8000002CECD1F7E700002DE9F04700269A46DC
:107A90000C468146092A01D1202201261146D9F837
:107AA0001050F8F70DFE071E3DD0E8684FF00008B3
:107AB00050B151464846F8F703FE020004D039465B
:107AC0004846F8F7DBFE80466868298A00EBC70065
:107AD00001FB08F10A110168090D002E02D000BF58
:107AE0004FEA4101114401F108014FEA1111A1804F
:107AF000417921810179E18090F90620628190F934
:107B00000700A081688A4FEA5022A07B62F303003D
:107B100020F01000A07304D04FF6FF7000EA41007F
:107B2000E0804FF00100BDE8F0871FB550B113466B
:107B30000A466946FFF789FF002801D0BDF8040016
:107B400004B010BDFEE770B504464068B0B1C2682D
:107B5000B2B12168904705466068408840B1A0688E
:107B600030B1C06808B102F029FAA06802F026FA24
:107B7000002020606060A060284670BD0B2070BDB2
:107B8000092070BD10B504460748EFF7A4FB08E0D4
:107B900008680078A04201D1086810BD0248EFF7DC
:107BA000ACFB0100F4D110BDAC58002010B5044668
:107BB000E8F7C5FB40B1215C2E2907D02F2903D05F
:107BC0005C2901D0401EF6D102A010BD2044401C0B
:107BD00010BD00000000000010F8011F3A2900D17C
:107BE000401C70472DE9F04117460E00054624D091
:107BF0003078FFF7C7FF040021D0616809B18847DA
:107C0000F8B1A068F8B13046FFF7E6FF0146A36877
:107C10003A4620469847C0B1411C16D0C5E9000439
:107C2000608838B1102002F03FF9A86078B11021C7
:107C300002F00EFB0020BDE8F0810B20FBE70320E3
:107C4000F9E70120F7E70920F5E70C20F3E7FEE765
:107C50007CB51C004FF0000500D02560436853B18F
:107C60001B6953B1019545686B88002B01AB06D0A9
:107C700000F012F80BE00B207CBD09207CBD0093C6
:107C8000006813460A4601462E692846B047002C74
:107C9000F4D0019921607CBD2DE9FC5F0446806829
:107CA00015468B4690E84600D0F80C8060680027A7
:107CB0009A46B0F80290B14237D8964235D2701A3F
:107CC00080B2A9EB00018EB2B54208EB000104D8E6
:107CD0002A46584602F0DEF955E03246584602F090
:107CE000D9F94D4508D9CDF800A0D4E90010AB1B57
:107CF0000BEB0602066920E00020019001A800902D
:107D0000D4E900104B4607694246B847A1680746C8
:107D10004868401C0860A168019A10444860A81B8C
:107D200082B20BEB0600414628E04D4508D9CDF85C
:107D300000A0066921682B465A46B04707461FE057
:107D4000B8F1000F06D1484602F0AEF8A168C8604D
:107D5000C0B180460020019001A80090D4E9001035
:107D60004B4607694246B8470746A0682A46066060
:107D7000A06801993144416041465846E8F7BBFA92
:107D80000FB106E0FEE7CAF80050A06881682944F8
:107D900081603846BDE8FC9FF8B545680446E5B10A
:107DA000AE69E6B16B880020C3B3D2B1012A21D0FD
:107DB000022A11D1134620680A4601462846B047D8
:107DC000002809D1D4E900106A46C3699847002801
:107DD00002D1A26800999160F8BD0B20F8BD09207E
:107DE000F8BDA2689160A3680A461D68A9420CD339
:107DF000596808E0A3689A680A449A60A1680B6809
:107E00009A4202D349688A42EAD9D4E90010002391
:107E1000846901B0A446BDE8F0406047FFE713461F
:107E200020680A46014601B02846B446BDE8F04045
:107E30006047F0B58646807889B015460C4610FB41
:107E400004F00012824203DCBEF8000009B0F0BD6D
:107E50009EF808700EEB870212F8023C13FB04F345
:107E60001B129D4202DB32F8040CEFE700220123D3
:107E700026E00EEB830C9CF802C01CFB04FC4FEACE
:107E80002C2C65451ADC0EEB830737F8040DADF892
:107E900000000098FCF7B6FD0646B888ADF8000073
:107EA0000098FCF7AFFD0146B87810FB04F0BA79F2
:107EB000001212FB04F2C0EB222203E05B1CDBB2D7
:107EC0009F42D6D8281A00B2C0EB002090FBF2F0F7
:107ED000C0B2C0F1FF02CBB213FB00F3F4B214FB4B
:107EE000023303EBC31404EBC3339C0EBDF8143010
:107EF00064F30403C1F3072414FB00F4C6F307255D
:107F000015FB024404EBC41505EBC434640E64F3A2
:107F10004A13C1F3074111FB00F0C6F3074111FBFF
:107F2000020000EBC01101EBC030800E60F3CF23E4
:107F3000ADF8143098B289E74168002901DA02F0FF
:107F40003DB87047FEB50546407A16460C464007D8
:107F50002FD0224F387820B9002000F043F80120BC
:107F60003870687A00F00700022818D04FEA06003F
:107F700080EA640068400190002000906A4601A9F0
:107F80001748FAF721FB01280BD032462146284634
:107F9000F0F794FC009000280BD0002418E0204655
:107FA000E6E700980422416802EBB1714FEAB101A3
:107FB0004160FEBD22462846FFF73BFF0290009835
:107FC000BDF80810806800EB4400641C018024B2F6
:107FD0000098B0F90E10A142ECDCFEBD9406002022
:107FE00079F9010870B5094D0446286801F0E6FFEB
:107FF000204601F059FF2860054DA86020B12146B8
:1080000002F026F96C6070BDFEE700005406002007
:108010009406002010B500211B4801F017FF1B4CEF
:10802000606107F065FA40F48050208007F060FA44
:1080300040F48050A08007F05BFA40F480506080EC
:1080400007F056FA40F48050E08007F051FA40F40F
:108050008050208207F04CFA40F48050E08107F015
:1080600047FA40F48050608107F042FA40F48050B3
:10807000208107F03DFA40F48050A08107F038FAE3
:1080800040F48050608210BD19120208BC06002026
:1080900070B50C4606002FD0EFF71DF905E0086813
:1080A000A04229D03046EFF728F90100F7D1204649
:1080B00003F0A8FA40B1A168896829B1C9680968C4
:1080C000A14201D100F087F8A06810B9204602F063
:1080D000EBFBA06886603046EFF740F905000AD058
:1080E00030462C60EFF7F7F8A84205D13046BDE8DE
:1080F000704000F070B8FEE770BD0000014A024910
:10810000F8F7FAB8FB720108D772010870B50600DB
:1081100043D003F077FA04003FD0207EC0073CD163
:108120000021204600F0C3F82046EFF7D4F832E0F3
:108130002868B0422BD1E06888B10068B0420ED008
:108140002046F8F773FB0246E0680F210068FFF74E
:1081500011FC012821D1E068006804F07CFDE56095
:10816000002D1AD0216909B1204688472046F8F72A
:108170005DFB0246E0680E210068FFF7FBFB01286B
:108180000BD1E0680068BDE8704004F064BD29468A
:108190002046EFF7B2F80500CAD170BD014A024986
:1081A000F8F7AAB8037301080973010801480068C9
:1081B000704700004C050020002802D0007EC0F36C
:1081C00040007047002803D0C068002800D0006835
:1081D0007047EFF784B870B50446007EC0F3C00561
:1081E00040F0080020764007204602D4FFF786FFC3
:1081F00001E0FFF7D3FF207E65F3C300207670BD5A
:108200002DE9F041064603F0FDF904003DD0E06899
:10821000002740B30068B04220D1207EC10702D0C1
:1082200020F0010020762046EFF755F8E1688842FB
:108230000FD12046EFF768F8E168884209D120465F
:10824000F8F7F4FA0246E0680F210068FFF792FBA6
:1082500002E02046FFF7BFFFE06820B1E068006859
:10826000B04200D1E7602046EFF735F811E028680A
:108270002946B04220460AD1EFF797F8284601F088
:108280009DFEB068002800D08760BDE8F081EFF760
:1082900034F80500EBD1F8E713B5FFF793FF20B1F1
:1082A00001AA0D21FFF766FB1CBD01201CBD70B5A6
:1082B00004001CD0207EC0F340028A4217D061F334
:1082C000410020762046FFF77DFF05000FD02046B5
:1082D000F8F7ACFA0246E0680E210068FFF74AFBA7
:1082E000012804D12846BDE8704004F0B4BC70BD3C
:1082F000FFB58368006800F01F04052C08D00B2C24
:1083000010D00C2C23D00D2C32D00E2C47D01CE0DA
:10831000C0F38A2010FB021000EB40001844807864
:1083200004B0F0BD01F00704C0F38A20C910C01DDD
:10833000C00810FB0210185CC4F1070101228A403A
:108340001040C84001D00020EAE7FF20E8E717A46A
:10835000C0F38A20246800948C07640F8910C01C25
:10836000800810FB0210185CC4F10601032210E023
:108370000FA7C0F38A20F0CF8DE8F000CC07640F80
:108380004910401C400810FB0210185CC4F10401A5
:108390000F228A401040C8401DF80000C0E7C0F31B
:1083A0008A2010FB0210185CBAE700000055AAFFF3
:1083B00000112233445566778899AABBCCDDEEFFC5
:1083C0002DE9FF410D460746BDF80010002060F37F
:1083D000040189B260F34A1189B260F3CF21ADF88C
:1083E000001088B20090BDF8000001903968BC68A8
:1083F00001F01F001646042814D0062812D00528C4
:1084000010D007281DD008282AD0092837D00A28DC
:1084100049D00B2851D00C284FD00D284DD00E2814
:108420004BD04BE000F04FF8C1083868C0F38A2009
:1084300010FB065001FB0041022201A801F0BEFE24
:108440003CE0C1F38A21EA10C91D05F00700C90804
:1084500011FB06210834C0F10700615C01221CE019
:10846000A807C1F38A21400FAA10C91C890811FB73
:1084700006211034C0F10600615C03220DE0E8071C
:10848000C1F38A21400F6A10491C490811FB0621DB
:108490004034C0F10400615C0F2282401140C140B1
:1084A000ADF804100AE0C1F38A2010FB025004F575
:1084B0008064205CADF8040000E00193BDF8040086
:1084C00004B0BDE8F081014600200F290AD2DFE8A0
:1084D00001F009090909080A080C0E10120C0E1007
:1084E00012001020704718207047012070470220AA
:1084F0007047042070470820704701460020891EFD
:108500000D2909D2DFE801F0070808070807070767
:1085100007070707070001207047014600200329CD
:1085200001D0062900D10120704770B54C6A0D4674
:10853000002C12D0287C012802D12046FFF703FB33
:10854000E06808B101F03AFD206908B101F036FD9C
:10855000204601F033FD0020686270BD7FB51446EF
:108560000D46084600F08FFB20B1012817D00228E5
:1085700039D035E0296801F01F00001F0B282FD2E9
:10858000880A216860F3942121602868400D60F317
:108590005F512160287860F3040121602FE02846B4
:1085A000FFF704FB17A1E7F7D1FEC8B9022229465D
:1085B0006846FFF717FB68B903AB042221466846FB
:1085C000FFF746FB05466846FFF7BDFA45B9039835
:1085D000042805D1207800F01F00001F0B280ED3BF
:1085E000002004B070BD2068012161F39420C0F325
:1085F000140000F5001020F01F000B302060012057
:10860000EFE7000062696E002DE9FF4F80465CA035
:1086100087B0006804905BA05BA3006893460F4698
:1086200005900FCB8DE80F00B8F80810002089B234
:10863000CAB2090A09E000BF149C00EB4003401CC9
:10864000E254149C00B2234459700A9B9842F3DB15
:1086500098F814004FF0000900F01F00FFF733FFF7
:108660008246012101FA0AF1491E88B206900025CE
:10867000D8F814002C4600F01F012E460B2906D016
:108680000C2912D00D2920D00E2931D12CE0C0F3B5
:108690008A20C01DC50804EBE70115FB0B1407F089
:1086A0000700C0F1070604A80DE0C0F38A20C01C33
:1086B000850804EBA70115FB0B1407F00300062146
:1086C000A1EB400605A8814612E0C0F38A20401CB9
:1086D000450804EB670115FB0B1407F001000421AA
:1086E000A1EB80066846EEE7C0F38A2515FB0B7404
:1086F0002846D8F8247001F003FC5FEA000B13D081
:1087000098F81000A0B10022211D3846FFF744FB65
:1087100000232A4659463846FFF79AFA5946CAF1C5
:108720000802002053B222E000200BB0BDE8F08F19
:10873000D8F8040080680119F1E70A78069CF24035
:10874000224098F8144004F01F040E2C01D019F8B0
:108750000220149C00EB40052C44A270A6EB0A02F8
:1087600056B2002E01DA1E46491C401C00B20A9A7D
:108770009042E2DB584601F00FFC0120D5E70000F3
:1087800000FF00000055AAFF001122334455667710
:108790008899AABBCCDDEEFF2DE9FF4F8046007D16
:1087A00081B091460E4600F01F00FFF78CFE824616
:1087B000012101FA0AF1491E0025D8F814001FFA18
:1087C00081FB00F01F012F462C46072906D00829FF
:1087D00012D009291FD00A2932D12BE0C0F38A20F8
:1087E000C01DC50804EBE60115FB091406F00700DF
:1087F000C0F10707083423E0C0F38A20C01C8508B5
:1088000004EBA60115FB0914062106F00300A1EBF9
:108810004007103414E0C0F38A20401C450804EBE4
:10882000660115FB0914042106F00100A1EB800785
:10883000403405E0C0F38A2515FB096404F5806423
:108840002846D8F8249001F05BFB061E40D098F82B
:10885000100068B10022211D4846FFF79DFA002351
:108860002A4631464846FFF7F3F93146002028E012
:10887000D8F8040080680119F8E70A78D9F80C30B4
:10888000FA4002EA0B0203EB42030E9D1B8800EB49
:108890004004ADF800302B55BDF800301D0A0E9B8A
:1088A00023445D70D9F81040A25C9A70A7EB0A02CD
:1088B00057B2002F03DACAF1080257B2491C401C14
:1088C00000B2049A9042D8DB304601F065FB0120EB
:1088D00005B0BDE8F08F00002DE9FE430646087C98
:1088E0000C46012801D028B328E06068FFF75EF944
:1088F00056A1E7F72BFD28B9022268466168FFF709
:1089000071F910B10020BDE8FE83606A38B9142007
:1089100001F0CAFA606260B1142101F099FC606A4A
:1089200069460C2211F8013B00F8013B521EF9D1B7
:1089300004E0FEE7606880680028E4D0207D00F055
:108940001F00042814D0052812D0062810D00728AC
:1089500014D0082812D0092810D00A280ED00B28CD
:108960006DD00C286BD00D2869D00E2867D068E038
:10897000207C80BB60688068A06160E0FFF7A3FD99
:1089800001278740606A38B9142001F08DFA6062CF
:10899000B8B1142101F05CFC7800656A01F084FA3A
:1089A000E86078B1384601F07FFA286158B1E8688C
:1089B00078B3207C012807D060680024D0F80880B4
:1089C0003BE0FEE7FEE7FEE7002204212846FFF732
:1089D000E3F900241AE032E0002304226946284625
:1089E000FFF736F99DF800209DF801109DF8020070
:1089F000FBF73FFF0190E868BDF8041000EB44006E
:108A0000018029699DF803000855641CBC42E3D32A
:108A100015E016E008EB840618F824207178B07889
:108A2000FBF727FF0090E868BDF8001000EB44005A
:108A300001802969F0780855641CBC42EAD3012002
:108A400061E721463046FFF770FD5BE762696E0023
:108A50002DE9F84F0C461D461646207DDDE90A3209
:108A6000002100F01F00042816D0052814D0062885
:108A700012D00B2839D00C2837D00D2835D00E282D
:108A800033D0072838D0082836D0092834D00A280F
:108A900032D00020BDE8F88F277C012F33D19846D3
:108AA0009146D4F824A0FFF70EFD07466069C0F395
:108AB0008A2015FB00607843C11000225046091D32
:108AC000FFF76AF9002470B9FD0805FB08F56B464D
:108AD0002A46494650460094FFF7BAF818B900985C
:108AE000854200D1012421460DE000922A463146FC
:108AF0002046FFF789FD05E000922A4631462046D0
:108B0000FFF74AFE01460846C4E710B50446006870
:108B100000280BD0C2680AB121469047207C01286A
:108B200004D1606801F04AFA0020606010BD0000C6
:108B300010B50548EEF7F4FB040004D0142101F051
:108B400087FB204610BDFEE7D05800202DE9F041FC
:108B50000F4605460421384601F07AFB25B1284628
:108B600000F091F818B105E00020BDE8F081A86898
:108B70000028FAD000260A48EEF7ADFB0BE0236888
:108B80002BB13A46294698470646012805D021468A
:108B90000348EEF7B2FB0400F1D13046E5E70000F0
:108BA000D05800202DE9FF410E461D4604462821DD
:108BB00001F04EFBAEB1304600F065F808B9B1687F
:108BC00079B1BDF8081021812074E56001280CD02E
:108BD000666000272148EEF77EFB054604F1140885
:108BE00031E0002004B0BDE8F0813046E7F7A7FB94
:108BF000401C01F059F9606018B13146E7F7C1FB3C
:108C0000E7E7FEE72B68CBB16868B8B1424631466A
:108C1000284698470746012810D125606A682146F2
:108C20002846904707460128DCD00421404601F041
:108C30000FFB00202062A0616062E06129460748C6
:108C4000EEF75BFB0546002DDCD1207C012802D12C
:108C5000606801F0B3F93846C4E70000D05800203E
:108C60002DE9FC4105680E46089FAC6800213CB127
:108C7000CDE900371346014632462846A047014653
:108C80000846BDE8FC81032130B10078A0F1200145
:108C90005F2903D80120704708467047802801D318
:108CA000022070470020704710B50446202101F0D3
:108CB000CFFA002020700A20207660764FF4C8702A
:108CC000A0836420E0833220E0760320A07610BDEC
:108CD00070B50546006920B9FBF7CAFF2861002876
:108CE00014D00B48EEF71CFB040010D0582101F003
:108CF000AFFA25606079224640F0020060710A21D7
:108D0000044807F0E1FB21684861204670BDFEE79A
:108D1000A0580020CD8D02080148806870470000EF
:108D20005005002090F840000009704718B1014636
:108D30000248EEF7E2BA0148EEF7CDBAA05800209B
:108D400001484068704700005005002038B10268B3
:108D50001278012A05D0032A03D04FF0FF30088093
:108D600002E002890A80408948807047002806D0C6
:108D700001680978012903D0032901D00020704738
:108D800090F8400000F00F007047002806D00168FE
:108D90000978012903D0032901D000207047C06A57
:108DA0007047002801D000680078704700220A80D0
:108DB0004A80002809D002681278012A01D0032ACB
:108DC00003D1828A0A80C08A488070477FB5284CC8
:108DD000C068A06001680969002947D0F9F792F8D6
:108DE000A0684079400741D400256946A068EEF7A5
:108DF00039F89DF80F60A068F9F784F86560A168FC
:108E00009DF80E000871012806D008680078042833
:108E100009D1BDF80C00D0B107F054FBA168096876
:108E20000969C1F85401A06801680978012906D0D0
:108E3000022908D004290AD003290DD00FE0694681
:108E4000F8F7D0FE0BE06946F8F7FCFD07E069464D
:108E5000A068F8F7F3FB02E06946F8F769FBA06841
:108E6000F9F750F8002EC0D1A56065607FBD000005
:108E70005005002070B5204E0C460025B0B3417956
:108E800041F002014171B168814200D17560016811
:108E90000978012901D002290ED114B1016BA14238
:108EA00001D1056314B1416AA14201D1456214B1F7
:108EB000816AA14200D1856270BD417941F0020111
:108EC000417101680978012901D002290ED114B13C
:108ED000016BA14201D1056314B1416AA14201D1E4
:108EE000456214B1816AA14200D18562FFF71EFF7D
:108EF0000028E2D1756070BD5005002010B5044611
:108F0000407920F00100607107F0DCFAA06407F0FE
:108F1000D9FA606410BD002804D0032906D00C29BA
:108F200001D000207047B0F9221001E0B0F9201004
:108F30000068427E0020C2F16402642306E0084417
:108F400000B212FB01F191FBF3F109B20029F6D155
:108F500070472DE9F0410F460546012103F0ADFBB6
:108F600030BB3946284603F0B9FB06460022394695
:108F700005F11400EDF746FA28B94FF40021284610
:108F800003F09BFB80B1284602F083FA401E0400E8
:108F90000AD4A8683946006850F82400FFF7D9FFC2
:108FA000002803D1641EF4D516B12846BDE8F0812F
:108FB0000020FBE710B5144C2078002821D101F0E7
:108FC0000BF8EEF701FCEDF773FBEDF71BF9EDF78E
:108FD00075FBFCF771F9EEF7CBFA4FF4AC710B4867
:108FE000EEF796F958210A48EEF792F9EEF7E4FB0E
:108FF000EDF71CFF4420112804D0FEF7E6FC012009
:10900000207010BDFEE700005C0500209458002091
:10901000A058002010B50C460020486214F8481FE4
:1090200021F0180104F81C19411E2160227F22F052
:109030000702227720836083E060C4E90110090CF5
:109040002161616144F8040C14F81C0F022120F026
:10905000400004F84809204601F0E0FD00212046C8
:1090600000F038FE2046BDE8104001A100F06EBEC1
:10907000546578740000000010B50146034801F003
:1090800025FD044601F090FD204610BD48CA0508A4
:1090900010B508460C4600F00AF894F8480000079E
:1090A00002D4606A00F08AFF0020606210BD10B533
:1090B000044690F84800400603D5A06A08B100F0C5
:1090C0007DFF94F8480020F0400084F8480000201C
:1090D000A06210BD2DE9FF470E463F4802F0B1F9EE
:1090E000012876D13046FEF702FC04463046FEF7F2
:1090F0003CFC05462A2C1CD0132C0BD0292C18D054
:109100002C2C1ED0152C64D104B03046BDE8F0479D
:10911000F3F784BD002103F01CFAB0F9080004B095
:10912000C11700EB917081103046BDE8F047FEF7A3
:1091300041BC00F09DFD04B02846BDE8F04700F0BA
:109140004BBB002103F005FA81460021284603F0BD
:1091500010FA80460021284603F020FA074695F8C9
:1091600048000024C10600D50124800601D544F042
:109170000204284602F0F9F90021284603F04DFACE
:10918000A0F51C51D13905D1688C400502D441F6B7
:10919000FF7002E0284602F0E8F90097CDE90104EB
:1091A00043464A4603A8696A07F05CFC3046FEF76E
:1091B000DAFBB0F90020BDF90C108A4200DD11463F
:1091C0000180B0F90220BDF90E108A4200DD11467F
:1091D0004180BDE8FF87000048CA05082DE9F04F2F
:1091E0008BB00D0080465BD0002141F6120203F0E7
:1091F00013F9298841F61002081A60F30F0440465B
:10920000002103F009F96988081A60F31F44A14698
:1092100008A9404602F061F9BDF82400BDF820100D
:109220000025401A401C00B2D8F8247005902C4646
:109230002946404603F08DF902900021404603F094
:10924000ADF900900021404603F093F90390029895
:10925000AB465E46B0F90800079098F84800C10692
:1092600000D50126800601D546F0020600214046C1
:1092700003F0D3F9A0F51C51D13905D1B8F822007B
:10928000400501D446F0040640460021D8F82420C9
:1092900001F000FC82460099079800EB010821E0EC
:1092A000FEE70020CDE90006DDE902127819059BF2
:1092B000EEF7D0FA044407984FEA29425844824214
:1092C0000BDC444A009469461268384690470A28E5
:1092D0000BD0385D48B9641C07E008EB0B000FFAAF
:1092E00080FB2546785D0028DBD107EB050B4FF0AE
:1092F0000008BAF1020F03D0BAF1030F16D025E02F
:10930000DDE90223611B5846009607F009FCBDF811
:109310002410BDF8202000EBD070891A491C09B236
:1093200001EBD1714910A1EB60000DE0DDE90223F2
:10933000611B5846009607F0F3FBBDF82410BDF8FA
:109340002020891A491C081A0FFA80F800208DF88D
:1093500018008246049044BB2BE004AB6A4601A986
:109360005846EEF75FFAF00706D004981BF8001095
:1093700006A8EEF719FBC0B9DDE90110009AFEF767
:10938000D4FB01B20FFA89F208EB010082421EDB26
:1093900004994A19A2421AD00AEB0502BA5CB2B18A
:1093A000039A8A4610440FFA80F804982844A04291
:1093B000D3D3094C58460499226890470646226840
:1093C0002946384690470BB03044BDE8F08FCDF8C1
:1093D00010A0EEE7880600208C0600202DE9F74F4C
:1093E0008AB05FEA0209804664D0D8F8245040462B
:1093F0002A46002101F04EFB8346287800285AD0E7
:1094000007A9404602F069F8BDF82000BDF81C101D
:109410000024401A401C00B20490264621464046D3
:1094200003F097F803900021404603F0B7F8069048
:109430000021404603F09DF802900398A24657464B
:10944000B0F90800059098F84800C10600D501273A
:10945000800601D547F002070021404603F0DDF801
:10946000A0F51C51D13905D1B8F82200400501D42E
:1094700047F004074B4A28460B99126890478046EC
:10948000A85DA8B3DDE90510084409900020CDE9E6
:109490000007DDE902212819049BEEF7DBF90644F9
:1094A000B04526D3A85D18B30998344650440FFA46
:1094B00080FAEBE7FEE70020A9F802005946BBF16D
:1094C000010F07D002290AD0BBF1030F04D1404697
:1094D00002F04BF8A9F800000DB0BDE8F08F40464F
:1094E00002F043F800EBD0704110A9F80010F3E748
:1094F000FFE7B8F1000F12D005EB080010F8010CDF
:109500000A2801D00D280AD115F8080038B9DDE97C
:109510000501014401EB0A000FFA80FA44462819BC
:10952000CDE90070DDE90103A8EB0401039A07F01F
:10953000F7FA05460B98A04202D00298284405B2DB
:10954000BBF1020F03D0BBF1030F16D025E000974B
:10955000DDE90103311B039A07F0E2FABDF82010A0
:10956000BDF81C2000EBD070891A491C09B201EB30
:10957000D1714910A1EB60000DE00097DDE9010316
:10958000311B039A07F0CCFABDF82010BDF81C205F
:10959000891A491C081A284405B2A9F80050A9F8EC
:1095A00002A099E780060020406A7047006C70476F
:1095B000C06B70472DE9F04117000D46044627D0D7
:1095C00094F84800000725D4204603F044FB606A65
:1095D000E6F7B5FE06463846E6F7B1FE8119491CA6
:1095E000606A00F02FFD606298B1A5F57F41FF39F8
:1095F00003D109490968884705463A462946606A01
:10960000EEF7A8F92046BDE8F041002100F09EBB2E
:10961000FEE7FEE7BDE8F081900600202DE9F04F5F
:1096200095B05FEA010A80465FD010A9404601F07C
:1096300054FFBDF84400BDF840100024401A401CFF
:1096400000B2D8F824700A9025462146404602F020
:1096500080FF03900021404602F0A0FF009000210F
:10966000404602F086FF029003980021B0F90800FE
:109670000B904046D8F8242001F00CFA834698F865
:109680004800A1464E46C10600D50126800601D5F8
:1096900046F002060021404602F0BFFFA0F51C5232
:1096A000D13A05D1B8F82210490501D446F0040694
:1096B0000B99009801EB0008385DB8B10020CDE9A6
:1096C0000006DDE9022138190A9BEEF7C3F80B9971
:1096D0000544BAF9022009EB0100824206DD08EBDD
:1096E00009000FFA80F92C46E6E7FEE74FF0000884
:1096F000C146BBF1020F03D0BBF1030F16D025E02A
:10970000DDE90232291B3819009607F009FABDF885
:109710004410BDF8402000EBD070891A491C09B2F2
:1097200001EBD1714910A1EB60000DE0DDE90232DF
:10973000291B3819009607F0F3F9BDF84410BDF85D
:109740004020891A491C081A0FFA80F800208DF869
:109750004800089004940C90FDB16D1E0498A84236
:109760001BD804AB0CAA08A93846EEF75BF8F00743
:1097700006D00498395C12A8EEF716F90028EDD14E
:10978000C1460C9A08990398FEF7CFF94044BAF9FC
:10979000001000B2814216DA04940C9A08990398DA
:1097A000FEF7C3F90299029B0144BAF90000A9EB44
:1097B0000302491C90420CDB4944884209DC012029
:1097C00015B0BDE8F08F0299049C08440FFA80F8A8
:1097D000C4E70020F4E700002DE9F04F0446406A9A
:1097E00099B000287ED04FF0FF3913A92046C4F865
:1097F000309001F072FEBDF85000BDF84C10401AD8
:10980000401C0FFA80F80021204602F0A2FE054617
:109810000021204602F0C2FE07460021204602F049
:10982000A8FE824694F848000026C10600D501260D
:10983000800601D546F002060021204602F0EDFE2A
:10984000A0F51C51D13904D1608C400501D446F0FB
:1098500004060097CDE9018653462A4615A8616A99
:1098600007F000F9204603F053FE94F848004FF645
:10987000FF7B00F007004FF00008022804D0032807
:109880007ED001287DD0DFE10021204602F0A4FB3C
:109890000604360C08D1204601F088FEFBF7EEF9ED
:1098A000032190FBF1F086B26846F9F79BF94FF47B
:1098B00096700094ADF83CB00C900E90BDF850102E
:1098C000BDF84C00BDF95420081A401C002701B215
:1098D000914233DA0020891A0790CDE90801DD486A
:1098E000014600E0B3E101902046F9F763F9002159
:1098F0000A4620B1C16A90F83E00C0F340020A98BF
:1099000088420FDD9DF83E000B9120F001008DF89C
:109910003E003AB140F002008DF83E0009990798E8
:10992000079109903046099A0799F9F7C2F90A9008
:109930000D906846F9F7CAF9012705E0C5492046A8
:10994000F9F70CF9A4F84480BDF85200BDF84E10A8
:10995000BDF95620401A401C00B290427EDA002F1A
:109960007CD1821AB5F908000021101ACDE908103F
:10997000B9480791014601902046F9F71BF901E02B
:1099800023E0AEE000210A4620B1C16A90F83E0013
:10999000C0F340020A9888420FDD9DF83E000B910B
:1099A00020F001008DF83E003AB140F002008DF841
:1099B0003E0009990798079109903046099A07993E
:1099C000F9F777F90A900D9087E00021204602F020
:1099D00003FB0604360C08D1204601F0E7FDFBF737
:1099E0004DF9032190FBF1F086B26846F9F7FAF8D9
:1099F0000094ADF83CB0BDF85000BDF84C10002705
:109A0000401A401CBDF9541000B288422CDA2022C2
:109A100011462846FEF789F8BDF9541000EB4000C6
:109A200008444042CDE908708A48079701903046C3
:109A3000099A0799F9F73DF90A9086492046F9F7FE
:109A4000B9F800B1C06A0A99814206DD0B909DF811
:109A50003E0020F001008DF83E0000E016E0684670
:109A6000F9F734F9012705E07A492046F9F776F845
:109A7000A4F84480BDF85200BDF84E10401A401CB6
:109A8000BDF9561000B2884200DA37B1724920465B
:109A9000F9F764F8A4F84680D6E0B5F9082000206C
:109AA000114449420790CDE908016B480A460190EC
:109AB00030460799F9F7FDF80A9067492046F9F70B
:109AC00079F800B1C06A0A99814206DD0B909DF8D1
:109AD0003E0020F001008DF83E006846F9F7F6F8E8
:109AE000B2E0BDF85200BDF84E10401A401C01B261
:109AF000BDF95600814209DAB5F90810884205DD42
:109B00005649606A09688847032802D8C4F82C902F
:109B10009AE0BDF85000BDF84C102E22461A1146AE
:109B20002846761CFEF701F85044A0EB8000304434
:109B3000ADF80000BDF85200BDF84E10401A401CB0
:109B400000B2ADF80200B5F90820D11990FBF1F38D
:109B500001FB13018A42A0EB010004DCADF8020016
:109B60002989084400E0C01BADF802006946204680
:109B7000FFF734FB8146606AE6F7E1FB384A0746A7
:109B800049461268606A9047364D069005E02A689B
:109B900006A9606A9047A9F101090698C01CB8425D
:109BA000F5D80025DFF8C0B0069EAA46606A06997F
:109BB0000844DBF8001088472C4A2844C5B21268D4
:109BC00006A9606A9047032D07D80698B84204D8C2
:109BD0000AF1010ABAF1030FE8D9616A204601EBE4
:109BE000060A0746FFF763FA042D12D9681C00F035
:109BF0005BF9B86240B32A46514600F04BFAB96AA5
:109C000001F8058097F8480040F0400087F84800C8
:109C10000BE097F848002A4620F0400087F84800FB
:109C2000514607F1280000F035FA00202E213318A4
:109C3000626A401C0328D154F9D3616AF61C09F109
:109C4000030001F80680E062204603F004F819B032
:109C5000BDE8F08FD1390308D939030890060020F8
:109C60008006002088060020780600207C06002060
:109C70002DE9F0410446054690F8480000F0070041
:109C8000012823D1E96A481C20D0114A686AC91EFC
:109C900012689047024694F848100020490601D502
:109CA000A16A06E004F1280103E00F5C401CF754B0
:109CB000C0B26E6A1318F75C002FF6D1095C10442D
:109CC00031542046FFF7F3F9781EE862BDE8F081D1
:109CD0008006002070B50D4604461A49F8F73EFF8D
:109CE00019492046F8F73AFF0020A4F84400A4F8E8
:109CF0004600022D0FD0032D0DD0042D0BD094F86B
:109D0000480020F0200100BF01F0070084F848104F
:109D1000012805D00AE094F8480040F02001F3E75C
:109D2000E06A401C02D02046FFF7A2FF94F84800EA
:109D300065F3020084F848002046BDE87040FFF754
:109D40004BBD0000D1390308D939030870B50D4661
:109D5000044602F080FF05B9656A606AA8420CD12A
:109D600094F84810090708D4E6F7E9FA411C606A3C
:109D700000F068F96062D0B9FEE738B194F8481095
:109D8000090703D400F01AF9002161622846E6F7BA
:109D9000D6FA401C00F088F8606268B12946E6F700
:109DA000F0FA94F8480020F0080184F848102046A2
:109DB000BDE87040FFF710BDFEE70FB470B5044674
:109DC0000598F8B1204602F046FF0598D8B1606AC0
:109DD000002530B194F84810090702D400F0EEF8DD
:109DE000656206A90598EDF7FAFD606294F84800EF
:109DF00020F00801204684F84810FFF7EDFC70BC05
:109E00005DF814FBFEE72046F7E7016402F023BF8C
:109E1000C16302F020BF70B5044690F848000D46BB
:109E2000000705D4606A18B100F0C8F8002161622B
:109E300035B194F8480040F0080184F84810656294
:109E40002046BDE87040FFF7C7BC00002DE9F04197
:109E50000A4C07460A4D60680E46401CC10060600F
:109E6000286800F0EFF8286038B1616800EBC100A5
:109E700040E902760846BDE8F081FEE7640500206F
:109E80004406002010B59042029C01DB204610BD24
:109E9000884201DC184610BD521AE41A401A604389
:109EA00090FBF2F0184410BD10B588B038B10146EF
:109EB0000748406806F06EFC040003D005E0044843
:109EC00008B010BD684600F095F82046F8E700009D
:109ED0005806002070B50024084E254656F8340078
:109EE00038B100F06BF806EBC40046F834508571C9
:109EF0008580641CE4B2102CF0D370BD145900208E
:109F00002DE9F04105000BD00022224C4FF0FF302C
:109F1000012600BF04EBC2018B79DB0703D014E0FC
:109F20000020BDE8F0818988A9420ED305D104EB59
:109F3000C200867154F83200F3E7002804DB04EB1A
:109F4000C0039B88994200D250B2521CD2B2102A50
:109F5000E0D3002805DB04EBC0018E7154F830001B
:109F6000DFE7002704EBC7008079C00704D07F1C1F
:109F7000FFB2102FF6D3FEE754F83700294600F061
:109F800061F830B104EBC7018E718D8044F8370061
:109F9000C7E7FEE714590020074A002152F8313084
:109FA000834204D102EBC101002088717047491C33
:109FB000C9B21029F2D370471459002005498842CC
:109FC00006D0002804D001460248406806F0B4BB21
:109FD000704700005806002010B54FF44041034878
:109FE00006F09CFB0249486010BD0000845A002026
:109FF0005806002010B504461C22002100F0F6F897
:10A000000E48406806F0C3FB22460D4906F042FCAC
:10A010004FF440412160A06864224243B2FBF1F159
:10A02000C1F16401217638B1E16864225143B1FB8A
:10A03000F0F0C0B2C0F16400607610BD5806002098
:10A0400075A0020810B539B1094A904208D1BDE89F
:10A0500010400846FFF728BFFFF7B0FF044810BDC7
:10A060000A46014602484068BDE8104006F0A5BB1C
:10A07000580600201AB11869401C186170475868CA
:10A08000401C5860986808449860D8688842F5D2A7
:10A09000D960704730B500F0030401F003050346B2
:10A0A000A54243D14EE00C781C704C785C708C78E3
:10A0B0009C70CC78DC700C791C714C795C718C795B
:10A0C0009C71CC79DC710C7A1C724C7A5C728C7A43
:10A0D0009C72CC7ADC720C7B1C734C7B5C738C7B2B
:10A0E0009C73CC7BDC730C7C1C744C7C5C748C7C13
:10A0F0009C74CC7CDC740C7D1C754C7D5C758C7DFB
:10A100009C75CC7DDC750C7E1C764C7E5C768C7EE2
:10A110009C76CC7EDC760C7F1C774C7F5C778C7FCA
:10A120009C77CC7FDC772031203A2033202ABAD8A4
:10A1300005E000BF11F8014B03F8014B521E002A45
:10A14000F8D130BD4CB3C4F1040405E011F8015B53
:10A15000521E03F8015B641EFCB1002AF6D11CE01C
:10A1600010C9203A10C310C910C351F8084B43F866
:10A17000084B51F8044C43F8044C51F8104B43F889
:10A18000104B51F80C4C43F80C4C51F8084C43F868
:10A19000084C51F8044C43F8044C202AE0D802E063
:10A1A00010C9121F10C3042AFAD804E011F8014B99
:10A1B00003F8014B521E002AF8D130BD10B50346FA
:10A1C00005E000BF11F8014B03F8014B521E002AB5
:10A1D000F8D110BD10B5034605E000BF11F8014BE2
:10A1E00003F8014B521E002AF8D110BD10F00303F2
:10A1F00009D0C3F1040303E0521E00F8011B5B1EEB
:10A200000BB1002AF8D101EB012303EB014303EB6F
:10A2100001630EE008C0203A08C040F8083B40F84F
:10A22000043C40F8103B40F80C3C40F8083C40F837
:10A23000043C202AEED801E008C0121F042AFBD8F3
:10A2400003E000BF00F8011B521E002AFAD170473C
:10A2500010F003034FF0000219D0C3F1040303E030
:10A26000491E00F8012B5B1E8BB10029F8D1704705
:10A2700004C0203904C040F8082B40F8042C40F8F2
:10A28000102B40F80C2C40F8082C40F8042C202906
:10A29000EED801E004C0091F0429FBD803E000BF89
:10A2A00000F8012B491E0029FAD1704710F0030273
:10A2B0004FF0FF030AD0C2F1040203E0491E00F888
:10A2C000013B521E12B10029F8D170474FF0FF3206
:10A2D0000EE004C0203904C040F8082B40F8042CDC
:10A2E00040F8102B40F80C2C40F8082C40F8042CB7
:10A2F0002029EED801E004C0091F0429FBD802E0A0
:10A3000000F8013B491E0029FAD1704710B50C46F0
:10A31000242104F12400ECF7FBFF04F13000BDE838
:10A3200010401C21ECF7F4BF10B50C4601F13000D1
:10A33000ECF7BBFF04F12400BDE81040ECF7B5BF1B
:10A340002DE9F04397B00D46324801F07AF8012824
:10A350005DD12846FDF7CBFA06462846FDF705FBFA
:10A360000446152E53D12846FDF7C7FA81466946A3
:10A37000204601F0B2F86A4649462046EFF73EFF14
:10A380006A4649462046F4F7CBFC6A4649462046D1
:10A39000F3F738F9BDF80400BDF80010401A401C6E
:10A3A00000B200EBD07040100E18BDF802100D186E
:10A3B00004A8FBF793FF4FF4003804AA4146204657
:10A3C00002F0EEFA204641F20102414602F024F882
:10A3D00000B200EBD0704710204641F20402414623
:10A3E00002F01AF800B200EBD070F11B4010ADF88B
:10A3F0005410291AADF85610F119ADF85810284428
:10A40000ADF85A0015AA04A94846FBF753FF17B048
:10A41000BDE8F08380CE05082DE9F0411D461646C3
:10A420000F46044600F040FAA068817E491CC9B27C
:10A430008176A06801EB41018900C068FFF702FE48
:10A44000A168C860A16820B3897E6FF0030301EBA7
:10A4500041026FF00B0101EB82028750A068C268D5
:10A46000807E00EB400003EB80000B1D1654A068BB
:10A47000C268807E00EB400003EB80001550A068AE
:10A48000C268807E00EB400001EB80001044BDE814
:10A49000F081FEE77FB50C46054602F03DFC06461E
:10A4A000E00702D0284602F0D6FBE8692043E861C5
:10A4B000E00702D0284602F0CEFB284602F02CFC32
:10A4C000B04202D114F0C07F07D0284601F0E0F876
:10A4D00002F05BFC284602F058FCE0060CD502AA0C
:10A4E0006946284601F01CFA6946284602F0E7FB57
:10A4F00002A9284602F0E3FB7FBD028C11438A4289
:10A5000001D003F0BFBB70472DE9F04717468846DE
:10A510004FF6FF79044600234A4639460AF060FFA9
:10A52000618C00250426C1F3C502E06809E000BF84
:10A5300006EBC503C3585FEA831C01D4DB0102D5D7
:10A540006D1CAA42F4D84FF0806202EB71214FEAF1
:10A55000F1516184C1F3C501C900FFF773FDE060EB
:10A56000608C6FF00702C0F3C50009E0E16802EB00
:10A57000C00C01EBC0036144D1E900C1C3E900C1D3
:10A58000401EA842F2D8E068082100EBC500FFF7A2
:10A590005FFEE16841F83580E06806EBC50142588E
:10A5A00067F3170242504A4639462046BDE8F04755
:10A5B00002F0C6BF70B516461D460446002203F0E1
:10A5C0005BFC2A4631462046BDE8704003F022BBC2
:10A5D0002DE9FF4F81B093468846019803F088FD2E
:10A5E000B8F1000F03D1019801F052F88046002421
:10A5F0002546019801F04CF88146002101F040FD0C
:10A6000006460021484601F027FE30440FFA80FA42
:10A610000021484601F0BAFE304400B2009000210B
:10A62000404601F02DFD06460021404601F014FE93
:10A63000304407B20021404601F0A8FE304406B283
:10A64000BBF1000F0FD0BBF1160F34D2DFE80BF0D7
:10A65000D51123343F4454676913828797A1A6B567
:10A66000BFC5CBD1FDFC0021404601F0C7FC01284D
:10A6700022D03C461EE0404600F077FF024601989B
:10A6800001F0EEFF014602EBD270401001EBD171F8
:10A69000A0EB61004DE0404600F067FF02460198E4
:10A6A00001F0DEFF02EBD271491000EBD070A1EB9C
:10A6B000600009E03546A0E0404600F056FF024643
:10A6C000019801F0CDFF101A384404B2F2E73C467D
:10A6D0001CE0304405B290E0404600F046FF0246E0
:10A6E000019801F0BDFF014602EBD270401001EB72
:10A6F000D171A0EB610007E0404600F036FF024652
:10A70000019801F0ADFF101A384404B2404600F041
:10A7100012FF0246019800F07AFF101AD9E73C4672
:10A7200009E0404600F021FF0246019801F098FF41
:10A73000101A384404B2404600F0FDFE024601986B
:10A7400000F065FF02EBD271491000EBD070A1EB75
:10A750006000BEE7019800F05AFF4042BAE7404669
:10A7600001F07EFF0246019801F07AFF014602EBFC
:10A77000D270401001EBD171A0EB610007E04046C0
:10A7800001F06EFF0246019801F06AFF101A04B250
:10A79000E0E7404600F03BFF05462EE0404601F072
:10A7A0005FFF0246019801F05BFF02EBD271491096
:10A7B00000EBD070A1EB600007E0404601F050FFD5
:10A7C0000246019801F04CFF101A04B2E1E701982B
:10A7D00001F046FF404204B20FE0019801F040FF53
:10A7E000404204B241E0019801F03AFF404204B215
:10A7F0004EE0404601F034FF04460021484601F097
:10A80000FDFB012848464CD000F0A8FFB8F8142002
:10A8100004990A44B9F81410511A0144A1EB0A0032
:10A82000204404B2484601F065F8B8F816200E99A5
:10A830000A44B9F81610511A014400980022081A67
:10A84000284405B2012101E01EE00AE0019803F06E
:10A8500013FB019805B02A462146BDE8F04F03F0EE
:10A86000D9B9404601F0FCFE0446404600F0CFFE58
:10A870000246019800F0CBFE02EBD271491000EBCA
:10A88000D070A1EB600025E7404601F0E9FE0446E8
:10A89000404600F0BCFE0246019800F0B8FE101AD7
:10A8A00018E700F0BBFFB1E710B504468068002848
:10A8B00013D10B484168491C41601C20FFF7F4FA92
:10A8C000A06058B11C21FFF7C3FCA1680F20487697
:10A8D000A068017E41F00301017610BDFEE7000093
:10A8E0005C0500202DE9FC410E460546012101F0E2
:10A8F000E4FEE0BB284600F0CFFE044600F056FE22
:10A900000746FAF719FAA0420ED03846FAF71CFAB1
:10A91000A04209D03846FAF7FCF9A04204D03846E4
:10A92000FAF7EFF9A04232D14FF400273946284612
:10A9300001F0C3FE28BB2846ECF779FD044605F17B
:10A9400014016846F8F750FEBDF80000001BADF892
:10A950000000BDF80200001BADF80200BDF80400C5
:10A960002044ADF80400BDF80600204400E00EE0ED
:10A97000ADF8060031466A460846EBF75BFC002856
:10A9800006D0284614E0012101F097FE10B1002006
:10A99000BDE8FC813946204601F08FFE38B93146CA
:10A9A00004F114020846EBF745FC0028F0D02046DD
:10A9B00000F06EFE0400E6D10120E9E72DE9F04148
:10A9C0000E460746002501F0B1FD040035D03146A2
:10A9D000384601F09DFD02282FD904EBD4700121E7
:10A9E00001EB60043146384601F099FD20440FFA2E
:10A9F00080F83146384601F07DFD04463146384640
:10AA000001F07FFD002C01DD214600E061420028BD
:10AA100001DD024600E04242914205DD002C01DDED
:10AA2000204604E0604202E0002800DC404240444E
:10AA300000B2002800DA284605463146384601F0C3
:10AA4000A9FB04000ED03146384601F095FB0228E0
:10AA500008D93146384601F096FB2044A84200DB75
:10AA600005462DB23846314640F60A0201F0D4FCC4
:10AA700004B23846314640F60B0201F0CDFC00B27C
:10AA8000844200DC0446002C01DD281905B228466A
:10AA9000BDE8F08170B50D46064641F25D4201F019
:10AAA000BBFCC4B23046294641F26A4201F0B4FC14
:10AAB00004B90124204670BD002803D000688842F4
:10AAC00001D1012070470020704700002DE9F041BE
:10AAD0000D4607460026334900E00068B8B1826998
:10AAE0000A42FAD08069C0F30F108046FFF7DCF904
:10AAF000041E4BD04146FFF7ABFBC4E900754FF095
:10AB000001086FF0030725B1A86848B32BE0304671
:10AB1000EBE7FAF7ADF8051E38D0EA68C2B1686A0B
:10AB2000401C810068621046FFF78CFAE860696A91
:10AB300007EB81014450A682E6820020FAF7B0F8C4
:10AB4000401E20830020FAF70DF9401E60831CE0B0
:10AB50000420FFF7A9F9E8600460C5F82480EAE75B
:10AB60002846FFF7A1FEA868016889B14168491C21
:10AB70004160A86889000068FFF764FAA968086066
:10AB8000A968496807EB810144502046BDE8F0817F
:10AB90000420FFF789F9A96808600460A968C1F872
:10ABA0000480F2E7F0FF0F0070B5054602F0EDF803
:10ABB000002000F0A3FA284605F0EEFB284600F03E
:10ABC0006FF8012000F09AFA4FF6FF724FF47021EF
:10ABD000284602F0B5FC284602F09AFCFDF7E6FA9A
:10ABE000030007D0284602F089F818B12946184614
:10ABF000FDF74EFA284600F04BFD04000DD02A4622
:10AC00002221FCF7B7FE2A4623212046FCF7B2FE9C
:10AC10002846BDE8704002F01EB870BD7FB50C46F6
:10AC2000064602F079F80546E0060CD502AA694608
:10AC3000304600F075FE6946304602F040F802A941
:10AC4000304602F03CF8F069A043F061E0070ED016
:10AC5000304602F000F8304602F05EF838B1304677
:10AC600000F016FD02F091F8304602F08EF8304602
:10AC700002F052F8A84202D114F0C07F07D030464B
:10AC800000F006FD04B0BDE8704002F07EB87FBD64
:10AC9000028C22EA01018A4201D002F0F3BF704720
:10ACA00070B504680546206818B128602846FFF78B
:10ACB000F7FF2C6062682046002A03D02946BDE8D1
:10ACC0007040104770BD00002DE9F0414D680C4602
:10ACD000FDB1284600F042FD0646284600F00AFE77
:10ACE00007462846002141F6100201F095FBE98A4B
:10ACF00041F612020844C01BE082401E60832846D1
:10AD0000002101F089FBA98A0844801BA082401E13
:10AD1000208341F20200E061002D06D043F20200E0
:10AD2000C4F81C0043F20230E06140F0740040F4CB
:10AD30000060E06102D040F40040E061BDE8F081D5
:10AD400010B501460348FFF7C1FE0446FFF72CFF8C
:10AD5000204610BD44F4040870B5054601F07BFFA1
:10AD6000284600F095FC040001D002F055FE28466C
:10AD7000A4B106F060FC0021204602F01DF9204637
:10AD800002F04AFE002222212046FCF7F3FD204675
:10AD9000BDE8704000222421FCF7ECBD00F006FC69
:10ADA000040007D02069A842284604D106F043FCDD
:10ADB0000020206170BDBDE8704006F03CBC000082
:10ADC00070B50C460846EBF75DFC002000F096F9E4
:10ADD0002046144A002102F031FC012000F08EF9D7
:10ADE00000212046F7F7BAFE204600F00BFC10B118
:10ADF0002046FDF705FAA068002811D0006800255C
:10AE000018B1FFF7DBF8A0680560A068C06818B14A
:10AE1000FFF7D4F8A068C560A068FFF7CFF8A56079
:10AE200070BD0000FFFF0F002DE9F047A2B0804683
:10AE3000FCF75DFD06464046FCF797FD0127002420
:10AE40000546122E72D0DFF8A092152E6CD0182E67
:10AE50007AD14046FCF751FD824601462846F3F779
:10AE60002FF90021284601F02EF950B105F5907018
:10AE7000FBF7F8F9060004D0FAF7D8FE3046FFF7E2
:10AE80008BF80021284601F0F3F800285CD002A8D6
:10AE9000FBF724FA8DF80B408DF822408DF83240F4
:10AEA0008DF83E4002AA0021284601F079FD0021DC
:10AEB000284601F09DFB80460021284601F08AFBD0
:10AEC000064605F114016846F8F785FBBDF8001049
:10AED000A1EB0800BDF80410ADF8000001EB08007C
:10AEE000ADF80400BDF802005146801BADF8020029
:10AEF000BDF806003044ADF8060010A800F0F6F8E2
:10AF000002A8149068461D94CDE91270CDF84490C3
:10AF100010AA1A212846FCF72DFD6A4602A95046C0
:10AF2000FBF7C8F9DAE001E05BE00DE04046FCF732
:10AF30001AFD06460078022806D00021284601F0B6
:10AF4000C2F820B10220307022B0BDE8F0870021A5
:10AF5000284601F0C9FA82460021284601F048FB44
:10AF600081460021284601F035FB804605F1140199
:10AF70006846F8F730FBBDF800105246A1EB090017
:10AF8000BDF80410ADF8000001EB0900BDF8021097
:10AF9000ADF80400A1EB0800BDF80610ADF8020002
:10AFA00001EB0800ADF8060069467068EBF76AF936
:10AFB00098B10021284601F04FF8FD280DD328460E
:10AFC0000021682201F028FA10F0FF0F05D10021BE
:10AFD000284601F0BCF8FD2801D23770B4E7347080
:10AFE000B2E74046FCF789FC804602A8FBF776F9F9
:10AFF0000021284601F03CF828B19DF82B0040F0D4
:10B0000001008DF82B0002AA0021284601F0C8FC9F
:10B010000021284601F0ECFA06460021284601F0FE
:10B02000D9FA074605F114018A466846F8F7D3FABB
:10B03000BDF800004146801BADF80000BDF80400DB
:10B040003044ADF80400BDF80200C01BADF80200AA
:10B05000BDF806003844ADF8060010A800F046F828
:10B0600002A814906846CDE91240CDF8449010AA89
:10B070001A2128461D94FCF77DFC0021284601F08A
:10B0800022F830B1BDF8080018B1069E01270694D9
:10B0900001E0069E00276A4602A94046FBF70AF92E
:10B0A000E7B11820FEF72CFF0746BDF90820002362
:10B0B0005146FBF743F805F590713846FAF7F2FB75
:10B0C00066B18DF80B408DF82A408DF832408DF82E
:10B0D0003E406A4602A94046069621E710AA1B2177
:10B0E0002846FCF747FC2FE744F4040870B50D46EA
:10B0F00004464821FFF7ACF8256070BD014908708F
:10B10000704700006C0500202DE9FF418846084685
:10B11000FCF7EDFB04464046FCF7EDFB0546012C31
:10B1200021D0082C21D0032C3CD02A2C3CD00D2C33
:10B130004AD00E2C7ED0092C7DD00A2C7CD00F2C2E
:10B140007BD0292C7AD0222C79D0132C78D0152CB6
:10B1500003D0182C01D0122C34D104B04046BDE8E5
:10B16000F041FFF761BE2021F9E02021FFF790FDBB
:10B170004046FCF7F8FBFDF708FE002822D1082125
:10B18000284601F09AFA00281CD095F820004FF0CC
:10B190000101C007284602D0FFF77AFD30E0FFF733
:10B1A000ACF92DE02021F7E000F073F90646002409
:10B1B00006E0A868006850F8240001F0E6FD641C71
:10B1C000B442F6D3BDE8FF81082101F076FAF8B168
:10B1D0004046FCF7C8FB0478132C06D0112C04D091
:10B1E000142C07D0122C05D008E001212846FFF7C7
:10B1F00084F903E001212846FFF74AFD0A2CE1D03B
:10B2000004B02846BDE8F04100221C21FCF7B2BB87
:10B210004FF40161284601F050FA0028D2D02846A8
:10B2200001F05FFD0028CDD10027284600F096FAF6
:10B23000064606E069E091E096E0ACE0B1E0CDE0E2
:10B24000F0E0284600F0EAFA04464046FCF78BFBA3
:10B25000007812281BD011280CD013282BD01428CA
:10B26000B0D1284600F072FA800703D0002E38DCF7
:10B27000002C36DC284600F0CAF90446284600F0C7
:10B2800047FBE11704EB9171A0EBA1000BE028460E
:10B2900000F0BDF90446284600F03AFBE11704EB44
:10B2A000917100EBA10001B204B03A462846BDE816
:10B2B000F04102F09BBB284600F048FA8007E6D038
:10B2C000002E01DC002CE2DD284601F0C9F904461D
:10B2D000284600F016FBE11704EB917100EBA1008A
:10B2E0000BE0284601F0BCF90446284600F009FBB3
:10B2F000E11704EB9171A0EBA10001B204B03A4652
:10B300002846BDE8F04102F05BBB4FF4806101F0DC
:10B31000D4F918B10121284602F035FB284600F087
:10B3200071F9FCF749FF06460224FDF7F5FC10B958
:10B330004046FCF7F3FAFDF734FD022801D004285B
:10B3400000D106241EB144F00801284607E021463A
:10B350002846FFF7D2F8082128461DE0402104B016
:10B36000BDE8F041FFF7C9B84021FFF791FC28463E
:10B3700000F0FEFD02287FF425AF02AA69462846A8
:10B3800000F0CEFA6946284601F099FC02A9284649
:10B3900001F095FC16E70E2104B0BDE8F041FFF77F
:10B3A00077BC002100F00AFE04460021284600F088
:10B3B000B2FE204302D0284601F0E7FC284600F008
:10B3C00068F80646002406E0A868006850F82400E3
:10B3D00001F0DBFC641CB442F6D3F3E6002141F239
:10B3E000010201F019F806B22846002141F20402D8
:10B3F00001F012F804B20021284600F0DFFD0746F4
:10B400000021284600F087FE384305D142F2D17072
:10B41000864201D08442BDD104B02846BDE8F04147
:10B4200001F0B3BC4046FCF79EFA044600212846D2
:10B43000FFF7C4FAB4F90010814200DD084620800D
:10B44000C0E610B50C4600B96068006868B10169D3
:10B450000029FAD00021E160026921469047217E4F
:10B460000120C90700D0002010BD012010BD806858
:10B47000002809D0002902DA4268511803D4436831
:10B480000A468B4201D800207047006850F822001D
:10B4900070478068002800D04068704770B50C463F
:10B4A000054600F114012046F8F79EF8A868002828
:10B4B00012D02188808A081A2080A968A088898AE9
:10B4C0000844A080A9686088898A401A6080A968B9
:10B4D000E088898A0844E08070BD70B50C46054656
:10B4E000002100F0CDFD06462146284600F057F821
:10B4F000704202B211462046F8F705F900212846AD
:10B5000000F0AAFE2188084420800021284600F08F
:10B51000E9FEA188081AA0800021284600F036FF25
:10B520006188084460800021284600F041FEE188DF
:10B53000081AE08070BD70B50446002100F026FFB7
:10B5400005460021204600F033FE06460021204635
:10B5500000F096FD0246204600F059F8401B801B83
:10B56000514200EB410000B270BD70B504460021AD
:10B5700000F072FE05460021204600F0B3FE0646AC
:10B580000021204600F07CFD0246204601F068F8CC
:10B59000401B801B514200EB410000B270BD0A46C7
:10B5A00000F114011046F8F71FB8000010B541680B
:10B5B00009B100F071F804460A48EBF78CFE0EE082
:10B5C0000021426A05E0C36853F82130A34208D045
:10B5D000491C8A42F7D801460248EBF78EFE002844
:10B5E000EED110BD945800208068002803D0827EE0
:10B5F0008A4201D800207047C06801EB410100EB8E
:10B60000810070478068002800D080687047418BB7
:10B61000C08A081A401C00B2704770B5064600F098
:10B6200037F8050001D000240AE0002070BD214653
:10B630002846FFF71CFFB04201D1204670BD641CB4
:10B640002846FFF726FFA042F1D84FF0FF3070BD2B
:10B65000F0B4468C00240425C6F3C50613E000BFF1
:10B66000C76805EBC40C57F80C705FEAC71C09D516
:10B6700027F07F479F4205D1C06850F83400F0BCE6
:10B6800003F084BE641CA642EAD8F0BC00207047D8
:10B69000002800D04068704700B50146FFF7F8FF6A
:10B6A0000028FAD1084600BD2DE9F047DFF8948064
:10B6B00006464446FFF7EDFE07460025DFF888A062
:10B6C0000EE0B0685146006850F82500814600F051
:10B6D000FBFF20B9B9F91A00A04200DB04466D1C3B
:10B6E000BD42EED30021304600F057FE81460021D6
:10B6F000304600F064FD07460021304600F0C7FCEC
:10B700000546444504D0708BC01B401B201A04B270
:10B71000304600F035FC80463046FFF778FFA0EB5E
:10B720000900C01B694200EB4101A8EB0101304652
:10B7300000F0EEF8081A00B2844200DD2046BDE8B1
:10B74000F087000001E0FFFF01000400806818B1ED
:10B75000407E00F00F0070470F2070472DE9F84F32
:10B760000646002100F051FC012807D0B0680028EF
:10B7700002D0008A404200B2BDE8F88F0021304676
:10B7800000F0B7FD00900021304600F06CFD8146CE
:10B790000021304600F07BFC804641F6FF7A54469B
:10B7A0003046FFF776FE074600250EE0B0681949DF
:10B7B000006850F82500834600F086FF20B9BBF9E9
:10B7C0001400A04200DC04466D1CBD42EED354457B
:10B7D00006D0B28A09EB08001044001B04B200E056
:10B7E0000D4C304600F0DAFB0546304600F038FFDD
:10B7F0000099411AA1EB0901C8F1000001EB4000DA
:10B80000291A304600F07DF8084400B28442B3DDC6
:10B810002046B1E70100040001E0FFFF2DE9F047F9
:10B820000646002100F0F1FB01280AD0DFF8A080D5
:10B8300030464446FFF72DFE07460025DFF894A06A
:10B8400015E0B068002801D0B0F91000BDE8F0871D
:10B85000B0685146006850F82500814600F034FF7A
:10B8600020B9B9F91800A04200DB04466D1CBD42A6
:10B87000EED30021304600F03CFD07460021304663
:10B8800000F0F1FC81460021304600F000FC054646
:10B89000444504D0308BC01B401B201A04B23046F4
:10B8A00000F07CFB8046304600F0DAFEC11BA1EBC5
:10B8B0000900694200EB4101A8EB0101304600F0AC
:10B8C00020F8081A00B28442C0DD2046BEE700001E
:10B8D00001E0FFFF010004008068002802D0007E24
:10B8E000C0F3810070478068002802D0007EC0F35A
:10B8F000011070478068002802D0408A404200B2A0
:10B9000070478068002802D0008A404200B2704729
:10B910008068002802D0408A404200B27047000090
:10B920002DE9F04F91B016460C464FF0FF37054613
:10B9300000223B46114620460097F7F7FEFE002204
:10B940003B46114630460097F7F7F7FE1021284690
:10B9500000F0B3FE002816D0284600F009FB0700CF
:10B9600011D00020FDF7E2F98046022F08D010E048
:10B97000FDF70BFAA84209D04046FDF7D7F98046FB
:10B98000B8F1000FF4D111B0BDE8F08FB8F1000F9D
:10B99000F9D02846FFF7AEFF05902846FFF784FE52
:10B9A0000C902846FFF7DAFE0A902846FFF736FF8C
:10B9B00008902846FFF7CAFE8146002019F00C0FB8
:10B9C000009014D0012F10D0032F02D0022F07D0E7
:10B9D0000DE00598002808DC0C98002805DC06E03E
:10B9E0004046FDF7C3F90C2801D10120009000204A
:10B9F00009905FEA897014D0012F10D0032F02D074
:10BA0000022F07D00DE00A98002808DC08980028CB
:10BA100005DC06E04046FDF7A9F9032801D1012025
:10BA20000990009909980843ADD04FF48037394602
:10BA3000284600F0EAFA012800D000200E9039468E
:10BA4000284600F0AAFC06903946284600F0B7FBCD
:10BA50000F903946284600F006FC804639462846B5
:10BA600000F047FC8146284641F20102394600F0C9
:10BA7000D3FC0FFA80FB2846FFF7C9FD0490284647
:10BA800000F0EEFD0390009800B1584682460998F8
:10BA900000B15846109028463946212200F0BCFCDF
:10BAA000C0B2022808D228463946312200F0B4FC40
:10BAB000C0B20228FFF467AFDDE9040101440C982D
:10BAC000A027084400B20B900098002870D00B9873
:10BAD0000028FBD0E88A7080688BF0800E9840B117
:10BAE000A98A01EB08003080ABF101010844B08065
:10BAF00007E0298BA1EB0900B080A0EB0B00401CF4
:10BB0000308006990498411A0F98091A1098081A5B
:10BB10000499009048430B9990FBF1F000B2059016
:10BB20000020F9F7ABF800EB8001502000EB41005A
:10BB3000B0F5A07F0ADB0020F9F7A0F800EB800148
:10BB4000502000EB410090FBF7F000E00120059948
:10BB5000884201DA084616E00020F9F78FF800EB7A
:10BB60008001502000EB4100B0F5A07F0ADB0020EF
:10BB7000F9F784F800EB8001502000EB410090FBC6
:10BB8000F7F000E00120009900B2091A0AB2049B04
:10BB90000B99C91A09B200290BDCE98A06980844F6
:10BBA0007080698B0F98091A1098081A401EF0804F
:10BBB00090E00C9B12FB03F393FBF1F1511A069AF0
:10BBC000EB8A1144194409B2401E71800844F08088
:10BBD000B5F9162006981044814238DA70800020AA
:10BBE000F9F74CF800EB8001502000EB4100B0F574
:10BBF000A07F0ADB0020F9F741F800EB800150201C
:10BC000000EB410090FBF7F000E00120B6F90210D4
:10BC10000844B6F90610884219DD0020F9F72EF81D
:10BC200000EB8001502000EB4100B0F5A07F0ADB63
:10BC30000020F9F723F800EB8001502000EB4100D1
:10BC400090FBF7F000E0012071880844F080B5F91E
:10BC50001A201098B6F90610121A0F98101A81427D
:10BC600038DDF0800020F9F709F800EB8001502062
:10BC700000EB4100B0F5A07F0ADB0020F8F7FEFFE3
:10BC800000EB8001502000EB410090FBF7F000E05A
:10BC90000120B6F90610081AB6F90210884219DA1E
:10BCA0000020F8F7EBFF00EB8001502000EB410093
:10BCB000B0F5A07F0ADB0020F8F7E0FF00EB800181
:10BCC000502000EB410090FBF7F000E00120F188EC
:10BCD000081A70800A99039801440898084400B231
:10BCE0000490099800283FF44EAE04980028FAD03A
:10BCF000698B0F98081AE080A0EB0B00401C608055
:10BD0000A88A2080288BA0800399A1EB0801A1EBD1
:10BD10000901A1EB0A00039900904843049990FBA4
:10BD2000F1F000B202900020F8F7A8FF00EB8000CD
:10BD3000502606EB40004FF4A07B584509DB00205D
:10BD4000F8F79CFF00EB800006EB400090FBF7F05B
:10BD500000E001200299884201DA084613E0002041
:10BD6000F8F78CFF00EB800006EB4000584509DB3C
:10BD70000020F8F783FF00EB800006EB400090FB0B
:10BD8000F7F000E00120009900B2091A0AB2DDE9DB
:10BD90000331C91A09B2002916DCA98A0E9840B1EC
:10BDA0004144AAF1010008442080298BA1EB09003D
:10BDB00008E001EB08002080298BA1EB0901A1EB31
:10BDC0000A00401EA080DEE5089B12FB03F393FBF4
:10BDD000F1F1511A0E9A09B2EAB3AA8A401E531819
:10BDE00008EB0A02991809B221800844A080B5F92D
:10BDF00014001044884233DD20800020F8F73EFF15
:10BE000000EB800006EB4000584509DB0020F8F706
:10BE100035FF00EB800006EB400090FBF7F000E000
:10BE20000120B4F900100844B4F90410884217DD69
:10BE30000020F8F723FF00EB800006EB4000584598
:10BE40000ADB0020F8F71AFF00EB800006EB400049
:10BE500090FBF7F001E03AE0012021880844A0803F
:10BE6000B4F90410B5F9182078E0A0800020F8F7A4
:10BE700005FF00EB800006EB40005D46A84273DB47
:10BE80000020F8F7FBFE00EB800006EB400090FB83
:10BE9000F7F000BFB4F90410081AB4F90010884292
:10BEA00091DA0020F8F7EAFE00EB800006EB400094
:10BEB000A8425BDB0020F8F7E1FE00EB800006EB18
:10BEC000400090FBF7F0A188081A20805BE5AB8A60
:10BED0004144194409B2401E21800844A080B5F9AC
:10BEE000142002EB0800814232DA20800020F8F7AB
:10BEF000C5FE00EB800006EB4000584509DB002042
:10BF0000F8F7BCFE00EB800006EB400090FBF7F07A
:10BF100000E00120B4F900100844B4F9041088428C
:10BF200016DD0020F8F7AAFE00EB800006EB4000CB
:10BF3000584509DB0020F8F7A1FE00EB800006EB76
:10BF4000400090FBF7F000E0012021880844A08029
:10BF5000B5F91820B4F90410A2EB0A02A2EB09000B
:10BF6000814282DC0FE5FFE7012093E70120AAE789
:10BF7000806818B1007E00F003007047032070470E
:10BF800008B505496A46496800912C21FBF7F2FC87
:10BF9000BDF9020008BD000060F4040808B50549B9
:10BFA0006A46096800912C21FBF7E4FCBDF900000A
:10BFB00008BD000060F40408008C704710B541F221
:10BFC000090200F029FAC0B210BD10B541F2090211
:10BFD00000F022FAC0B210BD662200F01DBA10B502
:10BFE000512200F019FA002800D0012010BD10B530
:10BFF0004FF4056200F010FA00B210BD10B541F226
:10C000006A4200F009FAC0B210BD10B541F26A42AE
:10C0100000F002FAC0B210BD10B541F26A4200F061
:10C02000FBF9C0B210BD10B541F26A4200F0F4F95C
:10C03000C0B210BD10B541F26A4200F0EDF9C0B2D5
:10C0400010BD10B541F26A4200F0E6F9C0B210BD71
:10C0500044F2200200F0E0B910B5212200F0DCF932
:10C06000C0B210BD10B5682200F0D6F9C0B210BD44
:10C0700010B5342200F0D0F9002800D0012010BD06
:10C0800010B541F2320200F0C7F900B210BD10B590
:10C0900041F2320200F0C0F900B210BD10B541F219
:10C0A000320200F0B9F900B210BD10B541F232020F
:10C0B00000F0B2F900B210BD10B541F2320200F04A
:10C0C000ABF900B210BD10B5612200F0A5F900284F
:10C0D00000D0012010BD0000034A10B5128900F005
:10C0E0009BF9C0B210BD0000AC06002010B541F2B3
:10C0F000040200F091F900B210BD10B541F2040243
:10C1000000F08AF900B210BD10B541F2040200F04F
:10C1100083F900B210BD10B541F2690200F07CF95C
:10C1200080B210BD10B541F2690200F075F980B21D
:10C1300010BD10B541F2060200F06EF900B210BD5C
:10C1400010B541F2050200F067F900B210BD10B55C
:10C1500040F2624200F060F9C0B210BD10B540F28A
:10C16000624200F059F9C0B210BD10B540F262420F
:10C1700000F052F9C0B210BD10B540F63C0200F01C
:10C180004BF9C0B210BD10B540F63D0200F044F9C5
:10C1900000B210BD10B540F63A0200F03DF900B211
:10C1A00010BD10B541F6110200F036F900B210BD15
:10C1B00010B541F6110200F02FF900B210BD10B514
:10C1C00041F6110200F028F900B210BD10B541F699
:10C1D000110200F021F900B210BD10B541F61102B4
:10C1E00000F01AF900B210BD10B541F6110200F0CE
:10C1F00013F900B210BD10B541F6110200F00CF9B0
:10C2000000B210BD10B541F6110200F005F900B200
:10C2100010BD10B541F6110200F0FEF800B210BDDD
:10C2200010B541F6150200F0F7F800B210BD10B5D8
:10C2300041F6150200F0F0F800B210BD10B541F65D
:10C24000150200F0E9F800B210BD10B541F6120277
:10C2500000F0E2F800B210BD10B541F6120200F095
:10C26000DBF800B210BD10B541F6120200F0D4F8B0
:10C2700000B210BD10B541F6120200F0CDF800B2C8
:10C2800010BD10B541F6120200F0C6F800B210BDA4
:10C2900010B541F6120200F0BFF800B210BD10B5A3
:10C2A00041F6120200F0B8F800B210BD10B541F628
:10C2B000120200F0B1F800B210BD10B541F6120242
:10C2C00000F0AAF800B210BD10B541F6120200F05D
:10C2D000A3F800B210BD10B541F6130200F09CF8AF
:10C2E00000B210BD10B541F6130200F095F800B28F
:10C2F00010BD10B541F6130200F08EF800B210BD6B
:10C3000010B541F6130200F087F800B210BD10B569
:10C3100041F6130200F080F800B210BD10B541F6EE
:10C32000130200F079F800B210BD10B541F6130207
:10C3300000F072F800B210BD10B541F6130200F023
:10C340006BF800B210BD10B541F6130200F064F8AE
:10C3500000B210BD10B541F6140200F05DF800B255
:10C3600010BD10B541F6140200F056F800B210BD31
:10C3700010B541F6140200F04FF800B210BD10B530
:10C3800041F6100200F048F800B210BD10B541F6B9
:10C39000100200F041F800B210BD10B541F61002D5
:10C3A00000F03AF800B210BD10B541F6100200F0EE
:10C3B00033F800B210BD10B541F6100200F02CF8B1
:10C3C00000B210BD10B541F6100200F025F800B221
:10C3D00010BD10B541F6100200F01EF800B210BDFD
:10C3E00010B541F6100200F017F800B210BD10B5FC
:10C3F00041F6100200F010F800B210BD10B541F681
:10C40000100200F009F800B210BD10B541F610029C
:10C4100000F002F800B210BD2DE9F04186B00C46E4
:10C4200006461546C2F38028C2F380379FB122F436
:10C43000804510E002AB2A4621463046F4F72FFC37
:10C4400060BBB8F1000F08D00CB1002403E0304607
:10C45000FFF71EF90646002EECD13CB941F201016E
:10C460008D4207D0A5F58050043803D0284602F04D
:10C47000C7FF12E0306807E08D4202D1828A3AB9E4
:10C4800001E0C28A12B900680028F5D18D4202D1BC
:10C49000B0F9140001E0B0F91600029017B3029849
:10C4A000350000901AD0304621466322FFF7B4FFD2
:10C4B000060012D0306880B1284621466422FFF77A
:10C4C000ABFF10F0FF0208D0336830460099984760
:10C4D0000190BDF80400ADF800000098029006B08D
:10C4E000BDE8F0810298FAE710B56022FFF794FFEB
:10C4F00000B210BD10B540F64102FFF78DFF00B24B
:10C5000010BD10B540F64202FFF786FF00B210BD25
:10C5100010B540F64502FFF77FFFC0B210BD10B561
:10C5200040F64302FFF778FF00B210BD10B54FF49C
:10C530000462FFF771FF00B210BD44F25742FFF7EB
:10C540006BBF41F25942FFF767BF41F25942FFF713
:10C5500063BF41F25942FFF75FBF41F25942FFF713
:10C560005BBF41F25942FFF757BF41F25942FFF713
:10C5700053BF10B541F25A42FFF74EFF00B210BD53
:10C5800010B541F25A42FFF747FF00B210BD10B597
:10C5900041F25B42FFF740FF00B210BD10B541F21F
:10C5A0005B42FFF739FF00B210BD10B541F25B42AC
:10C5B000FFF732FF00B210BD10B541F25B42FFF74A
:10C5C0002BFF00B210BD10B541F25B42FFF724FF14
:10C5D00000B210BD10B540F60B02FFF71DFF00B210
:10C5E00010BD10B540F60B02FFF716FF00B210BDEC
:10C5F00010B540F60A02FFF70FFF00B210BD10B5EC
:10C6000040F60A02FFF708FF00B210BD10B541F274
:10C610000102FFF701FF00B210BD10B541F20102A7
:10C62000FFF7FAFE00B210BD10B541F20102FFF7AC
:10C63000F3FE00B210BD10B541F20102FFF7ECFEAF
:10C6400000B210BD10B541F20702FFF7E5FE00B2DF
:10C6500010BD10B541F20802FFF7DEFE00B210BDBA
:10C66000018B808A081A401C00B2704770B50546DD
:10C67000FFF70EF8040012D0E88AE18A451A204636
:10C68000FFF746F9054400212046FFF77FFE2D1AEB
:10C6900000212046FFF7F4FC281A00B270BDB5F95E
:10C6A000160070BD10B50446FFF7E0FF02462046B5
:10C6B000FEF7ADFF104400B210BDC069814301D048
:10C6C0000020704701207047C069084000D0012059
:10C6D0007047008C084000D0012070477FB50D46A0
:10C6E00006460221FFF7E9FF002820D080213046CE
:10C6F000FFF7EFFFE8B902A93046FEF7CFFE0022B0
:10C70000294602A8E9F77EFE040012D04FF48031DA
:10C710003046FFF7D2FF70B101208DF8040000957C
:10C720006A4611213046FBF725F99DF8040004B054
:10C7300070BD0020FBE72046F9E7F8B514460D462A
:10C7400006464FF40562FFF767FE00B260800028DE
:10C7500039D0304629465322FFF75EFEC0B220731F
:10C76000022830D929463046FFF7F8FCFD2804D2CC
:10C77000217B11FB00F0000A2073207B022822D9C4
:10C780003046294644F25202FFF746FE0090BDF8BB
:10C7900000002080304629465422FFF73DFEA0606D
:10C7A000304629465122FFF737FE00B10120617B58
:10C7B00060F38201617329463046FFF753FC617BC9
:10C7C00060F301016173F8BDF8B514460E460546E5
:10C7D0004622FFF721FEC0B2E07202283CD9314662
:10C7E0002846FFF7BBFCFD2804D2E17A11FB00F0DC
:10C7F000000AE072E07A02282ED9002020804FF44F
:10C8000080706080288BA98A4822401A401C00B2A0
:10C8100000EBD0704010A080688BE98A401A401C61
:10C8200000B200EBD0704010E08028463146FFF7A0
:10C83000F3FD10F0FF00A07209D02846314644F203
:10C840004702FFF7E9FD0090BDF800002081314666
:10C850002846FFF707FC2073F8BDF8B514460D46CF
:10C8600006464FF48B62FFF7D7FDC0B2A0760228D0
:10C8700041D929463046FFF771FCFD2804D2A17E3C
:10C8800011FB00F0000AA076A07E022833D92946C9
:10C890003046FFF752FE0090BDF80000A081304600
:10C8A000294641F25A42FFF7B7FDA0823046294699
:10C8B00041F25B42FFF7B0FD60823046294640F20C
:10C8C0005C42FFF7A9FDA17F60F30201A177294631
:10C8D0003046FFF7C7FBA17F60F3C501A17729466A
:10C8E0003046FFF72EFE20603046294641F25D4279
:10C8F000FFF792FD2077F8BDF8B514460D460646C1
:10C9000040F64902FFF788FD00B26080002846D05B
:10C91000304629464E22FFF77FFDC0B22072022822
:10C920003DD929463046FFF719FCFD2804D2217A6B
:10C9300011FB00F0000A2072207A02282FD930461D
:10C94000294644F24D02FFF767FD0090BDF8000054
:10C950002080304629464A22FFF75EFD00B2A080C3
:10C9600028B1304629464B22FFF756FDE08030467D
:10C9700029464C22FFF750FD08B1012100E00021BB
:10C98000607A61F38200810861F3C3006072294616
:10C990003046FFF767FB617A60F301016172F8BD11
:10C9A0002DE9F84314460D4606466022FFF734FD94
:10C9B000208025B129463046FFF7D0FB00E0FF205C
:10C9C000804629463046FFF7C9FB0746022802D9B0
:10C9D000B8F1020F09D80020E07084F8220084F832
:10C9E000360084F82A00BDE8F88329463046FFF770
:10C9F00039FBA070E078002851D03046294621222A
:10CA0000FFF70AFDC0B2E070022848D92946304637
:10CA1000FFF71EFB0090BDF80000A08030462946BD
:10CA20002622FFF7F9FC010007D0487A400704D01E
:10CA30000A22A01DFDF72EFB31E0304629462322B5
:10CA4000FFF7EAFCE17B60F30201E17348071DD0C8
:10CA500029463046FFF7FCFA0090BDF80000E08060
:10CA60003046294644F22202FFF7D6FC0090BDF87A
:10CA700000006081304629462422FFF7CDFC207259
:10CA8000304629462522FFF7C7FC20733046294649
:10CA90002722FFF7C1FCE17B60F3C501E17330465B
:10CAA000294641F23202FFF7B7FC00B2208408B3F6
:10CAB00094F82200F0B1304629463122FFF7ACFC51
:10CAC000C0B284F82200022814D930462946332205
:10CAD000FFF7A2FC94F8231044F2300260F3450102
:10CAE00084F8231030462946FFF796FC0090BDF8E5
:10CAF0000000E08329463046FFF74CFBE084C8B1D4
:10CB000094F82A00B0B129463046FFF735FB84F887
:10CB10002A0002280ED929463046FFF734FB20852B
:10CB20003046294644F23B02FFF776FC0090BDF800
:10CB30000000A084A07E68B33046294640F6280253
:10CB4000FFF76AFC206128B3304629462922FFF707
:10CB500063FCC0B2A07602281CD92069FCF793F8C8
:10CB600002286AD03046294644F22A02FFF754FCD4
:10CB70000090BDF800002083304629462B22FFF7A5
:10CB80004BFCE076304629462C22FFF745FC00B1ED
:10CB90000120207794F8360050B329463046FFF73D
:10CBA000C5FCE08520B394F83600022820D9294638
:10CBB0003046FFF7ADFC84F83600022818D9294624
:10CBC0003046FFF797FC208629463046FFF799FC50
:10CBD000608629463046FFF7A2FCA08630462946EB
:10CBE00044F24402FFF718FC0090BDF80000A08555
:10CBF000B8F1FD0F02D218FB07F0070AFD2FBFF4B2
:10CC0000F2AE14F8030F10FB07F0000A04F8140B3F
:10CC1000E07810FB07F0000AE070E07A10FB07F004
:10CC2000000AE072E07F10FB07F0000AE077E07C8A
:10CC300010FB07F0000AE074D5E629463046FFF7FE
:10CC400080FC606129463046FFF777FC0090BDF814
:10CC5000000020839EE77CB505464FF4002403E0E6
:10CC60002846FEF715FD0546FEF712FD28B12146C0
:10CC70002846FFF722FD0028F2D12846EAF7D7FB25
:10CC8000044605F114016846F6F7AEFCBDF8000055
:10CC90006946001BADF80000BDF80200001BADF8AE
:10CCA0000200BDF804002044ADF80400BDF8060001
:10CCB0002044ADF80600284600F001F87CBD1CB504
:10CCC00004466846F6F790FC69462046FDF70AFEE2
:10CCD000002805D02046FEF769FC6946EAF788FA85
:10CCE0001CBD0068002808D0017E8907F9D0007EAD
:10CCF00000F00300012800D00020704700680028E1
:10CD000009D0017E11F00C0FF8D0007EC0F3810035
:10CD1000012800D00020704710B504460849FFF7ED
:10CD2000D3FC08B1002010BD2046FEF7B1FC00285E
:10CD3000F9D00021FFF7F6F90028F4D0012010BD4A
:10CD4000010006007CB50546EAF771FB044605F1D3
:10CD500014016846F6F748FCBDF800006946001B60
:10CD6000ADF80000BDF80200001BADF80200BDF8F0
:10CD700004002044ADF80400BDF806002044ADF8DE
:10CD800006002846FDF7AEFD7CBD10B5418C41F094
:10CD900001014184FEF780FC418C41F00201418495
:10CDA000FEF704FC4068002803D0BDE8104003F003
:10CDB00065BC10BD2DE9F047994617468846824666
:10CDC000FEF767FB0646002523E000BFDAF80800FF
:10CDD000B9F1000F006850F8254005D04FF48021CC
:10CDE0002046FFF76AFC98B9A18A002301EB0800EE
:10CDF000A082E08A3A463844E082218B01EB0800A9
:10CE00002083608B4146384460832046FFF7D2FF81
:10CE10006D1CB542DAD3BDE8F0872DE9FF474568C0
:10CE200016460F4604469DB300212846FFF714FA24
:10CE3000804600212846FFF7A9FA81464FF4802159
:10CE40002046FFF73AFC48B1A98A07EB08000844DE
:10CE500007B2E98A06EB0900084410E02846FEF70D
:10CE600050FDAA8A02EB0801081A384407B2284686
:10CE7000FEF74EFDEA8A02EB0901081A304406B2B9
:10CE800000212846FFF7FCF8391830440FB206B2EB
:10CE9000A08A381A07B2E08A301A06B20FB9002EFB
:10CEA00040D02046FFF7D7FE02A92046FEF777FBC9
:10CEB0004FF0000875B169462846FEF70EFB0022C8
:10CEC000694602A8E9F7DEF95FEA000802D12846C0
:10CED00000F0A2FDA08A32463844A082E08A39469A
:10CEE0003044E082208B002338442083608B304420
:10CEF00060832046FFF75EFF8DB12246222128463F
:10CF0000FAF738FD2046FFF7A6FE0022694604F135
:10CF10001400E9F7B7F9B8F1000F07D104E0204693
:10CF2000FFF799FEBDE8FF870028FBD0284600F0F8
:10CF300073FDF7E770B50C00064604D5FEF7A8FBB5
:10CF4000FEF7A7FA04443046FEF767FB0246304678
:10CF5000FEF79EFB0546002C2DDBFEF79AFAA04259
:10CF600029DD944227D015DA6FF00301A24214DDC7
:10CF7000A86801EB82030068C35840F82230521EB3
:10CF8000F4E7A86801EB82030068C35840F8223038
:10CF9000521C00E00421A242F3DBA86800222221F7
:10CFA000006840F824602846FAF7E4FC2846BDE80B
:10CFB0007040FFF750BE70BD2DE9F0410D460646AA
:10CFC000FEF791FCA0B93046FEF794FC04463046CB
:10CFD000FEF76AFB00280BDA002C09DD4042844290
:10CFE00000DB044622B22B460021304600F0C0FB95
:10CFF0003046FEF771FC002825D13046FEF7AEFB27
:10D0000004463046FEF70AFC074600213046FEF78C
:10D01000FCFF01280BD0002F15DA002C13DD78421D
:10D02000844200DB044621B22B46002206E0002C9D
:10D0300009DA002F07DD2B46002221463046BDE8E5
:10D04000F04100F095BBBDE8F0812DE9F14F82B0D1
:10D050000298FFF761FE00287DD10298FEF718FBC9
:10D06000009000210298FFF7EDFA82460021029815
:10D07000FFF7EFFA0746009868B1FEF776FA8146A7
:10D080000098FEF758FA0546CAF341304FF0640B9A
:10D09000012803D012E03A46514694E02AF4C040F9
:10D0A000B0F5FA6F0ADCB0F57A7F01DDC0F57A7071
:10D0B00000FB09F090FBFBF00FFA80FAC7F3413058
:10D0C00001280DD127F4C040B0F5FA6F08DCB0F5A7
:10D0D0007A7F01DDC0F57A70684390FBFBF007B200
:10D0E000002143F20C020298FFF796F906B20021E4
:10D0F00043F20D020298FFF78FF902B20298FFF790
:10D10000AFFA80460298FEF782FA0446C6F3413031
:10D1100001280ED126F4C040B0F5FA6F09DCB0F555
:10D120007A7F01DDC0F57A7000FB08F090FBFBF020
:10D1300006B2C2F3413001280FD122F4C040B0F54D
:10D14000FA6F0ADCB0F57A7F01DDC0F57A706043D2
:10D1500090FBFBF000E056E002B20AEB060006B2DC
:10D16000B81807B200210298FEF72FFF50B101282E
:10D1700027D0801E082824D2DFE800F00B13202BD4
:10D180003318383B00210098FEF738FF012808D0FB
:10D1900017E009EBD971491008EBD870A1EB6000DA
:10D1A00001E0A9EB0800304406B20AE005EBD570B7
:10D1B000401004EBD471A0EB610000E0281B384460
:10D1C00007B23A463146029803B0BDE8F04FFFF788
:10D1D00024BE09EBD971491008EBD870A1EB6000AF
:10D1E00001E0A9EB0800304406B2E7E7A9EB08002C
:10D1F00006E009EBD971491008EBD870A1EB60008B
:10D20000304406B2D2E7BDE8FE8F2DE9F04F044668
:10D21000408C87B0410501D580057ED42046FEF7BD
:10D2200037FA5FEA000878D02046FEF797FA0190B7
:10D23000608C002640054FF4FA6B42F2D17A03D598
:10D240002046FFF70DFA5FE000212046FFF7DEF9E8
:10D250000546504501D1012600E00026C5F34130C6
:10D26000012805D125F4C040584501DC012000E02B
:10D27000002081464046FEF778F9074626B1204651
:10D28000EBF796FF05462BE0B9F1000F28D0B8F870
:10D290002200400518D400214046FFF7B7F9504559
:10D2A00012D100212046FEF7EBFE05460021204664
:10D2B000FEF7D2FF00EB050900212046FFF712F828
:10D2C000411901EB09000AE025F4C040B0F57A7F6E
:10D2D00001DDC0F57A707843642190FBF1F005B26E
:10D2E0002046002141F20202FFF796F80FFA80F97A
:10D2F0002046002141F20302FFF78EF802B23B46BE
:10D3000049462846F7F770F907462046FEF7F2FA35
:10D3100000904FF00009608C00E06FE0800503D5BD
:10D320002046FEF774F955E000212046FEF7DEFEA8
:10D33000A0F51C510546D13906D000208146C5F321
:10D340004130012802D007E00120F7E725F4C04072
:10D35000584501DC012000E0002083464046FEF7EE
:10D36000EAF88246B9F1000F04D02046EBF7AEFE92
:10D3700005461BE0BBF1000F18D0B8F8220080056D
:10D3800007D400214046FEF7B1FEA0F51C51D1396B
:10D3900038D025F4C040B0F57A7F01DDC0F57A7051
:10D3A00000FB0AF0642190FBF1F005B22046002159
:10D3B00041F20502FFF730F80FFA80FB204600210A
:10D3C00041F20602FFF728F802B2534659462846B2
:10D3D000F7F7D5F8054656EA090605D0DDE900213C
:10D3E0000023204600F0C1FA2046FFF739F9B84281
:10D3F0001BD12046FEF70BF9A84216D1002007B03A
:10D40000BDE8F08F00212046FEF73AFE05460021D8
:10D410002046FEF7BBFF00EB050B00212046FEF780
:10D42000C7FE411901EB0B00BFE72046FFF713FCD5
:10D4300002A92046FEF7B3F804A94046FEF74DF8CE
:10D44000002204A902A8E8F71DFF060002D1404609
:10D4500000F0E2FAE08A6D1E284460830021204635
:10D46000FEF7CCFD01281CD0A08A7F1E3844208303
:10D4700002AA29212046FAF77DFA224622214046B7
:10D48000FAF778FA2046FFF7E6FB00212046FFF77F
:10D4900093FD002204A904F11400E8F7F3FE36B965
:10D4A00004E0208BC01B401CA082E1E710B1404685
:10D4B00000F0B2FA0120A2E738B50446E9F7B7FF59
:10D4C00005460020ADF800006A4613212046FAF711
:10D4D00051FABDF90000A84202D02046FFF7BBFB7D
:10D4E000A06818B1BDF80010C18209E0BDF80000C5
:10D4F00030B12046FDF7D8F9A168BDF80000C88218
:10D50000BDF90000A84202D02046FFF7A4FB38BDB9
:10D5100070B505460021FFF779F80446002128463A
:10D52000FEF7E4FD42F2D1718C4203D0884201D073
:10D53000002070BD2846FFF728FC012070BD0000C8
:10D540002DE9F04706462C4814460D460078002881
:10D550004FD03046FFF77FFB05F47F05E0044FF422
:10D5600070294FF6FF771ED54D4514D09DB130463A
:10D57000002141F20402FEF74FFF00B242F2D178DF
:10D58000404508D03046002141F20102FEF744FF39
:10D5900000B2404514D100222A213046FAF7EAF9B8
:10D5A0003046FFF7F2FB4D4500D04DB9BC4201D0EB
:10D5B000A00405D53046FEF76BF808B1FFF7E5FB90
:10D5C000BC4201D0200502D53046FFF775FF30463A
:10D5D000FFF741FBBC4204D060050AD514F4C05FDC
:10D5E00007D0B5F5803F04D03046BDE8F04705F0E0
:10D5F00052BEBDE8F08700006C050020F0B4448CFA
:10D6000000230425C4F3C5040BE000BFC66805EB86
:10D61000C307F659F70103D526F07F46964202D09C
:10D620005B1C9C42F2D89C4202D1F0BC00207047A7
:10D63000C06850F83300F0BC01F062BF2DE9F05F24
:10D640004FF6FF7A0F0005461FFA82F802F47F09B1
:10D65000564602D0F87900B900260024214659E048
:10D66000EA68042000EBC40B964652F80B00C0F3A6
:10D6700007424FEA024C524683B2904501D04345DF
:10D6800009D1B9F5702F01D0CC4504D12FB15EF886
:10D690003430BB4201D0641C3CE0800104D500233F
:10D6A0004946284607F09CFEE86850F80B10CA016E
:10D6B00001D489010CD550F8340001F084FFE868EA
:10D6C00050F83400FCF77AFCE968002041F8340097
:10D6D000204608220AE0E96802EBC00C01EBC00317
:10D6E0006144401CD1E900C1C3E900C1698CC1F3A8
:10D6F000C501491E8142EED8688CC108491E61F3FC
:10D70000C8006884C0F3C500C100E868FCF79AFC53
:10D710000121E860688CC0F3C500A042A0D80029B0
:10D7200008D0002E06D0324649462846BDE8F05FB4
:10D73000FFF706BFBDE8F09F70B506460B480078BE
:10D74000002812D000200CE0002506E0E06850F828
:10D750002510304605F07BFE6D1C606AA842F5D8A6
:10D760002046F7F7DFFA0400EED170BD6C0500200B
:10D770002DE9F0411646074690B00D4651EA0600E5
:10D7800076D0012B19D03C493846F5F7E7F9044625
:10D790003A493846F5F7E2F9804632462946384696
:10D7A00006F01CF854EA080462D010B03846BDE810
:10D7B000F04100220A21FAF7DDB83846FDF7F6FEFF
:10D7C00080466846F5F70EFA2D484FF4C874009766
:10D7D00003902DB34046F7F763FA40102A46002124
:10D7E000F5F767FAC82801D2C82002E0A04200D9A4
:10D7F00020460A903846FEF784F84142281ACDE9BF
:10D8000008101E4801901F48079106906A4609219A
:10D810003846FAF7AFF801282AD16846F5F756FAE4
:10D82000002E25D04046F7F79DFA401032460021E1
:10D83000F5F73FFAC82801D2C82002E0A04200D97B
:10D8400020460A903846FEF763F84142301ACDE987
:10D850000810094801900B48079106906A46092173
:10D860003846FAF787F8012802D16846F5F72EFA0C
:10D8700010B0BDE8F0810000A13803088938030822
:10D88000373503084B2C02082DE9F0471546824630
:10D8900099460C4651EA050065D0504600F028FC38
:10D8A0005046FEF72EF840420FFA80F808EB0400CD
:10D8B00004B200215046FEF7A8FB012813D0002C2B
:10D8C00013DC25DA5046FDF749FF06465046FDF7C2
:10D8D000A5FF304400B2002800DA00204042844214
:10D8E00016DA04B214E0002C02DA4FF000040FE064
:10D8F0000EDD5046FDF732FF06465046FDF78EFF1F
:10D90000304400B2002800DA0020844200DD0446E2
:10D910005046FDF7FDFF404206B2701905B2002DDA
:10D9200002DD4FF0000510E00FDA5046FDF7E2FF90
:10D9300007465046FDF7B8FE384400B2002800DA2A
:10D9400000204042854200DA05B2A4EB080001B293
:10D95000A81B02B251EA020005D04B465046BDE872
:10D96000F047FFF705BFBDE8F08770B516461D46C6
:10D9700004461A4600F024F82A4631462046BDE8FF
:10D98000704000F033B8F8B50E46044600F0B0FB26
:10D99000002000902046FDF77BFE054604F11407A9
:10D9A0000AE033466A462146384605F0D1FD2C464A
:10D9B0002046FDF76DFE0546002DF2D1F8BD0000B2
:10D9C00070B50D46144606460749F5F7C7F83046C8
:10D9D000FDF797FF401B01B223463046BDE870407B
:10D9E0000022FFF751BF00008938030870B50D46CB
:10D9F000144606460749F5F7B1F83046FDF788FFAB
:10DA0000401B02B223463046BDE870400021FFF7BC
:10DA10003BBF0000A13803081FB5044602AA6946AF
:10DA2000FDF77EFF6846F5F742FE20B902A8F5F73C
:10DA30003EFE002810D06846F5F739FE18B1694659
:10DA40002046FFF73CF902A8F5F731FE002803D085
:10DA500002A92046FFF733F91FBD002200F00CBADF
:10DA600070B50D460446FCF71FFFA068858270BDA7
:10DA700070B516461D460446002200F061FA0022E9
:10DA80003146204600F044FA00222946204600F0A4
:10DA90005FFA04480022808981B22046BDE87040C8
:10DAA00000F064BAAC06002010B50446002200F075
:10DAB00037FA04480022808981B22046BDE8104030
:10DAC00000F054BAAC06002010B50446002200F065
:10DAD0002FFA2046FDF7DCFDBDE81040FFF755B9F1
:10DAE00038B50C46054600236A4641F20401FDF7AD
:10DAF000AFFD012807D0002804D100222146284686
:10DB000000F02EFA38BD0098A042F6D138BD2DE9BC
:10DB1000F0410C4615461F4606461946F2F770FFBF
:10DB20002A46214601F028FE224639463046BDE805
:10DB3000F041FFF705BD70B5064640680C46002869
:10DB400067D0002C65D03046FFF785F82046FCF7FB
:10DB5000ABFE30467568FDF760FD0146042207E024
:10DB6000A86802EB81030068C35840F82130491CC3
:10DB70002846FDF78EFC801E8842F1DAA9684868C5
:10DB8000401E4860A96805D0820008681146FCF76D
:10DB900059FA03E00868FCF711FA0020A968086048
:10DBA000A1684868401C4860A26881001068FCF7C2
:10DBB00049FAA16808602046FDF76BFC6FF003018D
:10DBC00001EB8000A16809680E50002128467460AE
:10DBD000FFF7F2F92846FFF71FFF324622212846B9
:10DBE000F9F7C8FE002224212846F9F7C3FE324681
:10DBF00022212046F9F7BEFE002223212046F9F714
:10DC0000B9FE3046FFF7C1F83046BDE87040FFF777
:10DC100022B870BD70B51546044600F036FA2946A4
:10DC20002046BDE8704000F047BA70B50C46054686
:10DC3000FCF73AFEA868417E01F00F01A14200D036
:10DC4000447670BD70B50C460546FCF72DFEA868FD
:10DC5000017E01F00302A24207D064F301010176C4
:10DC60002846BDE87040FEF7F6BF70BD70B515469A
:10DC7000044600F0F3F929462046BDE87040FFF75E
:10DC80002FBF00002DE9F34F87B08146008C089923
:10DC900088427DD00390A9F820104846089A03993D
:10DCA000E9F76CFC5FEA000872D04FF4207420465C
:10DCB000FCF726F921460290FCF7CAFA002528460F
:10DCC00093E000BFD9F80C10042201EBCA0002EB6C
:10DCD000CA040490085920F07F4000F007FA009031
:10DCE000D9F80C00005920F07F4000F0FCF90690B4
:10DCF00008990098884376D104984068800172D4CE
:10DD0000049867220068838819040AD5006804E033
:10DD1000914201D144681DE0083001880029F7D103
:10DD200061E0C179A9B301290FD90468002004EB8F
:10DD3000810307E033F81060964202D104EB8000C3
:10DD400007E0401C8142F5D84DE0C3F30E0167297E
:10DD500049D10468002740E0002620E0029806EB45
:10DD6000860100EB81010591D1F804B0584600F01E
:10DD7000BDF90190584600F0B6F9216831F8172036
:10DD8000059909898A4209D10699884206D101E09C
:10DD90006FE028E0DDE90001814202D2761CAE424C
:10DDA000DCD3AE4218D1029A05EB8500A18922F896
:10DDB0002010029A218A02EB80006D1C4180A1682C
:10DDC000C160216831F8171001816168016104990F
:10DDD000496821F07F4141607F1C206830F81700BE
:10DDE00008B1202DB8D30AF101008246B9F822000B
:10DDF000C0F3C501514502D9202DFFF463AF0024C3
:10DE000010E000BF029804EB840100EB810670680B
:10DE100000F069F9014600964846089B039AE9F725
:10DE20000DFB641CAC42EDD30298FCF7B5F8B8F1D9
:10DE3000010F0ED0B8F1030F11D0B8F1020F18D1B5
:10DE40004846FEF708FF09B04846BDE8F04FFFF727
:10DE500033BB09B04846BDE8F04FFEF7FCBE09B041
:10DE60004846BDE8F04F4FF6FF724FF47021FFF7C0
:10DE700067BB09B0BDE8F08F13460A4641F20901BD
:10DE8000FFF745BE07B481B01346BDF80810ADF8E2
:10DE90000010009A522104B0FFF739BE13460A461B
:10DEA0005321FFF734BE13460A464FF40561FFF7CE
:10DEB0002EBE07B481B01346BDF80810ADF80010AF
:10DEC000009A202104B0FFF722BE13460A4640F60E
:10DED0002801FFF71CBE13460A462121FFF717BE93
:10DEE00007B481B01346BDF80810ADF80010009AD1
:10DEF000302104B0FFF70BBE13460A463121FFF76D
:10DF000006BE13460A4641F23201FFF700BE00008A
:10DF100013460A4601498988FFF7F9BDAC0600207F
:10DF200013460A4601490988FFF7F1BDAC060020F7
:10DF300013460A4601490989FFF7E9BDAC060020EE
:10DF400013460A4601494988FFF7E1BDAC060020A7
:10DF500013460A460149C988FFF7D9BDAC0600201F
:10DF600013460A4641F20401FFF7D1BD13460A46A3
:10DF700041F26901FFF7CBBD13460A4640F2624108
:10DF8000FFF7C5BD07B481B01346BDF80810ADF862
:10DF90000010009A3B2104B0FFF7B9BD13460A46B2
:10DFA00040F63C01FFF7B3BD13460A4640F63D017B
:10DFB000FFF7ADBD13460A4640F63A01FFF7A7BD8D
:10DFC00013460A4641F61101FFF7A1BD13460A4662
:10DFD00041F61201FFF79BBD13460A4641F61301B5
:10DFE000FFF795BD13460A4641F61001FFF78FBDB6
:10DFF00013460A466021FFF78ABD13460A4641F2DE
:10E000005D41FFF784BD07B481B01346BDF8081029
:10E01000ADF80010009A40F2574104B0FFF777BD09
:10E0200013460A4641F25941FFF771BD13460A46AD
:10E030004FF48B61FFF76BBD13460A4641F20101B5
:10E04000FFF765BD13460A4641F20701FFF75FBDC2
:10E0500013460A4641F20801FFF759BD38B50C4690
:10E06000054600236A4641F20101FDF7F1FA012855
:10E0700007D0002804D1002221462846FFF7DCFF04
:10E0800038BD0098A042F6D138BD38B50C460546DB
:10E0900000236A4641F20701FDF7DAFA012807D0AA
:10E0A000002804D1002221462846FFF7CBFF38BDC7
:10E0B0000098A042F6D138BD38B50C46054600237D
:10E0C0006A4641F20801FDF7C3FA012807D000288B
:10E0D00004D1002221462846FFF7BAFF38BD009838
:10E0E000A042F6D138BD00F47F00704780B270477F
:10E0F00070B50B4D2978002911D101212970FDF748
:10E10000CBFA044606E000BF20F0020060842046FF
:10E11000F4F7DCFA608C8107F6D40020287070BD1B
:10E120006405002008B5132802D209B1042905D9D5
:10E13000F6F7A3FA0090BDF8000008BD044A491E96
:10E14000C9B202EBC00000EB4100008808BD00002E
:10E15000B8CB050808B5132802D209B1052905D99D
:10E16000F6F78BFA0090BDF8000008BD054A491E7D
:10E1700000EB8000C9B202EB400000EB41000088D8
:10E1800008BD0000FACA050808B5132805D3F6F73C
:10E1900074FA0090BDF8000008BD024901EB400090
:10E1A000008808BDD4CA0508002801DAC0F57A70D5
:10E1B00040F4005000B2704710B5B0F90420B0F937
:10E1C00000304088D21A02EBD27252100C881344ED
:10E1D00049881044E31A081A12FB02F113FB03F2F8
:10E1E00010FB0020884201D8012010BD002010BD86
:10E1F00010B50E48F6F772FC0C4CF0200D4A20804A
:10E200004FF48C7060800A48A2F5525160614FF45F
:10E21000D253A1F11C00F6F751FC04F14C00E06070
:10E22000BDE810404C38F6F783BC0000841B012089
:10E2300051A001086C50012010B50648FAF734FDD2
:10E2400004480121017004494160FAF741FD034986
:10E25000486010BDEC8401206D510308D4060020F5
:10E260002DE9F04F544E054689B0706801688C6BFB
:10E27000C96889682160016809698A0701D4C907EA
:10E2800023D0F6F76FFD401E07B27068F6F708FD61
:10E29000401E03B20022114601A80097F5F74DFA7F
:10E2A00001A9616070680068027CC068920705D5AA
:10E2B000826942F002028261A16076E0816982692E
:10E2C00061F341028261A5606FE0A9882A88891AFA
:10E2D000491C0FFA81F9E9886A88891A491C0FFAE2
:10E2E00081F8F6F73FFD0146B5F90600814203DCEF
:10E2F0007068F6F737FD401E07B242464946B246FF
:10E300007068F2F7E5FB81460026B5F902000DF1D1
:10E310000C0B28E02A88ADF80C20AA88ADF8102054
:10E32000ADF80E00ADF81210C4F804B0C4F808B08F
:10E33000DAF804000168C96889682160BDF9121023
:10E34000B94201DDADF81270BDF91260B74205D1D6
:10E350000068C068816941F002018161204600F0D7
:10E360002DF80FFA88F000EB0908A8F10101B94275
:10E37000D0DDB7421CD02988ADF80C10A988ADF8C3
:10E380001010ADF80E00ADF81270C4F804B0C4F867
:10E3900008B0DAF804000168C9688968216000687B
:10E3A000C068816941F002018161204600F006F8F1
:10E3B00009B0BDE8F08F000070050020F0B54F4CAB
:10E3C00006468FB06068F6F767FC0546006850B1F6
:10E3D000686828B107E060680068816A01B1884711
:10E3E00028690028F7D100256068F6F7A5FC0146EA
:10E3F000706800F0CFF807466068416919B170682D
:10E4000000F0C8F8054657EA05004CD1B06AB0B133
:10E410006846F7F763FF6068C16A049190F82910B5
:10E420008DF81A10418DADF8041090F829008DF880
:10E430000300B36A694630467268984733E0606803
:10E44000C16A01B3084609A9FAF780FB01282AD15D
:10E4500009980022410D491EC0F38A2300911146FC
:10E4600007A85B1EF5F769F901A8F6F70DFF6068CC
:10E4700007AA90F829108DF80F10C36A01A9304639
:10E48000F6F7DAFE0FE06846F7F728FF6068418D7F
:10E49000ADF8041090F829008DF803006946304665
:10E4A0007268F7F707FF6068406928B105B905464B
:10E4B0002946304600F072F90FB9606807693046A6
:10E4C000394600F06BF96068F6F723FC01463046E8
:10E4D00000F064F96068F6F714FC0146304600F07D
:10E4E0005DF960680168097C890704D40FB0BDE854
:10E4F000F040ECF7C3BD0FB0F0BD00007005002088
:10E5000070B5234D002028606868B0F85041002C99
:10E510003DD0002603E0011991F8301179B1641E55
:10E52000F9D50168C9688A6922F001028A61006828
:10E53000C068816921F002018161002422E0264641
:10E54000EFE7011991F83011D9B9B44205D101684A
:10E55000C9688A6942F001028A610168C9688A69EA
:10E5600022F002028A6100EBC4003030FFF778FE2F
:10E57000686800EBC4003030F5F799F82968084462
:10E580002860641C6868B0F85011A142D9DC70BDE5
:10E59000700500202DE9FC410D46002480462246EE
:10E5A0001431E7F76FFE58B301212846FEF785F8CE
:10E5B00030BB00208DF800006A4612212846CDF8B5
:10E5C0000480F9F7D7F99DF80000022805D0284605
:10E5D000FCF75FFF074600260CE00020BDE8FC8149
:10E5E000A868006850F826104046FFF7D3FF0400E3
:10E5F00006D1761CBE42F3D39DF8000000B92C462C
:10E600002046EBE72DE9FC410025DFF8B4804FE020
:10E61000294491F83011E9BB002441E0011991F837
:10E620003011C1BBA5423AD000EBC40100EBC500DC
:10E6300030303031E7F77AFE68B37068B04600EBEF
:10E64000C40200EBC501684630313032E7F76DFF98
:10E650006846F5F72CF80646D8F8040000EBC5002C
:10E660003030F5F724F80746D8F8040000EBC40072
:10E670003030F5F71CF83844864210D2D8F8040040
:10E68000464600EBC50069463030F4F7B6FF01207E
:10E69000716801E00BE002E0214481F83001641C64
:10E6A000D8F804004646B0F85011A142B6D86D1C07
:10E6B000D8F80410B1F85021AA42A9D8BDE8FC81CD
:10E6C000700500202DE9F0438846044687B00121FB
:10E6D0004046FDF7F2FF00285DD102A94046A6683A
:10E6E000FCF75DFF4046E8F7A2FE0146024602A89D
:10E6F000F5F709F802AA314604A8E7F79BFD0028C0
:10E7000049D00DF11009224614214046C4F8089062
:10E71000F9F730F9224615214046F9F72BF9224640
:10E7200016214046F9F726F94FF400214046FDF73F
:10E73000C4FF20B1306800907068019006E008F1D5
:10E74000140231466846E7F775FD90B1C4F808D069
:10E750004046FCF79EFE0746002508E0D8F8080072
:10E76000006850F825102046FFF7ACFF6D1CBD4235
:10E77000F4D3224617214046C4F80890F9F7FAF876
:10E78000224618214046F9F7F5F82246192140465D
:10E79000F9F7F0F8A66007B0BDE8F0832DE9F0477F
:10E7A0000C00814605D11B484068F6F7C5FA040005
:10E7B0002AD021464846FFF785FF1FE00027FCF7D7
:10E7C00068FE0646002508E0A068006850F825109D
:10E7D000E7B14846FFF776FF6D1CB542F4D34A46D1
:10E7E00017212046F9F7C6F84A4618212046F9F7BE
:10E7F000C1F84A4619212046F9F7BCF8A046404620
:10E80000FCF746FF0400D9D1BDE8F0874145E3D1CC
:10E810000127E1E77005002010B591F82A000C46A9
:10E8200020F0010081F82A0000208884C88408852F
:10E8300010212046FCF7F2F94FF400712046FCF756
:10E84000EDF921460548FCF741F9FCF7ADF9204602
:10E85000BDE81040002202A100F026B980CA0508D8
:10E860004F7074696F6E20310A4F7074696F6E203B
:10E87000320A4F7074696F6E20330A4F7074696F7B
:10E880006E20340A4F7074696F6E203500000000EE
:10E8900010B501460348FCF719F90446FCF784F962
:10E8A000204610BD64CA0508F8B50E465648FCF768
:10E8B000C8FD01282ED13046F9F719F80546304633
:10E8C000F9F753F804462C2D1CD02A2D23D0292DDE
:10E8D0002DD0012D2DD0022D37D0082D50D0032D55
:10E8E0004ED00E2D50D00F2D5DD00D2D66D0132D96
:10E8F0007CD0152D01D0182D0CD13046BDE8F84044
:10E90000EEF7C1BA3046F9F72EF805462046F2F781
:10E910003DFB2880F8BDF2F76FF818B100222A21DC
:10E92000F9F728F82046FEF7F3FD002141E0002129
:10E9300040E0A06A20F400312046A162F2F75CF8C2
:10E94000BDE8F8403149F4F709B9FAF7E5F9694645
:10E95000FAF72CFABDF802000028DBD02046F2F7C7
:10E960004BF80546FDF782FEBDF80210084401B2DF
:10E970002846FFF7A1FBA06A40F40030A062F8BD72
:10E98000BDE8F84004F0A6BCFCF73CFEF9F714FC27
:10E990000546FAF7C1F9FAF704FA042800D115B1CF
:10E9A000E08C2085F8BDE18C208D8142FAD0E08496
:10E9B00001212046BDE8F84004F086BB3046F8F758
:10E9C000D2FF0078132812D0122810D0142801D0BA
:10E9D0001128E7D1E08C0028E4D0258D401E81B2BB
:10E9E0000122204600F0CBF82585F8BD06E0E08C3A
:10E9F000A18C401C8842F8D2258DF0E7F1F7FCFF8E
:10EA0000BDE8F840FEF758BD64CA0508ED390308B3
:10EA1000014690F82A20C08CD20707D0898C0722A3
:10EA2000B1FBF2F1B0FBF1F201FB12007047000004
:10EA300070B50E460846F8F75AFF0446152805D06B
:10EA400031461848FCF7FDFC012823D13046F8F781
:10EA50008CFF0546132C08D0292C1CD0152C19D15D
:10EA60003046BDE87040EDF7C1B83046F8F77BFF9F
:10EA700004462846FCF70CFEF2F788FA06462846BC
:10EA8000FDF7EEFD0246B4F90000B11A884200DC41
:10EA90000846208070BDFCF7FBFDBDE870400021FA
:10EAA00004F012BB80CA05082DE9F84F15465FEA4D
:10EAB000010904460DD02046F1F79EFF4FF0000BF0
:10EAC0000090A4F826B0A4F828B0A4F824B05846C2
:10EAD00006E0FEE70A2902D1A18C491CA184401C52
:10EAE00019F800100029F5D1A08C401CA08494F8DE
:10EAF0002A00DDB340F0010184F82A104846E1F70E
:10EB00001EFC471CC7EBC7008246FBF7F9F9064617
:10EB10000025A0F1010800BF07FB05604946E1F7A9
:10EB200030FC6D1C07FB05F10A20EDB201F808006E
:10EB3000072DF1D30AEB060101F801BC314600981C
:10EB4000FBF704F93046FBF727FAA08C00EB4001F5
:10EB5000E184C0EBC000A0842046F3F7FDF9E08C0F
:10EB600020850098BDE8F84FFEF7A6BC20F0010014
:10EB700084F82A0049460098FBF7E8F8EFE730B43C
:10EB800090F82A30DB070BD0C38C0724B3FBF4F3D7
:10EB900013B1A3EBC3042144C3EBC303194489B2EB
:10EBA000838C8B4200D8591EC184018530BC11462C
:10EBB00004F08ABA10B5F6F75BF8BDE81040F6F736
:10EBC000BBB800002DE9F04FA1B0994615468A4622
:10EBD0000646DDF8A8B0FCF7E9FC0446FFF7EAFFBB
:10EBE0000746A06940F26248C8B1B84217D0F6F7AC
:10EBF000CFF80021A069F3F7B1FF00221146A06908
:10EC0000FFF708F800224146A069FEF7F7FC94F8E8
:10EC10002800C00702D03846FCF79EF8A769A66115
:10EC2000606938B194F82810C90703D0FCF794F84C
:10EC30000020606184F828B000213046F3F78EFF91
:10EC4000FFF7B8FF0021F3F789FF00221146304695
:10EC5000FEF7E0FFFFF7AEFF00221146FEF7DAFFF6
:10EC6000002241463046FEF7C9FCFFF7A3FF002211
:10EC70004146FEF7C3FC6846F3F7B4FF49480096E7
:10EC80000290C9F100064848CDE90A56039010A841
:10EC9000F3F7A8FF20691090CDE91A56BAF10A0FD0
:10ECA0004AD2DFE80AF0050913191F26365768799A
:10ECB0003E480190002004E03C4801902046F5F7D2
:10ECC000EFFF00210790CDE9080135E037480190BA
:10ECD0002046F5F7E5FF0AE0354801902046F6F7B3
:10ECE00041F8EEE7324801902046F6F73BF8404203
:10ECF000E7E72E4801902046F5F7D2FF0021079064
:10ED0000CDE90801294811900D462046F5F7C8FFC6
:10ED10002FE0264801902046F5F7C2FF404200212F
:10ED20000790CDE90801214811900D462046F5F7DE
:10ED3000B7FFCDE918501795002225213846F8F77E
:10ED400019FE6846F3F7C2FF10A8F3F7BFFF21B022
:10ED5000BDE8F08F164801902046F6F703F8002131
:10ED60000790CDE90801124811900D462046F5F7AD
:10ED7000F9FF4042DDE70E4801902046F5F7F2FF2B
:10ED8000404200210790CDE90801094811900D4645
:10ED90002046F5F7E7FFCCE7064801900020FF2169
:10EDA00090E7000013350308CD340308E139030868
:10EDB000E73903086517030870B50020086791F864
:10EDC00074000C4620F0030081F874004FF4407189
:10EDD0002046FBF723FF10212046FBF71FFF0020F2
:10EDE000F5F74CFF502505EBC000B0F5A07F08DB20
:10EDF0000020F5F743FF05EBC000A02190FBF1F0E8
:10EE000000E0012001B22046BDE87040FEF728BEB8
:10EE100010B501460348FBF759FE0446FBF7C4FE54
:10EE2000204610BD9CCA05082DE9F34F83B0FE486B
:10EE30000499FCF706FB012852D10498F8F757FD16
:10EE400005460498F8F791FD044600F047FA064697
:10EE5000112D17D0012D46D0022D78D0082D77D056
:10EE6000032DFCD00E2D74D0292D73D0132D72D00C
:10EE70000D2D71D0152D33D1049805B0BDE8F04F9C
:10EE8000ECF7F0BD0498F8F76EFD0546A06810B1E8
:10EE9000B0F9147000E0002704F168016846F4F747
:10EEA000D9FB3A4611466846F4F72DFC0022684625
:10EEB0002968E7F7A7FA2871002811D1022E0FD18F
:10EEC00004F160016846F4F7C5FB3A46114668460E
:10EED000F4F719FC002268462968E7F793FA2871CD
:10EEE00005B0BDE8F08F2046FDF7B5FE94F874003C
:10EEF00040F0010184F874109EB1012E11D0022E51
:10EF0000EED1F9F709FF6946F9F720FF2046FDF732
:10EF1000A7FB05462046FCF77AFB854204DB01256A
:10EF200003E004F124003BE0002500212046FDF72A
:10EF300073F8A5B30128BDF900000ED0B4F96C1028
:10EF40008842EEDCB4F96010884241DB0DE062E0FB
:10EF5000D6E008E115E11AE189E1B4F968108842C8
:10EF6000DFDBB4F96410884232DCB4F96410B4F920
:10EF70006000091A01EBD17100EB6102BDF90000DC
:10EF8000111A002900DC811A0BB2B4F96C20B4F913
:10EF90006810521A02EBD27201EB62022EE00DE011
:10EFA00020679DE708B298422DDA04F1240044F866
:10EFB000700F207920F00200207191E7BDF9020066
:10EFC000B4F96A209042ACDBB4F96610884202DDE5
:10EFD00004F13000E4E7B4F96230C91A01EBD171F1
:10EFE00003EB6103191A002900DCC11A0BB2B4F952
:10EFF0006E10891A01EBD17102EB6102111A00291E
:10F00000D0DC811ACEE704F1300044F8700F20798B
:10F0100040F00200D0E7206F0028C2D0F9F77CFE54
:10F020000546F9F7BEFE0128BBD169462846F9F727
:10F030008DFE00212046FCF7EFFF82462046FDF7BB
:10F040000FFB06462046FCF7E2FA05460021204663
:10F05000FDF725F9804600212046FDF766F90746B1
:10F0600000212046FDF7BCF9814600212046FDF72E
:10F07000C2F80246D4E90A010B1AAE421FDBA6EB26
:10F080000802D21B15B2BAF1010F11D0B4F91470F5
:10F09000BDF9006007EB0802B21A5A4392FBF5F281
:10F0A000236F04F130050244AB4214D1616A13E0CE
:10F0B000B4F91820BDF90060D21B921BEDE7AE1A1F
:10F0C000A6EB0905B4F91A70BDF902603A44B21A08
:10F0D0002DB25242E1E7206B824201DA024602E0A1
:10F0E0008A4200DD0A461868904296D020461A608F
:10F0F000FDF7B1FD00221C212046F8F73BFCEFE6AE
:10F1000094F8740020F0010184F874100021204666
:10F110002167FDF7A0FD2046FCF774FA0546F9F7D4
:10F120004BF80646F9F7F8FDF9F73BFE0428E6D15F
:10F13000002EE4D0204600F0D1F802280CD194F83B
:10F140007400810704D440F0020084F87400C7E61C
:10F1500020F0020084F8740005B02846BDE8F04FA6
:10F160000021F9F7A4B8F9F7D7FDF9F71AFE04283A
:10F1700001D00228C3D114F8740F20F002002070CF
:10F18000AEE605B02046BDE8F04FFEF795B94FF466
:10F19000403739462046FDF782F8814639462046F9
:10F1A000FDF7C3F8804639462046FDF719F90646B3
:10F1B00039462046FDF71FF80546204643F60E0265
:10F1C0003946FDF729F900B2009039462046FDF78F
:10F1D00016FA824639462046FDF703FA8346204652
:10F1E000FDF73EFA00EB4A072046FCF710FA00EB69
:10F1F0004B008742204604DAFDF732FA00EB4A0062
:10F2000003E0FCF704FA00EB4B000099401010FB00
:10F2100001F040F30F2049464246C14500DC11464B
:10F22000B54203DD2A4602E09CCA050832469142F7
:10F2300007DD49464246C14501DD0D4604E015465D
:10F2400002E0B54200DC354605444FF4403120462B
:10F25000AD1CFBF7B3FB284404B20498F8F783FB1A
:10F26000B0F90010A14200DD0C46048038E6049895
:10F27000F8F779FB0078132812D0112810D0142841
:10F2800001D01228F2D194F874008007204616D4D9
:10F29000F4F784FB411E01222046F4F7B2FB15E08F
:10F2A00094F874008007204604D4F4F777FB012219
:10F2B000411CF1E7F4F763FB0122411C03E0F4F782
:10F2C0005EFB411E01222046F4F776FB05B0204686
:10F2D000BDE8F04F00221C21F8F74CBB10B5F4F745
:10F2E00049FB012802D0022800D0002010BD0000F8
:10F2F0000FB40A4608B505A9009101460348049BCE
:10F30000E9F752F801B05DF814FB00008D7C0108AC
:10F3100030B50C4691B002212046FBF77FFC6846D1
:10F32000F3F760FC1548CDE900404FF6FF70ADF8EB
:10F330003C00134801680A914268079202F5B470D4
:10F34000CDE908206846F3F7C1FC0E48069000207E
:10F350004FF4B475CDE9080507900B480190684655
:10F36000F3F7B4FC2A4600212046F4F71CF84FF4CA
:10F3700087712046F4F7DFF811B030BD2D8B0108FE
:10F38000CC050020192C0208338B0108F0B58488C5
:10F390004FF0010623040BD5006804E08B4201D135
:10F3A000406815E008300388002BF7D10020F0BD3D
:10F3B000C379002BFAD0012B11D90468002004EB8B
:10F3C000830509E035F810708F4204D154F820000D
:10F3D00010603046F0BD401C8342F3D8E6E7C4F32A
:10F3E0000E038B42E2D1006810600120F0BD0821BD
:10F3F000FAF72EBFC07908B100207047012070478E
:10F400001CB50022FF214E2866D01EDC332865D0B3
:10F410000EDC292860D006DC20284BD022284DD0D5
:10F42000252841D158E0302848D031283CD153E03C
:10F43000462851D004DC3B2840D0442834D13DE05C
:10F4400047283BD04D282FD138E040F63C04A0F6A9
:10F450003C03A04240D010DC40F25744A0F2574396
:10F46000A0422BD004DC522828D053281CD133E0F2
:10F47000012B31D00B2B17D12EE040F2CA74A3F22E
:10F48000CA70A3422FD006DC092B25D0A3F5E06378
:10F49000C73B09D127E0A0F58060533821D0A0F206
:10F4A000B530B0F5005F02D0009200981CBD4FF45B
:10F4B000807014E0FF221146104602E0002211463F
:10F4C0001046F5F71EFA0190BDF804000190BDF852
:10F4D0000400ADF80000E8E70091E6E70F20009097
:10F4E000E3E70248FBE741F6FF70F8E7182A050852
:10F4F00002490888401C80B20880704760060020DE
:10F500002DE9F041828804460F46100459D4E07971
:10F51000002851D0012804D02668002106EB800580
:10F520004DE0C2F30E0088424BD1D00BC003A08047
:10F530000020E0713FE000BF35F81130BB423DD103
:10F54000022811D0401E00EB40004000FAF7ACFC4E
:10F55000010036D02160E079401EC0B2E07101EBBD
:10F560008003002002461FE00120E071002907D03F
:10F57000B5F8000060F30E02A28003D1706802E0CB
:10F580006888F7E73068206012E000BF35F810C0E7
:10F59000BC4508D056F820E041F822E035F810C00C
:10F5A00023F812C0521C401C94F807C08445EDD2C9
:10F5B0003046FAF703FD0120BDE8F081491C88427E
:10F5C000BAD80020F8E710B50446808800040BD4B0
:10F5D000E079012802D92068FAF7F0FC2046BDE85E
:10F5E00010400821FAF734BE10BD0A46652100F02C
:10F5F000C3B803B482B0BDF80C10ADF80010009A87
:10F60000522104B000F0B8B80A46512100F0B4B855
:10F610000A464FF4056100F0AFB803B482B0BDF8FC
:10F620000C10ADF80010009A202104B000F0A4B82E
:10F630000A46212100F0A0B803B482B0BDF80C1036
:10F64000ADF80010009A302104B000F095B80A46D9
:10F65000342100F091B80A46332100F08DB80A46F3
:10F6600041F2320100F088B80A46612100F084B806
:10F670000A46632100F080B80A46642100F07CB895
:10F680000A4641F2040100F077B803B482B0BDF835
:10F690000C10ADF80010009A4D2104B000F06CB8C9
:10F6A0000A4640F6490100F067B80A4641F20601F1
:10F6B00000F062B803B482B0BDF80C10ADF80010D1
:10F6C000009A3B2104B000F057B80A4640F63C01CE
:10F6D00000F052B80A4640F63D0100F04DB80A4627
:10F6E00040F63A0100F048B870B50C46054600F007
:10F6F0002EF82146284600F02FF82146284600F033
:10F7000035F821462846BDE87040AFF300800A4630
:10F7100041F6110100F030B80A4641F6150100F03B
:10F720002BB870B50C46054600F01BF8214628465C
:10F73000BDE87040FFF7F0BF70B50C46054600F01D
:10F7400006F821462846BDE8704000F005B80A4694
:10F7500041F6120100F010B80A4641F6130100F01C
:10F760000BB80A4641F6140100F006B80A4641F605
:10F77000100100F001B800002DE9F0410446808836
:10F780000E46010410D4E17901271546012935D927
:10F790002268084602EB810308E000BF33F810C07E
:10F7A000B44503D142F82050BDE8F081401EF5D5A4
:10F7B000491C01EB410041001046FAF743FC0100EF
:10F7C000F2D02160E07901EB800205E002EB400C11
:10F7D00032F81030ACF80430401EF7D5E079401C08
:10F7E000C2B201EB820000EB4200E27120F8026C31
:10F7F000E07901EB800040F8045C20E01AD1C0F30E
:10F800000E00B04201D12260CEE70C20FAF74CFB8B
:10F810000028C9D022682060E179491CC9B2E17191
:10F82000A38800EB8101C3F30E030B804E80C0E977
:10F83000002504E0E77166F30E00A08022603046E8
:10F84000E7F7BBFFA17987403943A171ACE70A46CE
:10F850006021FFF791BF03B482B0BDF80C10ADF882
:10F860000010009A442104B0FFF786BF0A4640F614
:10F870004201FFF781BF0A4640F64501FFF77CBF12
:10F880000A464FF40461FFF777BF70B50C46054692
:10F8900000F02AF821462846BDE87040FFF7F0BE88
:10F8A0000A4641F25D41FFF767BF03B482B0BDF87D
:10F8B0000C10ADF80010009A40F2574104B0FFF769
:10F8C0005BBF0A4641F25B41FFF756BF0A4640F66E
:10F8D0000B01FFF751BF0A4640F60A01FFF74CBF84
:10F8E0000A466721FFF748BF0A4641F20101FFF7C8
:10F8F00043BF00002DE9F0470F46DDE908891E46A9
:10F90000154604461421FAF7A3FC276005B9044DF7
:10F91000C4F80490083484E86001BDE8F087000072
:10F920007F2C02084162FDF796B900684FF0FF3165
:10F930004162FDF790B910B54FF0FF300C464862B8
:10F9400010212046FBF76AF908212046FAF7A2FDAC
:10F950002046BDE810404FF48061FAF79BBD0000DF
:10F9600010B501460348FBF7B1F80446FBF71CF954
:10F97000204610BDB8CA050808460021F3F7EEB8C6
:10F980002DE9F04789463548FBF75BFD01285CD13E
:10F990004846F7F7ACFF04464846F7F7E6FF8046CF
:10F9A000132C08D01C2C52D0152C4ED14846BDE843
:10F9B000F047EDF72ABB4FF440352946FCF776FCBB
:10F9C000074629464046FCF7B7FC0646294640460E
:10F9D000FCF70DFD044629464046FCF713FCB742F0
:10F9E00001DD394600E03146A04201DD024600E07B
:10F9F0002246914205DDB74201DD384604E030463B
:10FA000002E0A04200DC2046841C29464046FAF76A
:10FA1000D5FF204405B24846F7F7A5FF0446B0F9E4
:10FA20000000A84200DD054625804FF40035294638
:10FA30004046FAF7C3FF0146B4F90000814203DBF8
:10FA400029464046FAF7BAFF2080BDE8F08700F06B
:10FA500007F84046BDE8F047FDF7FDB8B8CA05080D
:10FA6000F0B591B0064600216522FCF7D5FC0700F1
:10FA70002DD03046FCF7A0FA746A00F00100611C3A
:10FA80004FF4807501D038B905E008B1002403E0D7
:10FA90002C46002503E00025601B002801DD601BCB
:10FAA00000E0281B7843070A00213046F3F756F898
:10FAB0006846F3F797F8074808A9CDE900600648BB
:10FAC0000390079481E8B0006846F3F7FFF811B09F
:10FAD000F0BD000025F902082BF9020810B501203D
:10FAE0008884C8840C460220FAF7DEF92063E08C93
:10FAF0004000FAF7D9F9E062216B82200880E16AC0
:10FB00000880E08CA18C48438100A06AFAF79AFA39
:10FB10000021A062016010BD70B500250C462E4684
:10FB20000AE000BF50F8250020B1FAF747FAA06AB2
:10FB300040F825606D1CADB2A08CE18C4843A84212
:10FB4000A06AEFDC08B1FAF739FAE06A08B1FAF70F
:10FB500035FA206B002803D0BDE87040FAF72EBAC2
:10FB600070BD00002DE9FC410F466B48FBF769FCB6
:10FB7000012843D13846F7F7BAFE05463846F7F76D
:10FB8000F4FE04462A2D14D02C2D17D0012D37D089
:10FB9000022D35D04FF6FF76082D49D00E2D66D0B8
:10FBA0000D2D68D0152D29D13846BDE8FC41EDF763
:10FBB000DDBABDE8FC41002103F010BB3846F7F781
:10FBC000D2FE034600200146A28C05E0256B35F8E5
:10FBD0001150491C284400B28A42F7D800210A4635
:10FBE000E58C05E0E66A36F81260521C314409B231
:10FBF0009542F7D8401E1880491E5980BDE8FC8107
:10FC000001AA6946F0F7DBFF0128F7D1A18EBDF804
:10FC10000400814204D1E18EBDF800209142EDD074
:10FC2000A086BDF800102046E186FDF714F8E5E750
:10FC3000FDF711F8F9F770F8F9F7A7F8A18EB142BE
:10FC40000AD0E18EB14207D030B900221C212046F3
:10FC5000F7F790FE0128D1D1F9F75EF8F9F7A1F88E
:10FC6000012801D00328C9D1A686E686C6E7BDE8EB
:10FC7000FC41FCF7F0BF3846F7F775FEA18E05682A
:10FC8000E08E0F468446B14201D0B04204D100203C
:10FC9000A086E0862046EAE7A38C8B4200DC0021A8
:10FCA000E28C824200DC0020142D0ED0132D0ED0E9
:10FCB000112D0ED0122DA1D1401C8B420DDC511EF6
:10FCC000814208DD0021401C0EE0491EF5E7491C79
:10FCD000F3E7401EF1E7591E06E0002904DA10B1EF
:10FCE000591E401E00E00021824201DC501E02E04D
:10FCF000002800DA00208F4201D1844597D0A186E8
:10FD0000E0862046FCF7A7FF02B02046BDE8F041A0
:10FD100000221C21F7F72EBE08CD050873B592B05E
:10FD2000044613981090002010AD119029462046EB
:10FD3000F2F7FAF9012862D194F85C00000704D5C3
:10FD400013980A285BD00D2859D0304A002113A8F7
:10FD50001268904701462046E9F7B0FB00284ED0D4
:10FD600094F85C00400702D5204602F0BDFFA06A6F
:10FD700038B1606AF9F718FC007810B92046FCF732
:10FD80006AFF2A46216C606AF9F714FC204600F0ED
:10FD9000D3F894F85C00400727D5E06AE0F7CFFA83
:10FDA00006462846E0F7CBFA3118491CE06AFAF714
:10FDB00049F9E06228B32A46216CE7F7CBFD208F92
:10FDC00000B36846F2F70EFF11480121CDE900406B
:10FDD000208F0A9000200790CDE908010D48069079
:10FDE0000D4803906846F2F771FF216C2046491CCC
:10FDF00000F062FA00221C212046F7F7BBFD14B088
:10FE000070BDFEE7204602F06FFFEEE77C060020A3
:10FE10007D2D0308A32C02087F2D0308F0B591B0B7
:10FE20000D00044609D094F85C00400702D5204636
:10FE300002F05AFF206B18B900E0FEE7606BA0B13A
:10FE40000020374E374F009009E032686946284657
:10FE500090473968884701462046FFF75FFF0098C2
:10FE6000285C0028F1D111B0F0BD29462046F2F7F8
:10FE70005BF90128F7D1A06A38B1606AF9F794FB01
:10FE8000007810B92046FCF7E6FE2A46216C606A2D
:10FE9000F9F790FB204600F04FF894F85C0040071B
:10FEA00027D5E06AE0F74BFA06462846E0F747FA1E
:10FEB0003118491CE06AFAF7C5F8E06250B32A46E7
:10FEC000216CE7F747FD208F28B36846F2F78AFEDA
:10FED00015480121CDE90040208F0A9000200790AD
:10FEE000CDE9080111480690114803906846F2F7E1
:10FEF000EDFE10492846266C0968884731182046CF
:10FF000000F0DAF911B02046BDE8F04000221C21D3
:10FF1000F7F730BDFEE7204602F0E6FEE9E7000015
:10FF20007C060020840600207D2D0308A32C0208F7
:10FF30007F2D03089006002070B50446406AF9F74B
:10FF400037FB4FF6FF75A84204D1606AF9F72EFB24
:10FF5000A84209D02946606AF9F75AFF2946606A23
:10FF6000BDE87040F9F751BF70BD000010B591F8C1
:10FF70005C000C4620F0040081F85C000020C862A0
:10FF800040F2DC5121872063606394F8501041F007
:10FF9000010184F850100121216494F8501041F0BF
:10FFA000020184F85010A08794F85C1021F00A0137
:10FFB00084F85C106062A0622046F9F75DF8606228
:10FFC0006420FEF7F1F80146606AFEF747F80CA1DD
:10FFD000606AF9F7BBFE00231A460A49606AFAF71D
:10FFE0001BFA4FF480612046FAF754FA00212046AC
:10FFF00000F062F92046BDE8104003F0A7BE000003
:020000040803EF
:10000000000000009126020838B50446016C406AE1
:100010006A46F9F7E3F900212046FCF7D4FA0546D1
:1000200000212046FCF7A1FA0089BDF802106D1CE2
:1000300008442844ADF80200A08FADF80000606AC3
:10004000FBF7E5FABDF90210884209DD6946606AEE
:10005000F9F7C4F801462046A58F00F02DF9A587D1
:1000600038BD016C002902D0491E00F025B9704747
:10007000016C491C00F020B938B50446016C406A97
:100080006A46F9F7ABF900212046FCF79CFA0546D1
:1000900000212046FCF769FA0189BDF802002944D5
:1000A000401A401CADF80200A08FADF80000694670
:1000B000606AF9F793F80146A58F204600F0FCF836
:1000C000A58738BD38B50446006C00283FD021A074
:1000D0006946006800902046F2F726F8012836D1DC
:1000E000606AF9F761FA216C05460122491EE7F7BB
:1000F00079FB2946606AF9F729FE2046FFF71CFFC5
:10010000A06A38B1606AF9F74FFA007810B9204652
:10011000FCF7A1FD94F85C0040070ED5216C01228C
:10012000491EE06AE7F75EFBE06AE0F708F9411C68
:10013000E06AF9F787FFE06250B1216C2046491E62
:1001400000F0BAF800221C212046F7F713FC38BD56
:10015000FEE700007F00000070B5056C0446691CD6
:1001600000F0AAF8206CA84204D02046BDE87040F8
:10017000FFF7A8BF70BD70B5C86A0C46002510B166
:10018000F9F71CFFE562A06A002802D0F9F716FF14
:10019000A56270BD70B50E463F48FBF752F90128C5
:1001A00078D13046F7F7A3FB04463046F7F7DDFB7E
:1001B00005460E2C12D00D2C14D0012C60D0022C30
:1001C0005ED0032C5CD0082C5AD0152C5DD0182C96
:1001D00060D13046BDE87040EBF73CB9BDE87040F7
:1001E00003F0B4BD3046F7F7BEFB0168132910D009
:1001F000142913D0112916D0122919D008291CD07E
:100200007F291FD0022922D0032922D00A2927D0F2
:1002100031E02846BDE87040FFF72ABF2846BDE818
:100220007040FFF71EBF2846BDE87040FFF724BFAF
:100230002846BDE87040FFF7E7BE2846BDE870409D
:10024000FFF740BF2846BDE87040FFF785BF00219B
:1002500001E047F6FF712846BDE8704000F02CB879
:10026000284600F01BF830B12846BDE87040002257
:100270001F21F7F77FBB2846BDE87040FFF74EBD52
:100280003046BDE8704009F0C9BA3046BDE870405C
:10029000EDF774BB70BD000064CE050890F85C00FB
:1002A000C0F3C000704790F85C10490702D4406A60
:1002B000F9F77AB9C06A7047F8B50546006C0C4684
:1002C000A04266D0686AF9F76FF932490968884731
:1002D000002C00DA0444844203DCA4F5FE41FF391B
:1002E00000D1044628462C64FDF702FF0021284671
:1002F000FCF73BF906466A462146686AF9F76EF84C
:10030000B6F908402846FBF7F5FABDF90210884215
:1003100003DD01222846FDF769FB2846FBF70BF9B0
:1003200006462846FBF7E6FABDF902100A19101A2C
:10033000B04206DD881B204401B201222846FDF7A9
:1003400055FB2846FBF70AFABDF90010884203DD89
:1003500001222846FDF734FB2846FBF706F906463E
:100360002846FBF7FBF9BDF900100A19101AB04234
:1003700006DD881B204401B201222846FDF720FB40
:10038000BDF800102846A98703F0E0FC284602F0DB
:1003900091FDF8BD9006002070B5044600F081F88C
:1003A00005000AD02046054A0021FDF747F92146FD
:1003B0002846BDE87040E8F7A9BB70BDFFFF0F00FD
:1003C00000B500F059F8002800D0014800BD000039
:1003D000645800202DE9FF47994607460C9E00F01F
:1003E0004BF8214D40B9002028704FF4B070F9F758
:1003F0005BFD1E490860E860F4F73AFCF4F750FC36
:100400004FF00108B0F5A07F01DC032007E0F4F70E
:100410002FFCF4F745FCB0F5347F02DA0220687057
:1004200001E085F80180124CA4F12800E760BDF8D6
:1004300004100187BDF80810418766610D48A66168
:100440002060C4E9076903F0B1FC27B13846F4F72E
:1004500083FCA04202D10020FDF76EF985F80080F0
:1004600004B00348BDE8F087D40500204C06002006
:1004700064580020694A030802480068002800D038
:10048000012070474C06002008B500F00AF808B1BA
:10049000006902E01120FDF777FE0090BDF8000032
:1004A00008BD10B510B1FBF781F801E0F4F7E0FBEF
:1004B000BDE81040F4F750BC10B5044601F063F9F4
:1004C000001B10BD01F05FB92DE9F041074615464C
:1004D0000E460B48E6F724FF040010D0A7604FF04B
:1004E000FF302660206100206061FFF7EBFFE560D0
:1004F00004496060012008712046BDE8F081FEE7F4
:10050000885800206406002010B5044601460548BE
:10051000E6F74BFF04490120C8702046BDE81040B3
:10052000F9F74CBD88580020640600202DE9F047FB
:10053000494CA07810B10120BDE8F0870120A070DF
:100540002078002628B1FFF7BDFF5FEA000902D03E
:1005500007E0A670EFE72069401C2061642800D9FD
:1005600026613E4D4FEA060884F8038084F8048033
:100570003B48E6F7B0FE286037E03948E6F7BDFEB5
:100580002E680746307DC0072ED18246304600F0E7
:1005900078F888B93069B0F1000A01DD401E306199
:1005A000FFF790FF7060B16821B1BAF1000F01D080
:1005B000304688474FF0010AE07820B9306910B919
:1005C0003046FFF7A1FFBAF1000F0DD02079E17896
:1005D000084309D028680028C6D100BF4FF0FF3576
:1005E0001F48E6F778FE11E02F6029680029C4D182
:1005F000F4E7307DC00705D1304600F042F8A8424C
:1006000000D2054631461648E6F777FE0600F0D1DF
:100610004846FFF751FFE1680844E060A068FFF733
:100620004BFFB0F5FA7F13D3E16864225143B1FB6D
:10063000F0F0C0B26070642801D9002001E0C0F180
:10064000640060702646C4F80C80FFF73BFFB06082
:1006500084F8028028466FE76406002048060020E0
:100660008858002001214161704710B50446FFF70A
:1006700029FF2168401A401E606010BD00214161C1
:10068000704710B504464068FFF716FF21688142A5
:1006900001D8002010BD081A10BD70B50346083AF5
:1006A0000C4602F00300111AA00705D1A1F10C00BD
:1006B0004FF6F572904201D3002070BD2078251FBF
:1006C00000F00300084320F0020040F00101216027
:1006D00029461846E8F74BFA2846E8F77DFA0179EB
:1006E00002214160204670BD70B5810701D0002015
:1006F00070BD00238060C0E90303194600EB81024E
:1007000000EBC1145361002204EB8206521CF0631B
:10071000202AF9DB491C0A29F0DB70BD70B50C46B4
:100720000546FFF7E1FF0646A4F23C5205F23C51B4
:10073000FFF7B3FF304670BD70B5002926D00839E9
:10074000064608790C46C00700D0FEE70846E8F7E1
:1007500099FA2179304689070CD52568A5B1297900
:10076000C90712D02946E8F7F5FA21462846E8F7E6
:10077000E3F9044621463046E8F79EFA0146304642
:10078000BDE87040E8F7F3B9FEE7FEE770BD00F2A0
:100790003C50704770B50A46054604211046E8F7FC
:1007A0002DF8044601462846E8F71CFA0146224681
:1007B0002846BDE87040E8F7A5BA2DE9F05F9046FD
:1007C0000C0081464FF000051FD0B8F1000F18D083
:1007D000A4F108052846E8F78AFA824668680421E9
:1007E00020F00307DAF8040020F00300384400F199
:1007F000040B4046E8F702F806462879C00709D0FE
:10080000FEE74846FFF798FF41E01146FFF7C2FFB9
:1008100005463CE0BE4216D99AF80400C00701D054
:100820005E4510D941464846FFF7B4FF05002ED07B
:100830004046474500D307463A4621462846F9F741
:1008400029FC2146DDE7BE4206D929464846E8F79D
:1008500033FA2846E8F723FA28794F46C00700D034
:10086000FEE731462846E8F778F978B13146284660
:10087000E8F781FA0146406820F0020048603846F7
:10088000E8F71AFA01463846E8F771F9254628468E
:10089000BDE8F09F70B5164601B90D49001F0D4621
:1008A0000DE000BF10F0010F0FD0002220F0030177
:1008B00004F108003346A8472046E8F718FA040078
:1008C00002D060688108EDD170BD0122EEE7000022
:1008D000DB9F01085A3000B2AFF300804FF4B471CF
:1008E00090FBF1F201FB1200002802DA00F5B4706F
:1008F00000B20E495A2802DA31F910007047A0F10F
:100900005A025A2A03D2C0F1B40000B2F4E7A0F1AF
:10091000B4025A2A01D210B202E0C0F5B47000B29B
:1009200031F81000404200B27047000050CC05087A
:100930002DE9FF4F83B05FEA0009119F7BD099F842
:100940000000002877D00498002871D01098800704
:1009500002D541F6FF70069000243F4A00940194AE
:100960005268A346254626464FF0FF38694648465A
:10097000904782460098019050E0374A01A94846C6
:100980005268904783461098761CC00704D05146A1
:100990001298E7F709F898BB5A4651460498F7F7BA
:1009A000C4F800B229180DB2002802DD05982844C9
:1009B00005B2B8F1FF3F05D10598291A0698814282
:1009C00000DDA0465046BAF10A0F1AD0BAF10D0F59
:1009D00017D00146A0F59C4045F2A512904210D9CF
:1009E000002005E01DA2125C8A420AD0401CC0B261
:1009F0001AA2125C002AF5D117B1B8F1FF3F08D056
:100A000008E024B9B8F1FF3F01D107B13D60761E7F
:100A100008E03D60DDE90040DA46009019F8040086
:100A20000028AAD1B8F1FF3F06D0139870B1404614
:100A300007B0BDE8F08F0CE02EB1BAF10D0F03D175
:100A4000BBF10A0F00D1009C2046F1E70FB1002056
:100A500038600020ECE7000078060020202C2E3BB8
:100A60003A2D5F002DE9FF4F83B004464FF00000A0
:100A7000DDF848A0DDF84090208093460F006080AC
:100A800049D0BBF1000F46D05FEA8A7002D541F62B
:100A9000FF7011900025A846BBF8086025E00020F3
:100AA000CDE9000A781902905946119B069AE6F79B
:100AB000D1FE8044B4F9020006EB09010144B1F50E
:100AC000004F28D2304448446080A8EB0501CDF89F
:100AD00000A05A46069B029800F022F8B4F90010D4
:100AE000814200DB084620804546785D0028D6D14B
:100AF0005DB1781910F8010C0A2801D00D2804D135
:100B0000618806EB090008446080B4F9020028B14E
:100B1000A0EB0900608007B0BDE8F08F6680FAE7BF
:100B20002DE9FF471E46DDF8309090460D46070040
:100B30000CD0B8F1000F09D03878002807D0002079
:100B4000044602908DF80C00EDB923E0002004B0BB
:100B5000BDE8F08702AB01AA69463846E6F762FEB7
:100B60005FEAC97004D003A80099E6F71DFF50B9E9
:100B7000DDE900124046F6F7D8FF00B2002802DD9A
:100B80002044304404B20298A842E3D3002C01DD93
:100B9000A01B04B22046DAE710B50146802825D311
:100BA000002301F03F0242F08002B1F5006F0AD24B
:100BB000C0F3841141F0C00161F3070062F30F201C
:100BC00063F3174010E0C1F3851444F08004B1F5DD
:100BD000803F0CD2C0F3033141F0E00161F3070024
:100BE00064F30F2062F3174063F31F6010BDB1F58B
:100BF000881FFBD2C1F3824343F0F003C1F30531F8
:100C000063F3070041F0800161F30F2064F31740A4
:100C100062F31F6010BD00002DE9F04100240F4673
:100C200006462546DFF8248007E0D8F80010301982
:100C3000884700B9012004446D1CBD4202D2305DDA
:100C40000028F2D12046BDE8F0810000780600209F
:100C5000F8B5074600200D460446064E009004E015
:100C60007268694638469047641C0098A842F7D3DA
:100C70002046F8BD78060020F8B500240546074E4A
:100C8000009404E07268694628469047641C009806
:100C9000285C0028F6D12046F8BD00007806002028
:100CA00078B500250446009501B969460A68A05C3C
:100CB000030601D4054634E006260223B6EB501F96
:100CC00006D1C006400D24E004F03F031D1828E0C3
:100CD0000E26B6EB101F02D10007000C0FE01E26F7
:100CE000B6EBD00F1DD1521C0A604007A55CC00AAC
:100CF000B3EB951F13D105F03F0500EB0530521CF7
:100D00000A60A55CB3EB951F09D105F03F0500EB28
:100D10008510521C0A60A45CB3EB941FD4D0002051
:100D200078BD521C28460A6078BD0000F8B5074619
:100D300008680025401E0C460D4E086001E0042D99
:100D400013D2206831683844884718B9216861B1E6
:100D5000491E21606D1CEDB20028F0D02068009083
:100D60007268694638469047F8BD0020F8BD00001B
:100D7000780600200078010601D401207047062182
:100D8000B1EB501F01D1022070470E21B1EB101FB3
:100D900001D1032070471E21B1EBD00F01D10420F7
:100DA000704700207047000008B5009313460A46BC
:100DB00001460248E7F7F8FA08BD00008D7C0108FB
:100DC0000F490E480860E0F76DFEE4F72BFB62B6B2
:100DD000E3F72CFEE3F702FEE3F7CEFDE3F744FE74
:100DE000E3F79EFEE3F7C0FEE3F7F6FE00F0D2FC69
:100DF000E3F71AFE00F0E0FCFEE700000000010847
:100E000008ED00E0704770B50D4606468022F3F706
:100E100068F9044680213046F2F7A3FE002C06D084
:100E200029463046BDE870408022F3F766B970BDB0
:100E30002DE9FF4F98468A880B8883B0D21A521C3E
:100E400016B2CA8849888146511A491C1498DDF89F
:100E500048B00FB201280AD002280AD003282FD1A7
:100E6000314D00BF5FEA0B0027D0002058E02F4D26
:100E7000F8E72F4DF6E7002415E000BF09EB440B1F
:100E8000119ABBF80000ADF8040008EB440000889C
:100E9000ADF80000DDE90001A8470090BDF80010A2
:100EA000ABF80010641CB442E8DB05990AF10100BC
:100EB00009EB4109109908EB41088246B842DADB98
:100EC00007B0BDE8F08F00241EE000BF1BF804004F
:100ED000C8B1FD2801D3119A02E011994843020AD2
:100EE00009EB440001900088ADF8080008EB4400CD
:100EF00002990088ADF800000098A847009001987A
:100F0000BDF800100180641CB442DFDB05990AF1D2
:100F1000010009EB4109109908EB410813998B4432
:100F20008246B842CFDBCBE7339C0108BF9B010868
:100F3000999C01082DE9FF4F06468A8808888BB0E6
:100F4000101A401C07B2CA884888DDE919BA101A7D
:100F5000401C0FFA80F85FEA0A001D46584605D08B
:100F6000FD287CD9A7F1040B002027E1FD2813D32D
:100F700000247F000BE03A4629463046F9F78AF80C
:100F80000D98641C06EB4006189805EB4005444597
:100F9000F1DB0FB0BDE8F08F002021E0002415E068
:100FA00006EB440A5A46BAF80000ADF8180005EB03
:100FB00044000088ADF81400DDE90501F3F708FDF1
:100FC0000590BDF81410AAF80010641CBC42E7DBC1
:100FD0000D9806EB4006189805EB400509F1010055
:100FE00081464045DADBD4E7D14600241CE000BF4F
:100FF00099F80020AAB1FF2A06EB44001AD0099004
:101000000088ADF8200005EB44000088ADF81C0016
:10101000DDE90701F3F7DCFC0690BDF8181009982C
:10102000018009F10109641CBC427CDA5FEA897025
:10103000DED178E005EB44010988F1E7D9F800003A
:10104000F0B3401C74D099F80020BAB1FF2A06EB27
:1010500044007AD009900088ADF8200000E0B6E0A6
:1010600005EB44000088ADF81C00DDE90701F3F74B
:10107000AFFC0690BDF818100998018009F1010035
:10108000059099F80120AAB1FF2A06EB440060D030
:1010900009904088ADF8200005EB44004088ADF889
:1010A0001C00DDE90701F3F793FC0690BDF818106A
:1010B000099841800598401C05900278BAB100E07B
:1010C0002EE0FF2A06EB440047D009908088ADF857
:1010D000200005EB44008088ADF81C00DDE9070125
:1010E000F3F776FC0690BDF81810099881800598F2
:1010F0004278AAB1FF2A06EB440032D00590C0889E
:10110000ADF8200005EB4400C088ADF81C00DDE917
:101110000701F3F75DFC0690BDF818100598C18033
:1011200009F10409241D5C4588DB3BE000E00CE08C
:1011300005EB440006EB440102880A8042884A809D
:1011400082888A80C088C880EAE705EB4401098864
:1011500093E705EB44014988ABE705EB4401898837
:10116000C4E705EB4401C988D9E700BF99F800201E
:10117000AAB1FF2A06EB440025D009900088ADF8FB
:10118000200005EB44000088ADF81C00DDE90701F4
:10119000F3F71EFC0690BDF818100998018009F1BC
:1011A0000109641CBC42E1DB0D981B9906EB40066B
:1011B00018988A4405EB40050198401C0190404571
:1011C000FFF612AFE5E605EB44010988E6E70020EB
:1011D0002DE000241FE000BF1AF80400D0B1FD2864
:1011E00001D35A4602E000FB0BF0020A06EB440072
:1011F00003900088ADF8180005EB44000088ADF8B6
:101200001400DDE90501F3F7E3FB05900398BDF851
:1012100014100180641CBC42DEDB0D981B9906EBA8
:10122000400618988A4405EB400509F10100814603
:101230004045CEDBADE600002DE9FF4F85B09A4674
:101240000C46DDF850B0E6F7B1FA0390A08821888B
:10125000401A401C06B2E0886188401A401C0FFA10
:1012600080F8BBF1000F01D000204BE000271DE00B
:10127000002515E0139802900AEB4500079A0088B4
:10128000ADF804006088384400B2009020880599C9
:10129000284403B203980068D0F81CC0E0476D1CD6
:1012A000B542E7DB12997F1C0AEB410A4745DFDBB9
:1012B00009B0BDE8F08F00251BE000BF1BF805005A
:1012C000B0B113994843000A02900AEB4500079A0F
:1012D0000088ADF80400618801EB090000B20090BD
:1012E00020880599284403B203980068C769B84765
:1012F0006D1CB542E2DB159909F101008B4412998E
:101300000AEB410A81464045D5DBD1E770B5154669
:101310000E460446802805D2E117002004EB9171A7
:10132000891006E003F01AFF411FCC4084F0200131
:10133000801F3060296070BDFD2902D2022901D8CA
:101340000020704710FB01F000EBC01101EBC03032
:10135000C0F3C750704700B599B001466022684697
:10136000DEF7C9FF002003906021684600F00CFD05
:1013700019B000BD10B5044600680F49884219D164
:10138000A088022816D1E088602813D1207C072885
:1013900010D8607C01280DD8A07C01280AD8E07CF8
:1013A000012807D82046FFF7D6FFE168884201D11F
:1013B000012010BD002010BD4D41544F2DE9F041DA
:1013C000F6F7D3FA0746FAF763F90646FAF760F933
:1013D0000546F3F72DF8046800213046FAF747F880
:1013E000B84244F3074008D1012801D0401E07E06D
:1013F0000C2060F31744601E1FE00C2819D0401C1D
:1014000060F3174444F30747A1B20C463A46284616
:10141000F3F710F801213046FAF729F80849224677
:1014200001EB870151F8043CBDE8F04105A1F8F754
:10143000C4BC012060F31744601C60F30F04E1E7B3
:1014400094050020256420257300000070B5054632
:10145000F6F78BFA04462846F6F789FA0546204641
:10146000F6F71CF804462846F2F7E2FF0088641CF1
:1014700062B262F3174081B22846BDE87040F2F7CD
:10148000D9BF000070B50D4600212846FBF752FD7C
:1014900000212846FCF708FB0023022219462846B3
:1014A000FCF7E6FA2846F2F739FB0646002228A1A7
:1014B000FCF70BFD42F264013046FCF711FB3046AD
:1014C000FCF716FE3046FAF7A2F80446014630460D
:1014D000FCF7C4FD002307221E493046F8F79CFFA5
:1014E00004213046F9F79AFB2846F7F7C5FD064672
:1014F0000321F8F7EFFB002202213046FCF77DFDC7
:1015000001213046FCF7E0FA2846F2F707FB0646D1
:10151000002211A1FCF7D9FC224611463046FCF707
:10152000A5FB002307220B493046F8F775FF04217D
:101530003046F9F773FB00231C2208492846F8F7C8
:101540006BFF2846BDE8704000221C21F6F712BA56
:10155000EF819300BD130308EF819400B59F03084A
:101560002DE9F0410F460846FAF792F804460021AB
:101570003846FBF7DFFC00213846FCF795FA384681
:10158000F5F7EAFE164D06466968F6F715F92346A3
:101590001C2214493046F8F73FFF01213046FCF782
:1015A00093FA3846F5F7D8FE06462968F6F704F9A7
:1015B00023461C220C493046F8F72EFF0121304605
:1015C000FCF782FA00231C2208493846F8F724FF6A
:1015D0003846BDE8F04100221C21F6F7CBB90000E7
:1015E000C4050020B5AD03084D140308F99F030896
:1015F00070B5094D04466868002808D044B12046FB
:10160000EEF7CEFFA9682044884200D3002070BDC9
:101610000248006870BD00009406002054060020B7
:10162000002902D00068091D42507047002901D0EE
:101630000068425070472DE9F04104460022212104
:10164000F6F798F900287ED000212046F9F70FFF21
:1016500010B1FFF7F0FFF7E72046F9F7D3FF064692
:101660000020F7F763FB054600271CE0686AA042EC
:1016700002D0A86AA04203D121462846F7F7FAFB18
:10168000286BA04200D12F63286DB04207D1F7F735
:1016900057FBA04203D121462846F7F7EBFB28462B
:1016A000F7F744FB0546002DE0D12046E5F7B1FEF3
:1016B000606804260028204602D0F9F7AEFF29E032
:1016C000F9F774FF05460020EA68696A04E052F8F9
:1016D0002030A3420AD0401C8142F8D806E0E968D5
:1016E00006EB80028A5841F82020401C696A491E96
:1016F0008142F4D8686A401E81006862E868F8F7A1
:10170000A1FCE8601BE0096806EB80028A5841F8FA
:101710002020401C616889684A68521E8242F2D8C3
:10172000606880684068401E48606168820089681F
:1017300008681146F8F786FC6168896808602046E9
:10174000BDE8F04100E001E0F8F738BCBDE8F08109
:1017500000207047009808B1002101604FF0FF3071
:1017600070477047C9B20022FCF706BC10B5EFF312
:10177000058111B16FF0050403E0002408B108F001
:10178000D7FA204610BDEFF3058008B109F032B951
:1017900009F02AB9EFF3058010B16FF0050070472A
:1017A0000448016811B14FF0FF307047012101601A
:1017B000002070470805002010B5EFF3058010B138
:1017C0006FF0050010BD08480168012902D04FF0F4
:1017D000FF3010BD054A002182F8141D022101606E
:1017E00008F056FB002010BD080500200BE000E0CB
:1017F000F8B51D466FF003026FF002064FF00004CB
:10180000EFF30583A3B1F0B1E9B1E5B9002200928D
:101810006A4608F0FBFF012817D10098B0B10C49C7
:101820004FF080500860BFF34F8FBFF36F8F0DE014
:1018300048B141B12A4608F04DFF012806D025B134
:101840006FF0010402E0144600E034462046F8BD83
:1018500004ED00E0F8B514464FF00005EFF3058203
:1018600012BB08B301B3A4B1D4E9023263B1502A68
:101870001AD32269C2B1676900FB01F6B74213D3DC
:10188000009508F0A0FD07E072B9226962B96269AB
:1018900052B9002208F076FD050005D00CB1216890
:1018A00000E0002108F00EFA2846F8BDF8B51D4604
:1018B0006FF003026FF002064FF00004EFF30583B0
:1018C000ABB100B3F9B1F5B90022134600926A46F4
:1018D00008F0A0FE012818D10098B8B10C494FF0CB
:1018E00080500860BFF34F8FBFF36F8F0EE050B191
:1018F00049B100232A4608F0DDFD012806D025B1B4
:101900006FF0010402E0144600E034462046F8BDC2
:1019100004ED00E02DE9FF414FEA01034FF000051F
:10192000EFF30581039549BB40B3802718210024BC
:101930004AB3166806B1344696691EB13146761E22
:10194000382E02D21679F60703D0002004B0BDE885
:10195000F081566906B1B708D2F808C0BCF1000F93
:101960000DD0D5685C2D18D312693AB136B18DE827
:1019700006103A46214608F0FEFF03900DE0D668B7
:101980005EB912694AB903AACDE90012BAB221467A
:1019900008F0C4FF012800D003950398D6E70000A3
:1019A0002DE9FC471C469046894607464FF0000645
:1019B000EFF3058058BB57B3082001F015F9050077
:1019C00025D0C5E90078B9F1000F12D00122114BE2
:1019D000002094B1216801B10846A16859B1E468BA
:1019E0002C2C11D3CDE900312B46012109F066F9E9
:1019F00008E00022EBE7E16831B900932B460121B2
:101A000009F042F9060002D1284608F067F830468E
:101A1000BDE8FC87DD57010808B5EFF3058212B178
:101A20006FF0050008BD58B10022134600920A4627
:101A3000042109F08BF9012805D06FF0020008BDE0
:101A40006FF0030008BD002008BD000030B59BB05A
:101A500000F02AF818B9134C207C042802D000208A
:101A60001BB030BD052020740025257665830D4808
:101A700000F0FEF908B1681EF2E76C216846DEF757
:101A800053FCE06A0090E0690190606A02900023D4
:101A9000642205216846FFF764FE2574014800F0C2
:101AA000E7F9DDE7080B002070B5124C207808B18B
:101AB000002070BD00F014F94FF0FF35A0B90E48BA
:101AC00000F09AF900280FDB03DD0B4800F0D0F995
:101AD00050B90948017C49B9C26908498A4205D010
:101AE000C16100F0C5F908B1284670BD0120207021
:101AF000DEE70000CC000020080B002004000402F8
:101B00000549486A002805D0896A64225143B1FB1F
:101B1000F0F0C0B270470000080B00209CB040F607
:101B2000B830FFF723FEFFF7BFFF4EF6602518B170
:101B30002846FFF71BFEFBE7224C207C072816D126
:101B40006C216846DEF7F0FBE06A0090206A0190A5
:101B5000606A0290FFF7D4FF0246A37E0721684621
:101B6000FFF7FFFD00202074204600F081F9164E9B
:101B70006C216846DEF7D8FB69463046FFF7E8FD82
:101B800001280BD16846E8F773FA58B1FFF7B8FFA0
:101B90000246A37E217C6846FFF7E3FD2846FFF757
:101BA000E5FDE5E76420FFF7E1FDBFF34F8F074850
:101BB0000168074A01F4E06111430160BFF34F8FF0
:101BC00000BFFDE7080B0020040004020CED00E05C
:101BD0000400FA052DE9F041154604460E004FF0C9
:101BE000FF3704D01DB16019B0F5807F02D93846A7
:101BF000BDE8F081EFF740FCA020EFF765FC48B9A5
:101C00002046EFF761FC28B9EFF736FCA120EFF78B
:101C10005BFC10B1EFF745FCE9E7002409E0671C25
:101C2000AF4201D2012000E00020EFF7CFFB30559A
:101C3000BCB2AC42F3D3EFF734FC0020D8E700008D
:101C40002DE9F04780460D0017464FF0FF3937D099
:101C5000B2B308EB0700B0F5807F31D83CE000BF9D
:101C600008F00700C0F10804A74200D23C46EFF795
:101C700003FCA020EFF728FC18B94046EFF724FC3E
:101C800010B1EFF70EFC1BE0002606E0A85DEFF7B1
:101C90001BFC0028F5D1761CB6B2A642F6D3EFF7AE
:101CA00000FC0026EFF7E8FBA020EFF70DFC50B199
:101CB000EFF7F7FB0120DFF737FD761C142EF1D389
:101CC0004846BDE8F087EFF7ECFB08EB040000F0B6
:101CD000FF08381B254487B2002FC1D10020F0E750
:101CE000F0B585B014216846DEF71EFBEFF7D0F99A
:101CF0004FF48050009001AA11200124022582E8AF
:101D000031001F4F69463846DFF7C4FDE0020090FE
:101D100069463846DFF7BEFD0120EFF7A1FB012041
:101D2000EFF792FB2020002603958DE851006946CD
:101D30003846DFF7AFFD8020009069463846DFF770
:101D4000A9FDA002009069460E48DFF7A3FD4020E0
:101D5000CDE90006694602943846DFF79BFD002274
:101D600020213846DFF78BFE002280213846DFF73E
:101D700086FE012008F0D8F900F050F905B0F0BD5A
:101D80000000024000040240034600B50A464FF03E
:101D9000FF30194600F002F8C04300BD70B50023C3
:101DA000094D0DE0CC5C60405FF0000400F00106DE
:101DB00076422E40641C86EA5000082CF6D35B1C49
:101DC0009342EFD370BD00002083B8ED10B50446F8
:101DD0006021DEF7A9FA074820600220A080602079
:101DE000E0800020207460740121A174E07403205D
:101DF000607610BD4D41544F30B5B1B0050006D0EE
:101E0000602201A94020FFF7E5FE20B109E04FF074
:101E1000FF3031B030BD01A8FFF7ACFA08B10124A2
:101E200000E00024602219A9A020FFF7D3FE28B902
:101E300019A8FFF79FFA08B1012100E0002154EA38
:101E4000010009D02CB161B103991B98401A0028F8
:101E500007DD602219A906E02846FFF7B7FF012039
:101E6000D7E7602201A92846DEF745FA0020D0E72F
:101E700070B598B004004FF0FF3628D016482060A7
:101E80000220A0806020E080A068401CA0600020AC
:101E9000E0602046FFF75FFAE060207AC00701D0DB
:101EA000A02500E04025602221462846FFF7C8FE15
:101EB00068B9602269462846FFF78CFE38B9684643
:101EC000FFF758FA18B10298A168884202D030464C
:101ED00018B070BD0020FBE74D41544F10B5C0B0A5
:101EE0004FF48074014622466846DEF704FA00206B
:101EF0000E9021466846FFF747FF40B010BD000036
:101F000010B504002CD020681649884228D1A0883A
:101F1000022825D1E088B0F5807F21D120691249BF
:101F200088421DD16069D8B1B0F5E02F18D8A169F9
:101F3000814215D1A068410812D1C00702D0606B60
:101F400001280DD12046FFF7C9FFA16B884207D1B8
:101F5000E088A1690844B0F5801F01D8012010BDB8
:101F6000002010BD3141544F0000010870B50C46EF
:101F70004FF0FF3501280ED86CB108B14FF4801036
:101F80004FF4807200F074F828B92046FFF7B8FFCC
:101F900008B1002070BD284670BD002801D04FF464
:101FA000801070472DE9F05F4FF0FF3771B30144A7
:101FB000B1F5000F2AD801F6FF7101EA073600EAF1
:101FC00007344FF480394FF4805841F2883B21E0C8
:101FD0002004000C06D1301B4D46A84202D34FF01E
:101FE000D80A02E04FF0200A454608F0C5F868B963
:101FF000002008F099F82146504608F083F80120A7
:1020000008F092F8584608F09BF810B13846BDE841
:10201000F09F2C44B442DBD30020F8E770B50020D9
:1020200008F082F8AB2001F063FE012008F07CF894
:102030000120DFF779FB002008F076F89F2001F0FF
:1020400057FEFF2001F054FE0446FF2001F050FE31
:10205000FF2001F04DFE0546012008F065F8EF2C49
:1020600001D1172D02D04FF0FF3070BD002070BDA0
:102070002DE9F041164604460D004FF0FF3708D019
:10208000A019B0F5000F04D84FF47A7008F058F892
:1020900010B13846BDE8F081002008F045F821462F
:1020A000032008F02FF8002404E0FF2001F020FEB8
:1020B0002855641CB442F8D3012008F035F80020FC
:1020C000E8E72DE9F047164680460D004FF0FF394E
:1020D00026D008EB0600B0F5000F21D826E008F066
:1020E000FF00C0F58074A64200D2344608F044F8E0
:1020F000B0B9002008F018F84146022008F002F8B4
:10210000002703E0E85D01F0F3FD7F1CA742F9D34F
:10211000012008F009F84FF47A7008F011F810B1B6
:102120004846BDE8F087A0442544361B002ED6D192
:102130000020F6E770B50D460446FFF7E1FE60B1FA
:10214000E088A1690844A968884206D1686810B18E
:10215000E168814201D1012070BD002070BD10B541
:10216000017E41B1491EC9B2017650F82100406894
:102170008047002010BDFF2010BD027E062A01D33B
:10218000FF2070479300521C0276C1500020704718
:10219000F0B50027DDE905458E1A012B05DC032883
:1021A0000CD004280AD0052808D0891A09B20628BC
:1021B0002AD2DFE800F0290A0320140E2F8020889D
:1021C00006EBD67100EB61001CE02F8020883044C4
:1021D00018E05B1E18B291FBF0F02880F0BD91FB77
:1021E000F3F02988084400B22880218800EBD070E1
:1021F00001EB600006E05B1C18B291FBF0F0288058
:10220000218808442080F0BD2F80F0BD2DE9F05FCB
:1022100005460C46501E53B12188A1EB6201218076
:102220000844A080E88A6080688BE08009E06188CB
:10223000A1EB620161800844E080A88A2080288B9D
:10224000A0804FF4403631462846FAF728F88146F8
:1022500031462846FAF769F8824631462846FAF7A9
:10226000BFF8804631462846F9F7C5FF8346314618
:102270002846FAF7C4F9074631462846FAF7B1F975
:102280000146208809EB0702801A2080A0880AEB0B
:1022900007021044A080608808EB0102801A608069
:1022A000E08859440844E080BDE8F09F70B50446DA
:1022B000EEF79BFB05001DD0F9F7A9F9064620466D
:1022C000F9F739F9864215DD00212846FAF73DF97C
:1022D000068900212846FAF75AF9E18E3044414335
:1022E00009B20022606AFBF781FB606ABDE87040BA
:1022F000FAF7B1BC70BD00002DE9F04105468068D9
:102300004FF0FF38B0F5807F02D9B0F5801F01D9BA
:10231000042038E01F4C01221F4E217C012910D1DE
:10232000E16A2B6899420CD1216A6B68994208D105
:10233000616A814205D1A16A814202D87160B160AF
:1023400026E0607C002780F00100A07468682062AD
:10235000A86860622868E062A762678322740D48FB
:10236000FFF786FD10B14046BDE8F081A86800F691
:10237000FF70050B2D03A07CFFF70FFE2946FFF72A
:1023800011FE18B1012001F019FBECE77760B7608E
:102390000020E9E7080B0020CC0000202DE9F041E7
:1023A000134C0F460546E6682068001D07F007FB42
:1023B000681C07D137B12168BDE8F0410D48091DFF
:1023C00007F04CBB20683544B5424560216805D212
:1023D000A06BBDE8F041091D07F028BB606B091D2B
:1023E00007F024FBA06A854200D2A562BDE8F08117
:1023F000B8040020581000202DE9F041054607F0F0
:1024000039FB2D4CA068401CA06020682B4F10B1F8
:10241000606930B32BE02560A068012827D1002631
:1024200006EB860007EB800007F0F2FA761C382EE8
:10243000F6D3234807F0ECFA2148143007F0E8FA05
:102440001F48283007F0E4FA1D483C3007F0E0FA56
:102450001B48503007F0DCFA194860631430A06361
:1024600005E02068E96AC06A884200D82560606A91
:10247000401C60626864E86A2169884200D9206172
:1024800000EB800007EB8000291D07F0E7FA07F05A
:1024900011FB606900280CD02068E96AC06A884294
:1024A00007D208494FF080500860BFF34F8FBFF349
:1024B0006F8FBDE8F0810000B8040020A80B002059
:1024C0000810002004ED00E038B507F0D3FA104CF6
:1024D0002068C8B90F4807F09BFA0E48143007F07F
:1024E00097FA0C48E060143020610A4B0020F03B62
:1024F000009003F1500210210A2007F064FF2060D1
:1025000010B105A107F0DEFBBDE8384007F0D2BAF4
:10251000F40400205C110020546D72510000000092
:1025200030B4026C0B46002A0BD0C1681144C16064
:102530008468A14201D30168C16030BC1846DDF750
:10254000DABE30BC70472DE9F041856B1746044672
:102550000026026C82B1C7B1E068DDF7CCFEE1680D
:10256000206C091AE1602268914202D2A168081A1F
:10257000E060022F16D017E02068A8B9A06808F024
:10258000A5FA06460020A0600EE06068DDF7B3FE05
:10259000216C606808446060A168884204D32068A8
:1025A000606001E005B16D1E6D1CA5633046BDE89D
:1025B000F08110B5044690F8590058B101280CD0AC
:1025C00002280FD0502080F31188BFF34F8FBFF344
:1025D0006F8FFEE7206B07F081FA2046BDE81040C0
:1025E00007F07CBA10BD000009480021026902B161
:1025F00001210268D26A0AB100207047054A1268B8
:10260000012AF9D80029F7D1816AC068081A7047F1
:10261000B8040020A80B002010484FF48041420766
:1026200006D0C01D0D4920F00700411AC1F58041B8
:102630000B4A00230144C2E900030839183A21F08B
:10264000070111604B600B600B1AC0E90013936027
:102650004FF0004053605061704700003C1800206C
:10266000240500201F4C204E12E000BF07F002FAA4
:10267000F068C568281D07F0A2F9A068401EA06098
:102680006068401E606007F015FA2846FFF791FF6A
:1026900060680028EAD115480068012807D9144964
:1026A0004FF080500860BFF34F8FBFF36F8FFFF77D
:1026B0009BFF0228D7D307F043FCA06AE168884259
:1026C00007D2502080F31188BFF34F8FBFF36F8F75
:1026D000FEE7FFF789FF022801D307F055FA08F05B
:1026E00071FAC0E7B804002044100020A80B0020B5
:1026F00004ED00E070B51D46049C51B1C4F8002003
:10270000C4E90F010121204607F090FE84F84C50E7
:1027100070BD2460F4E700002DE9F05F8846DDE934
:102720000B941546834691009A460A9EA522206B7B
:10273000DDF7F3FD6FF00301206B01EB8501084429
:1027400020F00707780707D0502080F31188BFF3E7
:102750004F8FBFF36F8FFEE70025B8F1000F0FD04A
:102760005FF00000221818F8001082F8341018F8F2
:10277000001011B1401C1028F4D384F8435001E03C
:1027800084F83450382E00D33726E662C4E9136546
:10279000201D07F048F904F1180007F044F92461FE
:1027A000C6F138006462A061656584F858505246ED
:1027B0005946384600F0E6FA2060B9F1000F01D022
:1027C000C9F80040BDE8F09F2DE9F0471E46DDE95D
:1027D000089417460D00804615D0002C11D0FFF745
:1027E00073FE04F11801C4F8008081E86002201D26
:1027F00007F019F9002F04D014F8280F40F0040056
:102800002070BDE8F087502080F31188BFF34F8F10
:10281000BFF36F8FFEE7000030B5114900E01146AD
:102820000A688242FBD34B685C18844203D140683B
:1028300018444860084643681C18944209D1084C63
:10284000183C2468A24209D052681A4442600A68BF
:1028500012680260814200D0086030BD0460F9E770
:102860002405002070B5002441600B4D00619142A9
:1028700006D8D11A8269914206D2011D286907E063
:102880009A4203D2994201D3012403E0011DE86872
:1028900007F0CCF8204670BDF404002010B50446C3
:1028A00007F0E8F8A06B28B15FF0000407F002F928
:1028B000204610BD0124F9E730B589B03C4D6EE0EB
:1028C0000498002806DADDE90601059A9047049885
:1028D000002864DB069C606910B1201D07F06FF8CA
:1028E00003A800F0D7F8024604980A2857D2DFE878
:1028F00000F00505052D334A05052D3394F8280011
:1029000040F0010084F828000599A069059B014466
:102910002046FFF7A7FF68B3216A2046884794F84E
:10292000280040073BD5002000900598A1690023AE
:1029300042181946204608F009FAD8B9502080F309
:102940001188BFF34F8FBFF36F8FFEE714F8280F86
:1029500020F00100207022E094F8280040F00100EF
:1029600084F828000598A06128B1811813462046F4
:10297000FFF778FF13E0502080F31188BFF34F8FEB
:10298000BFF36F8FFEE794F82800810703D4204639
:1029900007F0A4F803E020F0010084F828000022EA
:1029A00004A9286807F096FE002889D109B030BD37
:1029B000F40400202DE9FC410F46054607F0C0FA5B
:1029C00001A800F067F80446019818B108F0FAF879
:1029D000BDE8FC81254EAFB130690068D0B3002757
:1029E000291B3A46306807F081F908F0EBF8002817
:1029F000EED11F494FF080500860BFF34F8FBFF3F7
:102A00006F8FE5E7A542EBD808F0DCF8F0682746C1
:102A1000C068C468201D06F0D2FF94F82800410762
:102A200019D5A0692B4641193A462046FFF71AFFEF
:102A3000A8B100200346014600902A46204608F02F
:102A400085F960B9502080F31188BFF34F8FBFF331
:102A50006F8FFEE707E020F0010084F82800216A6C
:102A600020468847B4E70127BAE70000F4040020B5
:102A700004ED00E00648416B096829B1416BC96863
:102A8000C9684968816270474FF0FF31FAE700007A
:102A9000B804002070B5054607F0A6FF064E0446B0
:102AA000B068844203D200F009F8012000E0002061
:102AB00028602046B46070BDF4040020F8B5194DBC
:102AC00020E0C068C4680668201D06F078FF216A0F
:102AD0002046884794F82800400713D5A069304461
:102AE000B04206D924616060211DE86806F09EFFAF
:102AF00008E000200346014600903246204608F0D8
:102B000025F938B1E86801680029DAD12969C5E9F1
:102B10000310F8BD502080F31188BFF34F8FBFF32F
:102B20006F8FFEE7F404002008484068401C4FF017
:102B3000500080F3118804D0BFF34F8FBFF36F8F25
:102B4000FEE7BFF34F8FBFF36F8FFEE72C0500202A
:102B5000074CE068016841B1C0680021D0F800006E
:102B6000FFF728FFFFF7A8FEF3E701210020F7E7B2
:102B7000F40400202DE9F041044606F07BFF94F9AF
:102B8000455004F1240609E0606A48B1304607F078
:102B9000DDFF08B107F042F96D1E6DB2002DF3DCC8
:102BA0004FF0FF3684F8456006F084FF06F062FFC0
:102BB00094F9445004F1100709E0206948B13846FF
:102BC00007F0C4FF08B107F029F96D1E6DB2002DA2
:102BD000F3DC84F84460BDE8F04106F06BBF01709F
:102BE000090A4170704700002DE9F04105460027B1
:102BF00007F0A6F9324E306808B9FFF70DFD70698D
:102C000005424ED1C5B3083568070ED005F0070060
:102C1000C0F108000544680707D0502080F31188F0
:102C2000BFF34F8FBFF36F8FFEE72DB37068854200
:102C300037D82348183001460C6801E020460C467E
:102C40006168A94202D221680029F7D131688C421B
:102C500027D007682168016060680837411B102988
:102C60000FD96019420708D0502080F31188BFF3B4
:102C70004F8FBFF36F8FFEE713E041606560FFF792
:102C8000CBFD61687068401A7060B268904200D2F3
:102C9000B060706901430020C4E90001F068401C85
:102CA000F06007F08FFF780707D0502080F311887D
:102CB000BFF34F8FBFF36F8FFEE73846BDE8F0815B
:102CC0000C05002010B5040006D006F0D3FEE46920
:102CD00006F0F0FE204610BD502080F31188BFF3AF
:102CE0004F8FBFF36F8FFEE72DE9FF47064690F841
:102CF0005C00400739D5706AF6F756FC1C49096834
:102D00008847040031D000213046F9F72EFC00231B
:102D100042F222026946F4F798FE08B115A000E0DD
:102D200015A08146DDF70BFB074604FB07F0401CAE
:102D3000F7F7E6F88046002507E000BF05FB0780AF
:102D40003A464946F7F7A6F96D1CA542F6DB7D43E6
:102D5000002108F805104146706AF6F7F7FF404673
:102D6000F7F71AF9304600F0A5F8BDE8FF87000034
:102D700090060020E280A2002A0000007047006850
:102D8000FFF7B2BF10B5031F4FF080741C601B1F0C
:102D900021F001011960191F044B0B6014390A60FE
:102DA000091F6FF0020244380A6010BD292B030886
:102DB0002DE9F0410446007816460D4655281CD1F1
:102DC0006078532819D1A078522816D1E07831289C
:102DD00013D12079012810D1607918280DD1E07D18
:102DE000A5280AD1B4F8157015212046E6F799FFF9
:102DF000874202D1A07A810802D00020BDE8F0818C
:102E000000F001012970C0F340006870E07AA870FA
:102E1000207BE870607B2871E089E880284606F016
:102E2000BCFD0028EAD0217AE08861F31F40617A76
:102E300040EA016030600120E0E72DE9F0410D46F5
:102E40001746044600261821DDF76EFA552020703B
:102E5000532060705220A0703120E070012020715A
:102E600018206071A771390AE171390C2172390E8D
:102E70006172287800B10126687808B146F0020630
:102E8000A672A878E072E878207328796073E988E0
:102E900004F10E00FFF7A3FE15212046E6F741FFDF
:102EA000014604F11500FFF79AFE0020E075BDE829
:102EB000F08100002DE9F04F91B004460021F9F7B0
:102EC00054FB099000212046F9F77DFB0890206C07
:102ED0000590606AF6F768FB784A824605991268A1
:102EE0009047DFF8DCB106460AEB0600DBF800206D
:102EF00081460021904707000998B0F908807DD0ED
:102F00000A2FFCD00D2FFAD0002239460998F4F789
:102F10000CFE05B203AA606A0599F6F75FFA606ACB
:102F2000F6F742FB02460021606AF7F7B3FD616ADB
:102F3000BDF90C20B1F91430B1F918101A442A4423
:102F40008A4228DD94F85C10090724D4032822D093
:102F50000020ADF80C000899BDF80E2008EB010028
:102F60001044ADF80E00002F7ED05649484609683F
:102F700088470644DBF800200AEB06000021904752
:102F8000010071D00A296FD00D296DD00022099857
:102F9000F4F7CBFD05B24FF4E02B20465946E6642A
:102FA000F9F78AF8064659462046F9F72EFA00EB5B
:102FB000060A204641F611025946F9F72DFA00EBB0
:102FC000060959462046F9F77FF98719204641F648
:102FD00013025946F9F720FABDF80C203044D11BF2
:102FE000ADF83410BDF80E3010446D1EA3EB0A018D
:102FF0002844ADF83610ADF8380000E057E003EB98
:103000000901A8F101000844ADF83A0004F14401B7
:103010000D4601A8F0F730FB606ABDF80410828A03
:103020001144ADF80410BDF80610C08A0844ADF88C
:103030000600606ABDF80810808A0844ADF80800F0
:10304000606ABDF80A10C08A0844ADF80A0001A9F8
:103050002046F9F734FE0DA92846F0F70DFB294666
:1030600001A8F0F709FB00E024E0606ABDF8041055
:10307000828A1144ADF80410BDF80610C08A0844D5
:10308000ADF80600606ABDF80810808A0844ADF803
:103090000800606ABDF80A10C08A0844ADF80A004A
:1030A00001A92046F9F70BFE11B0BDE8F08F002210
:1030B00020212BE70022202169E700008006002064
:1030C0007C060020780600202DE9F04790B0884665
:1030D0000646EDF791FC05006BD0F6F765FA02465F
:1030E00000212846F7F7D6FC012838D0022802D064
:1030F000032819D10CE03046F8F737FA0446284681
:10310000F9F7AEFA201A00EBD07040F34F0108E057
:103110003046F8F72AFA04462846F9F7A1FA201AA9
:1031200001B22846FAF7B1FF00213046F9F715FA47
:10313000044600213046F9F738FA8246B4F908709F
:103140003046F8F7F8F98146304600216522F9F754
:1031500063F984B2B8F1000F03D014B104E0002188
:10316000DFE73046EEF7F8FEF18C07EB0A00484344
:1031700009EBD971491007EBD772A1EB6201081A6C
:1031800006B2B8F1000F17D0B4B16846EFF72AFDC8
:103190000F48CDE900502846F9F768FACDE908064E
:1031A00007900C4803900C4806900A946846EFF785
:1031B0008DFD10B0BDE8F08705492846EFF7CEFC3D
:1031C00010B031462846BDE8F047FAF775BF000059
:1031D000ED390308413503084B2C02082DE9F04F67
:1031E0000C464FF4A02689B005463146F9F765F83C
:1031F000079031462846F9F7A6F882463146284618
:10320000F9F7FCF8814631462846F9F702F880467E
:1032100031462846F9F7B4F9069031462846F9F7C1
:10322000CBF9834631462846F9F79BF9059031469C
:103230002846F8F785FF074631462846F8F779FF14
:1032400006461FE0079BCDF800B0CDE9013ACDE975
:103250000398DDE90523A1B22846EDF7D9FDE96A17
:10326000B04221F81400E96A01DA024600E0324671
:10327000BA4201DA384602E0B04200DB304621F8BB
:103280001400641CE88CA042DCD809B02846BDE8D4
:10329000F04FFAF73DB92DE9F0410746F8F7F9F894
:1032A0000546002412E0B868006850F824603046F3
:1032B000F9F7D1FC00222A213046F4F75BFB3046B7
:1032C000F9F7C9FC3046FFF7E6FF641CAC42EAD3CD
:1032D000BDE8F0812DE9FE4F0446EDF78DFB0600B9
:1032E00009D0F5F719FD8046F5F75BFD042805D0F8
:1032F000022803D012E00120BDE8FE8FE28C2146B7
:10330000228504280AD10846F8F77CF90546F4F727
:1033100053FF18B100212846F4F7C9FF4046F5F7DE
:1033200040FD012804D04046F5F73BFD032863D15A
:10333000A06A800331D4002569464046F5F706FDB2
:10334000BDF80200F18A401AADF80200BDF8000095
:10335000B18A401AADF8000069463046F5F73EFFE5
:1033600007463046F6F720F982460020804606469A
:10337000DFF8949001900DE0D9F8002001A95046A3
:1033800090470A2803D1B84501D06D1C2DB2DDF855
:103390000480761CBE42EFD327E000212046F9F7D7
:1033A000DCF8054600212046F9F7FFF82989B4F931
:1033B0001A200844B4F9161007B2501A00EBD07066
:1033C00001EB600005B20C214046F5F7A4FDF18A3F
:1033D000084400B2281A90FBF7F0002800DA002019
:1033E000A18C814200DC481E05B2002D04DBA9B28D
:1033F00001222046FBF7C3FBE08C029002AA1C21AD
:103400002046F4F7B7FA77E77C06002070B5D1E9DB
:103410000245D5B1D4B1E560AC6000EBC21505EB57
:103420008305EE6B8E420FD1EC6384420CD100EB2E
:10343000820501216C6901FA03F39C436C6103D19D
:10344000036991408B43036170BDFEE7FEE72DE900
:10345000F0410C46498C06460020C1F3C5010EE040
:1034600026B1E26852F83020B24207D14FF6FF721F
:103470004FF470212046FAF763F802E0401C8142C5
:10348000EED82046F8F705F80746002507E0A068C3
:10349000006850F825103046FFF7D9FF6D1CBD427B
:1034A000F5D3BDE8F081000010B586B004460022D7
:1034B00069460548DEF7E2FF002221460248DEF7B2
:1034C000BBFF06B010BD00002C07002070B50546FC
:1034D0000068F8F76BF80446006900222721F4F72A
:1034E00049FA002228216069F4F744FA606928B19A
:1034F00094F82810C90701D0F7F72EFC002060616E
:10350000A0612868BDE87040002240F26241FAF7ED
:1035100075B870B504460068F8F748F80546FBF73B
:1035200049FB686123682B61BDE8704000222621B9
:103530001846F4F71FBA002200680A21F4F71ABAF5
:1035400010B50068F8F7A4F8BDE81040EEF704BD28
:103550002DE9FF4F85B090460C460846F8F798F8DD
:1035600006461021F9F7A9F800286FD03046F8F781
:10357000EDF8834600253046F8F7B5F91434CDE967
:10358000024000B9059C00213046F8F780FD8246D4
:1035900000213046F8F701FF504407B200213046C1
:1035A000F8F70DFE504400B20190F08A618838446B
:1035B000421AB8F80210501A0FFA80F9728B01986B
:1035C000101AE288801A081A00B200903046F8F704
:1035D0001EF8C11B0198081A00B20490B9F1000F3F
:1035E0000CDB0098002814DAB9F1000006DD05466E
:1035F0003046F8F77FF9401B0AD40AE0009800280B
:1036000007DD404205B23046F8F74EF8E84200D5F3
:1036100000250398012804D0022807D003280DD1E3
:1036200015E0F08A61883844294421E0718B0198C3
:10363000091AE0882844081A284405B200243046B4
:10364000F8F74AF90090A8B1029F14E0BEE0049890
:10365000F18A00EBD07007EB60000844E2886188D3
:10366000521A521C12B202EBD27205EB62021144E2
:10367000401AE1E7059F00213046F8F7F4FD504479
:103680000FFA80F900213046F8F733FE5044B18A32
:103690000FFA80FA01EB09003988338B421AB8F827
:1036A0000010501AA3EB0A02BB8800B2D21A891A82
:1036B00009B200280BDB002913DA002807DD0446D5
:1036C0003046F8F74BF82044002809DC09E00029CF
:1036D00007DD484204B23046F8F7A0F8E04200D5D2
:1036E00000243046F8F7BCFFA0EB0901A1EB0A006B
:1036F000009900B2012904D0022907D003290DD175
:1037000022E0B18A01EB0900398803E0318BA1EB9B
:103710000A00B9882144401A204404B22D49304699
:10372000EFF71CFA07462C493046EFF717FA3843F3
:1037300006D000220A213046F4F71CF9012845D1B1
:103740005FEACB7011D013E000EBD072B18A09EBC5
:1037500062000844B9883A88891A491C09B201EB09
:10376000D17104EB61011144D5E7002C00DA00248B
:103770005FEA8B7002D4002C00DD00245FEA4B70FE
:1037800002D4002D00DA00255FEA0B7002D4002D70
:1037900000DD00250898B8F90010002800D0204668
:1037A0000844A8F80000B8F9021002D14FF0000058
:1037B00000E028460844A8F80200089B09B02A4601
:1037C00021463046BDE8F04FF9F7D2BF09B0BDE859
:1037D000F08F0000A13803088938030870B5164639
:1037E00005460C4651EA06001CD02846F7F75CF85F
:1037F000A86801233246018A21440182A868418ACF
:103800003144418221462846F9F7D4FA00220B219F
:103810002846F4F7AFF8012804D12846BDE87040E7
:10382000F9F719BA70BD30B5AAB1B0F91630B2F9CE
:1038300000401D19B0F93240A54201DAE31A1380A5
:10384000B0F91640B2F90030E518B0F936309D42B3
:1038500001DD1B1B1380002915D0B0F91430B1F91C
:1038600000209C18B0F93020944201DAD21A0A8064
:10387000B0F91420B1F90030B0F934001344834298
:1038800001DD801A088030BD10B50346F8F739F81D
:10389000084401B2BDE8104000221846FFF79EBF61
:1038A00010B50346F8F734F8084402B2BDE81040FA
:1038B00000211846FFF792BFF8B505460C460846AA
:1038C000F2F70CFD4FF4803631462846F8F7C4FB7A
:1038D000E070022808D9284631462022F8F79CFDDE
:1038E0000090BDF80000A080284631463122F8F74C
:1038F00093FDC0B2002784F82200022815D928467B
:10390000314641F23202F8F787FD00B220840028E8
:1039100009DD284631463022F8F77EFD0090BDF8DB
:103920000000E08301E084F822702846314640F62A
:103930004502F8F771FDC0B284F8360002281CD9A0
:10394000284631464FF40462F8F766FD00B2E08580
:10395000002810DD284640F643023146F8F75CFDAA
:10396000A086284644223146F8F756FD0090BDF85F
:103970000000A08501E084F8367031462846F8F74B
:10398000E6FBFD280AD2E17811FB00F1090AE1709B
:103990004143080A84F8220084F83600E07830B900
:1039A00094F8220018B994F83600002805D0314662
:1039B0002846F8F799FD20800120F8BD0349072229
:1039C0000A7448830846FEF753BA0000080B00202B
:1039D000A0F84410F9F73FB9A0F84610F9F73BB941
:1039E00009B2FAF752BB09B2FAF766BB09B2FAF7A5
:1039F00063BB00002DE9F84F04464F1091460D4679
:103A00004FEA610AC80700D17F1E60008346F6F7BF
:103A100077FA06464B46002026E000BF03EB440041
:103A2000009030F8021C6943601E15D4002200EBA0
:103A30000A0C26F81010A44501DA33F81C208A1A63
:103A4000C11B012901D5198803E003EB410131F8BD
:103A5000021C401E1144E9D55A4631461846F6F775
:103A600019FB009B08F101008046A042D6DB4FF411
:103A70007F51B1FBF5F2002093B214FB04FC0CE083
:103A800039F8102042B18A4202D129F8103003E0FF
:103A900092FBF5F229F81020401C8445F0D8002054
:103AA00039E000BF09EB4002934613886B430021C5
:103AB00023E0002B02DA4FF0000C01E04FEAA31CD8
:103AC00026F811C0A1EB0A0CBCF1000F02DCB2F821
:103AD00000C003E00CFB040839F818C0A3EB0C0C81
:103AE000CB195B1CA34200DB631E03FB040802EB43
:103AF000440239F81830491C6344A142D9DB5A46C4
:103B0000002105E036F81130138002EB4402491C15
:103B1000A142F7DB401CA042C4DB3046BDE8F84FB1
:103B2000F6F73ABA2DE9F0470E468AB01F468046AE
:103B3000014615469146D41907A8EFF794FD05EB09
:103B4000D57007EB600145F30002891A891EADF8B4
:103B50002010012101EB6000ADF81E004046EFF798
:103B6000C6FDBDF82010081AADF81C004046EFF75E
:103B700092FDBDF81E1000230844ADF822003A461D
:103B800007A901A8F2F7DAFA4D46B9F1010F01D001
:103B90004FEA69052046F6F7B3F98246B04600279A
:103BA00034E021465046F6F781FB01A80090DDF88D
:103BB00004C023B23AB200215046E04740B19AF81F
:103BC0000000800190FBF5F1A8F80010012018E03A
:103BD00061004046F6F73CFB15E000BF0AEB00022F
:103BE0001AF8001012F8012C914204D108EB4001A0
:103BF00031F8022C02E0890191FBF5F228F810203F
:103C0000401CA042EADB08EB44087F1CA742C8DB4B
:103C10005046F6F7C1F901A8F2F708F8012D14D0C3
:103C200020B2324629460746FFF7E4FE09F00100BC
:103C3000284401B2012926DD4FF47F5090FBF1F2B8
:103C4000002093B204FB04F517E00020644304E075
:103C500036F810108A093254401C8442F8DC0AB04D
:103C6000BDE8F08736F8102032B1FF2A0ED092015D
:103C700092FBF1F226F81020401C8542F2D8324621
:103C80003846FFF7B7FE0020644307E026F81030FF
:103C9000F2E700BF16F810103154401C8442F9DCE2
:103CA000DDE7F0B597B0074614460D4601A8F2F7D8
:103CB00015FBFF2211461046F0F793FD0090BDF86A
:103CC00000000090BDF80000ADF8080000262A466C
:103CD00001A93846F2F7EEFA0FA8F1F78BFD23465B
:103CE0002A460FA938460096F1F7E8FA17B0F0BD5A
:103CF0002DE9F0410024144F06462546F2098021A3
:103D00003846DDF7BCFE7006060EE5F7A1F8012285
:103D100020213846DDF7B3FEE5F79AF86006040E79
:103D200040213846DDF7A6FE012801D144F0010408
:103D3000002220213846DDF7A2FE6D1C082DDDD3C0
:103D40002046BDE8F08100000000024030B591B08F
:103D500005464FF4E0216522F8F75EFB040017D01A
:103D60006846EEF73FFF0F480A94CDE90050012066
:103D70000D9400210790CDE908010B4806904FF6FD
:103D8000FF70ADF83C006846EEF7A0FF11B030BD03
:103D900004492846EEF7E2FE15F8500F40F0010006
:103DA0002870F3E75D9D0108A32C02082DE9FC476C
:103DB000FE4DFF4C95F82000C00703D0FD48F0F7FA
:103DC000FFFC03E004211220FAF7C4F90090BDF8CB
:103DD0000000608095F82000C00704D00521122063
:103DE000FAF7B8F903E004211220FAF79BF90090E2
:103DF000BDF80000A08095F82000C00703D0EE4871
:103E0000F0F7DEFC01E0F0F72AFE0090BDF80000BC
:103E1000E08095F82000C00703D0E848F0F7D0FC18
:103E200003E002211220FAF795F90090BDF8000096
:103E3000208100264620CDE90006DC485023E04AD8
:103E4000E0492838FBF756FDD84800965023DC4A55
:103E5000DC4914380196FBF74DFDE068D03000F0E6
:103E6000F9FDD249E0682839D030FBF739FDE06828
:103E7000D83000F0EFFDCD49E0681439D830FBF7B9
:103E80002FFDE068083000F0E5FD95F82000C00740
:103E900004D002211220FAF745F902E01220FAF7C5
:103EA00073F90146E0680830FBF7B7FBE06847F6B6
:103EB000FF7A51460830FBF7CAFC0721E868F0F7A3
:103EC000E2FD0146E0680830FBF70EFC0521E868DA
:103ED000F0F7D9FD0146E0680830FBF705FDE06822
:103EE00066210830FBF7A4FBB049E06814390830BC
:103EF000FBF7F6FCE068103000F0ACFDE068FF2155
:103F00001030FBF795FBE06800F0A4FDFF21E068AE
:103F1000FBF78EFB6088ADF800000099E068FBF7C6
:103F20007CFBA088ADF800000099E068FBF7BDFCC1
:103F3000607801287ED00228E8687CD05FF00A0112
:103F4000F0F7A1FD0146E068FBF70BFC6078012863
:103F500072D00228E86870D05FF00A01F0F793FD94
:103F60000146E068FBF7D8FBE068183000F072FD0E
:103F700060780128E8687DD05FF00801F0F783FDE4
:103F80000146E0681830FBF762FCE068FF2118305A
:103F9000FBF74EFBE088ADF80000E06800991830B0
:103FA000FBF73BFB2089ADF80000E0680099183072
:103FB000FBF742FB0221E868F0F765FD0146E06887
:103FC0001830FBF74CFBE06801211830FBF73FFB92
:103FD000A088ADF80000E06800991830FBF765FC98
:103FE000607801287ED00228E8687CD05FF010015C
:103FF000F0F749FD0146E0681830FBF775FB607883
:10400000012871D00228E8686FD00A21F0F73BFD43
:104010000146E0681830FBF7A4FB6078012865D002
:104020000228E8687ED00A21F0F72DFD0146E068FD
:10403000183003E07FE081E082E084E0FBF76CFB76
:104040001220FAF7A1F80146E0681830FBF71DFBD3
:104050000121E868F0F717FD0146E0681830FBF72A
:104060001FFBE068A03000F0F5FC504EE068283EF1
:10407000B16B00E069E0A030FBF71CFB0321E868AE
:10408000F0F701FD0146E068A030FBF728FB0321B3
:10409000E868F0F7F8FC0146E068A030FBF71AFB8F
:1040A000E0687F21A030FBF710FBE068A83000F04B
:1040B000D1FC708FADF80000E0680099A830FBF7E4
:1040C000F9FA0321E868F0F7DEFC0146E068A83061
:1040D000FBF705FBE0687F21A830FBF7F6FAE06804
:1040E000203004E033E035E036E038E039E000F03D
:1040F000B1FC6078012839D00228E86839D008215D
:10410000F0F7C1FC0146E0682030FBF7A0FBE06857
:10411000FF212030FBF78CFA2089ADF800000099D0
:10412000E06800E020E02030FBF777FA95F8200007
:10413000C00720D070E00E21E86801E70C21FFE6FF
:104140000E21E8680AE70C2108E70C2116E7182180
:10415000E8684DE714214BE70E21E86856E70C218B
:1041600054E70E21E8685FE70C215DE71021E8685D
:10417000C6E70C21C4E71220FAF706F80146E0680A
:104180002030FBF768FB0020F0F778FD00EB4000E3
:104190004FF4A07950304FF0A008484517DB0020BD
:1041A000F0F76CFD00EB400050300DE0645800204B
:1041B000D40500201A171500302B280037322F00A5
:1041C0007F2C0208D8F4040890FBF8F000E00120EE
:1041D00001B2E0682030FBF753FBE0687F2120301C
:1041E000FBF749FB0020F0F749FD502707EB800063
:1041F000484507DB0020F0F741FD07EB800191FB0C
:10420000F8F000E0012001B2E868F0F73CFC01465C
:10421000E0682030FBF72AFBA088ADF80000E068DA
:1042200000992030FBF741FB607801287ED00228FE
:10423000E8687CD05FF01001F0F725FC0146E068EB
:104240002030FBF779FAE06800F120086078012857
:104250006ED00228E8686CD05FF00A01F0F713FC1A
:10426000074601464046FBF781FA39464046FBF7D0
:104270004EFA0521E868F0F706FC0146E0682030B8
:10428000FBF74AFA0521E868F0F7FDFB0146E06814
:104290002030FBF766FAFF49FD4808600831FE4808
:1042A0000860E068583000F0D5FBE068F949583004
:1042B000FBF7DEF9E06823215830FBF7DDF9E06811
:1042C000603000F0C7FBF349E06808316030FBF76D
:1042D000CFF9E0687F216030FBF7CEF9E068C030AD
:1042E00000F0B8FBE0680121C030FBF7BDF9E068E1
:1042F0000121C030FBF7ABF9E068803000F0AAFB89
:10430000607801287ED00228E8687CD05FF0100138
:10431000F0F7B9FB0146E0688030FBF7E5F960781B
:10432000012871D00228E8686FD003E09FE2A1E283
:10433000A2E2A4E25FF01001F0F7A5FB0146E068FD
:104340008030FBF70EFA607801287DD00228E868FB
:104350007BD01021F0F797FB0146E0688030FBF737
:10436000DBF9E068783000F075FB607801286DD0EB
:104370000228E8686BD00A21F0F785FB0146E06867
:104380007830FBF7B1F9607801287CD00228E86822
:104390007AD00A21F0F777FB0146E0687830FBF726
:1043A000C0F9E068883000F055FB0A21E868F0F7B2
:1043B0006AFB0146E0688830FBF7D3F90A21E86818
:1043C000F0F761FB0146E0688830FBF7A5F9E0688B
:1043D000903000F03FFB1421E868F0F754FB0146F1
:1043E000E0689030FBF76DFAE068983000F032FB3F
:1043F000E06802219830FBF753FAE068683000F07B
:1044000029FB03E03DE23FE240E242E2E0680021B6
:104410006830FBF769F9E06800216830FBF7A1F923
:10442000E06800216830FBF777F9E068703000F051
:1044300011FB607801287DD00228E8687BD002213A
:10444000F0F721FB014603E025E227E228E22AE219
:10445000E0687030FBF748F9607801286CD00228DA
:10446000E8686AD05FF00201F0F70DFB0146E068F2
:104470007030FBF776F9607801287DD00228E86873
:104480007BD0022101E010E212E2F0F7FCFA0146D3
:10449000E0687030FBF740F9E068283000F0DAFAA5
:1044A000E068B16B2830FBF7B8F8F0F7D8FA0146AE
:1044B000E0682830FBF7F9F9E068FF212830FBF7C6
:1044C000B7F8E068303000F0C5FAE068B16B303022
:1044D000FBF7A3F8E068B16B3030FBF7E6F9E06872
:1044E00033213030FBF7A4F8E068383000F0B2FA3E
:1044F000708FADF80000E06800993830FBF78DF858
:10450000F0F7ADFA0146E0683830FBF7CEF9E06825
:10451000FF213830FBF78CF8E068403000F09AFA61
:10452000708FADF80000E06800994030FBF775F837
:10453000708F03E0BEE1C0E1C1E1C3E1ADF800006E
:10454000E06800994030FBF7B0F9E0683321403073
:10455000FBF76EF8E068483000F07CFA2089ADF88F
:104560000000E06800994830FBF757F8E068FF2149
:104570004830FBF75DF801E0A6E1A8E1A088ADF8BE
:104580000000E06800994830FBF78FF9E068503090
:1045900000F060FAE088ADF80000E0680099503063
:1045A000FBF73BF8E068FF215030FBF741F8A088AB
:1045B000ADF80000E06800995030FBF776F9E0684C
:1045C000B03000F047FAE06857465146B030FBF78C
:1045D0003EF9E068B83000F03DFAE0680021B830FC
:1045E000FBF735F9E068C83000F034FA0321E868D9
:1045F000F0F749FA0146E068C830FBF76CF903218F
:10460000E868F0F740FA0146E068C830FBF75EF969
:10461000E068F03000F01EFAE068B16BF030FAF7B5
:10462000FCFFE068FF21F030FBF702F80621E868A4
:10463000F0F729FA0146E068F030FBF755F8E0683A
:104640003946F030FBF703F9E068E03000F002FA99
:10465000E068C821E030FAF7C8FFE068E83000F011
:10466000F9F9E0687821E830FAF7BFFFE06800F573
:10467000807000F0EFF92089ADF80000E068009943
:1046800000F58070FAF7B5FF0F21E86806E000003A
:10469000CB9D0108E4050020DD100208F0F7F3F9D6
:1046A0000146E06800F58070FAF7B2FFE06801218A
:1046B00000F58070FAF7A8FFE06800F5847000F05C
:1046C000C9F9E068B16B00F58470FAF792FFE06811
:1046D00000F5887000F0BEF9E0684FF4827100F5D3
:1046E0008870FAF7E2FFE06800F58C7000F0B2F92C
:1046F0000421E868F0F7C7F9404201B2E06800F52C
:104700008C70FAF7F1FFF0F7AAF90146E06800F5BE
:104710008C70FAF782FFE06800F5947000F09AF967
:104720000521E868F0F7AFF90146E06800F59470FC
:10473000FAF7B6FFA088ADF80000E068009900F530
:104740009470FAF7A2FF1421E868F0F79CF901468B
:10475000E06800F59470FBF798F80F21E868F0F72F
:1047600092F90146E06800F59470FAF7F0FFE0680E
:1047700000F5987000F06EF9E068394600F5987021
:10478000FBF765F8A088ADF80000E068009900F537
:104790009870FAF742FFE068FF2100F59870FAF789
:1047A00047FF0F21E868F0F76EF90146E06800F571
:1047B0009870FBF76AF8E06800F5907000F04AF92D
:1047C0000121E868F0F75FF90146E06800F59070B4
:1047D000FAF745FF2089ADF80000E068009900F580
:1047E0009070FAF729FFE068032100F59070FAF75E
:1047F00032FFE06800F59C7000F02CF9A088ADF85D
:104800000000E068009900F59C70FAF715FF02219E
:10481000E868F0F738F90146E06800F59C70FAF7AF
:104820001EFF0121E868F0F72EF9404201B2E0686E
:1048300000F59C70FAF78BFFE068042100F59C708E
:10484000FAF709FFE0684FF4C87100F59C70FAF7B9
:10485000CCFEE06800F5A07000F0FCF895F82000B0
:10486000C00736D002211220F9F75CFC35E0182190
:10487000E868E1E41421DFE40E21E868EEE40C21AD
:10488000ECE41821E86843E5142141E51821E868C3
:1048900052E5142150E51821E8685BE5142159E53B
:1048A0000E21E86868E50C2166E50E21E86871E5EF
:1048B0000C216FE50821E868C2E50621C0E5082162
:1048C000E868D1E50621CFE50821E868DAE50621A8
:1048D000D8E501211220F9F73DFC0146E06800F51A
:1048E000A070FAF7E2FFE06800F5A47000F0B2F8FB
:1048F000607801287ED00228E8687CD05FF00A0149
:10490000F0F7C1F80146E06800F5A470FAF7ECFE94
:104910006078012870D00228E8686ED05FF00A0144
:10492000F0F7B1F800EBD0704110E06800F5A4702A
:10493000FAF7F7FEE06800F5A87000F08BF80121A7
:10494000E868F0F7A0F80146E06800F5A870FAF70B
:1049500086FE2089ADF80000E068009900F5A87097
:10496000FAF76AFEE088ADF80000E068009900F50B
:10497000A870FAF752FEE068332100F5A870FAF744
:1049800057FEE06800F5AC7000F064F8607801282C
:104990004CD00228E8684CD05FF00A01F0F773F8B9
:1049A0000146E06800F5AC70FAF7C6FE60780128B1
:1049B00041D00228E86841D05FF00A01F0F763F8BF
:1049C0000146E06800F5AC70FAF7D0FE6078012887
:1049D00036D00228E86836D05FF00201F0F753F8CD
:1049E0000146E06800F5AC70FAF791FE60780128A6
:1049F0002BD003E010E012E013E015E00228E86895
:104A000026D00A21F0F73FF80146E068BDE8FC47F0
:104A100000F5AC70FAF785BE0E21E86870E70C214E
:104A20006EE70E21E8687BE70C2179E70E21E86844
:104A3000B4E70C21B2E70E21E868BFE70C21BDE71F
:104A40000821E868CAE70621C8E70E21E868D9E727
:104A50000C21D7E70349097809B1FAF7B4BDFAF791
:104A6000C6BC0000D40500202DE9F35F0198F6F7DD
:104A70000FFEF84CDFF8E0934FF48038E8B1F749C7
:104A80000198F6F719F8E0B10198F6F701FEF4493C
:104A9000F6F712F800287CD1E1680022183101985D
:104AA000F5F732FDE168424608310198F5F72CFD33
:104AB000E1684A461031019828E30022E168019834
:104AC000EEE7E8490198F5F7F7FFA0B3E1680022A7
:104AD00020310198F5F718FDE1680022283101988E
:104AE000F5F712FDE1680022D0310198F5F70CFDD1
:104AF000E168202258310198F5F706FDE16820228F
:104B0000D8310198F5F700FDE1680422A031019841
:104B1000F5F7FAFCE1682022C8310198F5F7F4FCBA
:104B2000E168012238310198F5F7EEFCE168802256
:104B300060310198EAE2FFE7CB490198F5F7BCFF45
:104B40004FF4A027DFF824A307F1040B002865D059
:104B50000198F6F79DFDC249F5F7AEFFC34DE16838
:104B60006035002801984FF0000223D001F5A471B0
:104B7000F5F7CAFCE1680422A0310198F5F7C4FCFE
:104B8000E1680822A8310198F5F7BEFC3A46E168D1
:104B900000E0C0E201F5A8710198F5F7B5FCE16805
:104BA000524658310198F5F7AFFCE1682A4660316A
:104BB000019825E01831F5F7A7FCE1680422A0313F
:104BC0000198F5F7A1FCE1680822A8310198F5F7F2
:104BD0009BFCE1683A4620310198F5F795FCE168C5
:104BE0002A4660310198F5F78FFCE168524658314A
:104BF0000198F5F789FC9D4AE1681F3A2831019830
:104C0000F5F782FCE1685A46A0310198F5F77CFC83
:104C1000964AE168183AA831019877E294490198D8
:104C2000F5F74AFF4FF4003510B3E1680022303148
:104C30000198F5F769FCE1680022B0310198F5F7B9
:104C400063FCE1680422A0310198F5F75DFCE1689E
:104C50000822A8310198F5F757FCE1682A46283167
:104C60000198F5F751FCE1682A46B03101984DE210
:104C700080490198F5F720FF4FF44036A8B3E1686A
:104C8000002230310198F5F73FFCE1680022B03195
:104C90000198F5F739FCE1680422A0310198F5F795
:104CA00033FCE1680822A8310198F5F72DFCE16892
:104CB0002A4628310198F5F727FCE1682A46B031E9
:104CC0000198F5F721FCE1683246F0310198F5F7DB
:104CD0001BFC694DE1682A46C8310198F5F714FCC0
:104CE000E1683246D0310198ACE0FFE763490198B2
:104CF000F5F7E2FEF0B3E168002218310198F5F70C
:104D000003FCE168002268310198F5F7FDFBE168DA
:104D10000022B8310198F5F7F7FBE1680422A031D1
:104D20000198F5F7F1FBE1680822A8310198F5F741
:104D3000EBFBE168424608310198F5F7E5FBE168D5
:104D40004A4610310198F5F7DFFBE1683A465031E9
:104D50000198F5F7D9FBE1683A4601F590710198A1
:104D6000F5F7D2FBE1683A4680310198F5F7CCFBC4
:104D7000524600E010E0E16801985831F5F7C4FBB5
:104D8000E1685A4628310198F5F7BEFB374AE168D9
:104D9000183A38310198B9E139490198F5F78CFE94
:104DA000002871D0E168002248310198F5F7ACFB8A
:104DB000E1680022B0310198F5F7A6FBE168002216
:104DC000E8310198F5F7A0FBE16880226031019895
:104DD000F5F79AFBE1680422A0310198F5F794FBFE
:104DE000284FE1683A4628310198F5F78DFBE168D4
:104DF0002A46B0310198F5F787FB224AE1687F32F5
:104E000060310198F5F780FBE1683246F031019896
:104E1000F5F77AFBE168324650310198F5F774FBFB
:104E2000E168324601F58C710198F5F76DFB124A85
:104E3000E168603260310198F5F766FBE1683A4657
:104E4000D8310198F5F760FBE1682A46D83101981E
:104E50005CE119E0D40500204000010044F404089E
:104E600068F40408D8C90508F4C90508200005003D
:104E7000BCC905089CCA05082000030008CD050828
:104E8000B8CA050801000200A4490198F5F714FE0C
:104E90004FF4802740B3E168002218310198F5F7FC
:104EA00033FBE1680022E0310198F5F72DFBE16862
:104EB000002290310198F5F727FBE1680022983134
:104EC0000198F5F721FBE1680422A0310198F5F77C
:104ED0001BFBE1680822A8310198F5F715FBE16892
:104EE0003A462831019811E18D490198F5F7E4FD22
:104EF00040B3E168002218310198F5F705FBE1683D
:104F0000002278310198F5F7FFFAE1680022D031EC
:104F10000198F5F7F9FAE1682022D8310198F5F700
:104F2000F3FAE168202258310198F5F7EDFAE168CB
:104F30000422A0310198F5F7E7FAE1680822A831C8
:104F400001987FE777490198F5F7B6FDB0B3E168BE
:104F5000002218310198F5F7D7FAE1680022C03134
:104F60000198F5F7D1FAE168002290310198F5F740
:104F7000CBFAE168002201F588710198F5F7C4FACF
:104F8000E168424608310198F5F7BEFAE1684A4601
:104F900010310198F5F7B8FAE1683A4650310198B6
:104FA000F5F7B2FAE168604A28310198F5F7ACFAF2
:104FB0005D4AE1681F3258310198A7E0FFE75B497D
:104FC0000198F5F779FDC8B1E168002201F580711B
:104FD0000198F5F799FAE1682A4601F58071019880
:104FE000F5F792FAE1682A4601F584710198F5F720
:104FF0008BFAE1683246F031019887E04C4901981C
:10500000F5F75AFD98B1E168002201F58071019829
:10501000F5F77AFAE1682A4601F580710198F5F70B
:1050200073FAE1682A4601F5847101986EE04149FE
:105030000198F5F741FD88B1E16800221831019827
:10504000F5F762FAE1680022B0310198F5F75CFAF1
:10505000E1682A4601F59871019857E036490198B0
:10506000F5F72AFD88B3E168002218310198F5F7B9
:105070004BFAE168002278310198F5F745FAE168CA
:105080000422A0310198F5F73FFAE1680822A8311F
:105090000198F5F739FAE168424608310198F5F7C9
:1050A00033FAE1684A4610310198F5F72DFAE168C4
:1050B000224A01F59C710198F5F726FAE1684FF450
:1050C000002201F5A071019820E0FFE71C4901983A
:1050D000F5F7F2FC50B1E168002218310198F5F7BC
:1050E00013FAE1680022683101980FE01549019830
:1050F000F5F7E2FC28B914490198F5F7DDFC002822
:1051000009D0E1680198002201F5AC7102B0BDE858
:10511000F05FF5F7F9B9BDE8FC9F000064CA050827
:1051200010CA05082CCA050801000400A0C905081A
:10513000BCF4040880CE050864CE05080200070010
:1051400068F4040884F40408A0F40408C143491C6A
:105150000840B0FA80F0C0F11F00704718B1B0FAF3
:1051600080F0C0F12000401E704700002DE9F041A2
:105170000C46DBF7BDFC78B1DBF7BAFCFF280BD09F
:105180000A4E0127B51CDBF7B7FC094801883180BE
:1051900080882880A77301E00020A073034801885D
:1051A000218040886080BDE8F0810000D4060020A6
:1051B00080040020FEB500250446042206680BE0AA
:1051C000F06802EBC503C058830104D5A36820F042
:1051D0007F40984206D06D1C708CC0F3C500A84279
:1051E000EED8FEBDA388472B5ED00EDC342B4ED00C
:1051F00006DC202B58D0302B56D0332B16D146E06E
:105200003B2B51D0442B11D14EE0682B3FD004DC16
:10521000632B3FD0672B09D139E0A3F58060573865
:1052200042D000F6FE70B0F5005F30D059B3FF29D0
:105230002BD0D4E90302121A4A4300EB222000903B
:10524000F068012701AA50F835001946FAF79EF8D0
:1052500050B1DDE90001884206D1BDF80000BDF87B
:105260000410884200D10027F068A188009A50F805
:105270003500FAF781FA002FB3D0A288A168206820
:10528000F8F75EF9FEBDE068D9E72069D7E7FF29A6
:10529000FBDAF8E7E0680028F7D02269002ACED0D0
:1052A0008029CCDB0092CBE7002901DCA08920E03B
:1052B000FF2901DB208A1CE0C8B2228AB4F80CC0A6
:1052C000001DC7080C491FFA8CF092B240EA00405A
:1052D00042EA024208400A40121A7A4300EB521096
:1052E000084040EA1040ADF8080080B20290BDF8D6
:1052F0000800ADF80000A3E71FF8E0072DE9F04132
:1053000004682648A6882568E1F7E5FF10E0A14279
:105310000BD008682268904207D18868A268904242
:1053200003D18888A288904236D01C48E1F7E5FF77
:105330000100ECD1698C00270420C1F3C50129E0EC
:10534000EA6800EBC703D258930122D5A36822F084
:105350007F429A421DD121461048E2F726F82046A6
:10536000F4F72CFEE868314600EBC7042068FAF732
:10537000C7F8E86850F83700FAF73CF800280BD077
:105380006068216820F07F422846BDE8F041F8F7C8
:1053900055B97F1CB942D3D8BDE8F081DC58002054
:1053A00070B50468A068A28800F47F0631462068C2
:1053B000F7F732F8E060A5880020A08023462A464F
:1053C0003146206800F00CF8A580A1682068EBF752
:1053D00009FEA1880068E268BDE87040FAF7CCB920
:1053E0002DE9FF4F064681B09B4689460027264897
:1053F000E1F78AFF04464FF4702A4FF004083DE0BD
:105400005C453DD021462048E1F77BFF00902068B5
:10541000B04232D1A168494501D0D1452DD1A188F2
:105420000398814203D0A0F57F41FF3925D10025A3
:105430001EE000BFF06808EBC50141588A0116D58F
:10544000D14503D021F07F424A4510D150F83500B4
:10545000A188FAF755F800212046EDF77FFB214699
:105460000948E1F7A2FF2046F4F7A8FD01276D1CCB
:10547000708CC0F3C500A842DCD8009C002CBFD1C2
:1054800005B03846BDE8F08FDC5800200148C069FF
:10549000FBF73AB8E40000202DE9FC410020F5F7C5
:1054A0004FFCB54C10212060F5F7B8FB2068EDF7F4
:1054B0007DFC3C216060F8F7D1FD3C216068F8F785
:1054C0000FFB6FF0450631466068F8F7DEFD3146A8
:1054D0006068F8F7F1FD09216068F8F7BEFA02216B
:1054E0006068F5F79BFBA54D60682978EEF75FF8DB
:1054F00040F275224FF487716068EDF754FF002287
:1055000008216068F8F7CFFCDFF874824046EFF7B7
:10551000F1F801464FF400373A466068F8F7B2FCFC
:105520003A46FF216068F8F7B9FC3A4608216068FE
:10553000F8F7B9FC9348EFF7DDF801464FF4403730
:105540003A466068F8F7B5FC3A46FF216068F8F71C
:10555000C2FC3A4600216068F8F738FD3A4600215F
:105560006068F8F739FD3A4600216068F8F73AFDBF
:105570003A4600216068F8F723FD2068F3F77CFDC8
:1055800042F2D1773946A060F8F768FD3946A06845
:10559000F8F7A6FA3146A068F8F777FD3146A0681B
:1055A000F8F78AFD0921A068F8F757FA76A1A068F4
:1055B000F4F7CCFB4046EFF79DF801460022A068C7
:1055C000F8F721FD0022FF21A068F8F72FFD002247
:1055D0006E49A068F8F724FD2068F3F74DFD3946C1
:1055E000E060F8F73BFD3946E068F8F779FA3146B4
:1055F000E068F8F74AFD6FF01801E068F8F75CFD25
:105600000921E068F8F729FA2A7861A16846E0F7ED
:10561000F1FB6946E068F4F799FB4046EFF76AF85A
:1056200001460022E068F8F7EEFC0022FF21E06866
:10563000F8F7FCFC00225849E068F8F7F1FC206814
:10564000F3F71AFD39462061F8F708FD394620695D
:10565000F8F746FA32212069F8F717FD711D206925
:10566000F8F72AFD09212069F8F7F7F94B484CA112
:1056700002786846E0F7BEFB69462069F4F766FBEE
:105680004046EFF737F8014600222069F8F7BBFCE7
:105690000022FF212069F8F7C9FC00224249206955
:1056A000F8F7BEFC2068F3F7E7FC39466061F8F7CD
:1056B000D5FC39466069F8F713FA32216069F8F7CA
:1056C000E4FC3C216069F8F7F7FC09216069F8F710
:1056D000C4F9364832A102786846E0F78BFB694688
:1056E0006069F4F733FB4046EFF704F80146002207
:1056F0006069F8F788FC0022FF216069F8F796FCE2
:10570000002229496069F8F78BFC2068F3F7B4FCA4
:105710003946A061F8F7A2FC3946A069F8F7E0F92C
:105720007110A069F8F7B1FC3221A069F8F7C4FC48
:105730000921A069F8F791F91DA1A069F4F706FB0A
:105740004046EEF7D7FF01460022A069F8F75BFC60
:105750000022A021A069F8F769FC00221249A06983
:10576000F8F75EFC00224FF4FA611248FAF7ACFE3B
:10577000E061BDE8FC810000E4000020A101002000
:1057800064C8640032C83200EE9A8F0014830408A3
:1057900025326425250000009C1204089C0100208D
:1057A00025303264000000006C8004089D01002058
:1057B0003A000000F90B0108704700002DE9FC4792
:1057C000E2480168684688470020F5F7B9FAE04CDE
:1057D0001021E063F5F722FAE06BF9F759F800229F
:1057E000DC492064F9F760F99DF8030000221638BF
:1057F00081B2206CF9F7C3F97821206CF8F770F9C1
:1058000042F2D1794946206CF8F728FC0821206C37
:10581000F8F73BFC0021206CF8F74EFC0721206CC8
:10582000F8F71BF9CC4D2846EEF775FF014600222C
:10583000206CF8F7E8FB0022FF21206CF8F7F6FB5C
:105840000022C649206CF8F7EBFB00221146206CC1
:10585000F8F7CEFB6FF07F463046EEF75CFF01466F
:105860000022206CF8F725FB00221146206CF8F787
:1058700032FB00221146206CF8F743FB3046EEF76E
:105880004AFF01464FF480273A46206CF8F711FB97
:105890003A460021206CF8F71EFB46F2FF484046CE
:1058A000EEF739FF01463A46206CF8F76BFB3A46B3
:1058B000FF21206CF8F772FB3A460221206CF8F7C2
:1058C00079FB3A460121206CF8F76EFBE06BF8F7A4
:1058D000DFFFA049002246316064F9F7E5F89DF842
:1058E00001000022401E81B2606CF9F748F978216E
:1058F000606CF8F7F5F84946606CF8F7AFFB1121DA
:10590000606CF8F7C2FB0021606CF8F7D5FB092149
:10591000606CF8F7A2F82846EEF7FDFE014600227B
:10592000606CF8F770FB0022FF21606CF8F77EFBDB
:1059300000228A49606CF8F773FB00221146606C04
:10594000F8F756FB3046EEF7E6FE01460022606CA3
:10595000F8F7AFFA00221146606CF8F7BCFA0022A3
:105960001146606CF8F7CDFA3046EEF7D4FE0146EA
:105970003A46606CF8F79DFA3A460021606CF8F7F9
:10598000AAFA4046EEF7C7FE01463A46606CF8F7C1
:10599000F9FA3A46FF21606CF8F700FB3A4602211B
:1059A000606CF8F707FB3A460121606CF8F7FCFAE7
:1059B000E06BF8F76DFF674900226131A064F9F7E9
:1059C00073F89DF802000022401E81B2A06CF9F726
:1059D000D6F87821A06CF8F783F84946A06CF8F760
:1059E0003DFB6FF00701A06CF8F74FFB0021A06CA6
:1059F000F8F762FB0821A06CF8F72FF82846EEF7BD
:105A00008AFE01460022A06CF8F7FDFA0022FF2171
:105A1000A06CF8F70BFB00225049A06CF8F700FBD4
:105A200000221146A06CF8F7E3FA3046EEF773FE59
:105A300001460022A06CF8F73CFA00221146A06C47
:105A4000F8F749FA00221146A06CF8F75AFA3046E6
:105A5000EEF761FE01463A46A06CF8F72AFA3A469C
:105A60000021A06CF8F737FA4046EEF754FE0146E5
:105A70003A46A06CF8F786FA3A46FF21A06CF8F790
:105A80008DFA3A460221A06CF8F794FA3A460121C1
:105A9000A06CF8F789FAE06BEEF740F8F021E064CB
:105AA000F8F7DCFA3221E06CF8F71AF80521E06C1F
:105AB000F7F7D3FF3912E06CF4F7ECFC1021E06C3F
:105AC000F5F7ACF800221146E06CF8F791FA284699
:105AD000EEF721FE01460022E06CF8F7EAF9002219
:105AE0008021E06CF8F7F7F920220021E06CF8F74C
:105AF0007FFA3046EEF70FFE01462022E06CF8F701
:105B0000D8F920228021E06CF8F7E5F9E06CF3F792
:105B1000B3FA49462065F8F7A1FA4946206DF7F730
:105B2000DFFF0921206DF7F798FF0DA1206DF4F735
:105B30000DF900220B49206DF8F772FA00231A467E
:105B40000949E06CF4F768FCBDE8FC8754000020CC
:105B500010010020A8AF0308808080007C1B04088F
:105B6000EEB49D00E0BA04080193030870470000FA
:105B70002DE9F0470020F5F7E3F8FE4C10216060B6
:105B8000F5F74CF86068F5F7DBF8F021A060F8F75E
:105B900065FA4621A068F7F7A3FF0221A068F7F78E
:105BA0005CFF1021A068F5F739F800221146A068C3
:105BB000F8F71EFA6FF07F473846EEF7ACFD014666
:105BC0000022A068F8F775F900221146A068F8F7DE
:105BD00082F900221146A068F8F793F9A068F9F756
:105BE000BFFE3721E060F8F739FA1921E068F7F7CE
:105BF00077FF0821E068F7F730FF207818B101211E
:105C0000E068F4F77AFCA068F3F736FA42F2D1794B
:105C100049462061F8F722FA49462069F7F760FF04
:105C200014212069F8F731FA00212069F8F744FAC5
:105C300007212069F7F711FFCFA12069F4F786F853
:105C40000022D0492069F8F7EBF96068F5F778F899
:105C5000F0216061F8F702FA46216069F7F740FF2A
:105C600000216069F8F711FA46216069F8F724FA13
:105C700002216069F7F7F1FE10216069F4F7CEFFA9
:105C8000002211466069F8F7B3F93846EEF743FD94
:105C9000014600226069F8F70CF90022114660699C
:105CA000F8F719F9002211466069F8F72AF9B64D9C
:105CB0002846EEF730FD014620226069F8F7F9F832
:105CC000202280216069F8F706F96069F3F7D4F9BA
:105CD0004946A061F8F7C2F94946A069F7F700FF05
:105CE0001421A069F8F7D1F90021A069F8F7E4F9C7
:105CF0000721A069F7F7B1FEA4A1A069F4F726F87F
:105D00000022A049A069F8F78BF96069F3F7B4F9AC
:105D10004946E061F8F7A2F94946E069F7F7E0FE85
:105D20000021E069F8F7B1F96FF00E063146E0693D
:105D3000F8F7C2F90821E069F7F78FFE97A1E0694B
:105D4000F4F704F800228F49E069F8F769F960690F
:105D5000F3F792F949462062F8F780F94946206A3C
:105D6000F7F7BEFE0021206AF8F78FF96FF00408FC
:105D70004146206AF8F7A0F90821206AF7F76DFE7E
:105D800086A1206AF3F7E2FF00227E49206AF8F735
:105D900047F96069F3F770F949466062F8F75EF910
:105DA0004946606AF7F79CFE0021606AF8F76DF9D2
:105DB0000521606AF8F780F90821606AF7F74DFE5F
:105DC00076A1606AF3F7C2FF00226E49606AF8F7B5
:105DD00027F96068F4F7B4FFF021A062F8F73EF904
:105DE0004621A06AF7F77CFE0021A06AF8F74DF97A
:105DF0008C21A06AF8F760F90221A06AF7F72DFE5E
:105E00001021A06AF4F70AFF00221146A06AF8F7F1
:105E1000EFF83846EEF77FFC01460022A06AF8F75B
:105E200048F800221146A06AF8F755F800221146FA
:105E3000A06AF8F766F82846EEF76DFC01462022C6
:105E4000A06AF8F736F820228021A06AF8F743F814
:105E5000A06AF3F711F94946E062F8F7FFF84946FE
:105E6000E06AF7F73DFE1421E06AF8F70EF9002129
:105E7000E06AF8F721F90721E06AF7F7EEFD48A19B
:105E8000E06AF3F763FF00223E49E06AF8F7C8F8DA
:105E9000A06AF3F7F1F849462063F8F7DFF84946BE
:105EA000206BF7F71DFE0021206BF8F7EEF8314666
:105EB000206BF8F701F90821206BF7F7CEFD37A129
:105EC000206BF3F743FF00222E49206BF8F7A8F868
:105ED000A06AF3F7D1F849466063F8F7BFF849467E
:105EE000606BF7F7FDFD0021606BF8F7CEF84146D7
:105EF000606BF8F7E1F80821606BF7F7AEFD27A1BA
:105F0000606BF3F723FF00221E49606BF8F788F8F7
:105F1000A06AF3F7B1F84946A063F8F79FF849463D
:105F2000A06BF7F7DDFD0021A06BF8F7AEF80521B7
:105F3000A06BF8F7C1F80821A06BF7F78EFD17A149
:105F4000A06BF3F703FF00220E49A06BF8F768F887
:105F500000231A4616496068F4F75EFA00231A46D1
:105F600014496069F4F758FA00231A461249A06AE6
:105F700024E0000010010020E5908CE6ADA5415022
:105F8000500000001008040880808000E697A5E615
:105F90009C9FE8AEBEE7BDAE000000002E000000F2
:105FA000E697B6E997B4E8AEBEE7BDAE00000000E4
:105FB000959303087993030861970308F4F72CFA83
:105FC000E068BDE8F04700231A460149F4F724BA17
:105FD000859203080148806AFAF796BA1C020020ED
:105FE0002DE9FE4FFE4900200880F4F7A9FEFD4D83
:105FF00010212861F4F712FE2869F3F73DF842F208
:10600000D17631466861F8F729F831466869F7F7C3
:1060100067FD6FF068016869F8F737F86FF04501C0
:106020006869F8F749F808216869F7F716FD2A78D2
:10603000EDA16846DFF7DEFE69466869F3F786FE84
:106040000022EA496869F7F7EBFF2869F3F714F8CB
:106050003146A861F8F702F83146A869F7F740FD24
:106060006FF05101A869F8F710F86FF04501A869C1
:10607000F8F722F80821A869F7F7EFFCDCA1A86976
:10608000F3F764FEDFF86CA35046EEF755FB0146CC
:106090000022A869F7F7B7FF0022FF21A869F7F7E8
:1060A000C5FF0022D149A869F7F7BAFF2869F2F7BE
:1060B000E3FF3146E861F7F7D1FF3146E869F7F7CA
:1060C0000FFD6FF013094946E869F7F7DEFF6FF03F
:1060D0004501E869F7F7F0FF0821E869F7F7BDFC2B
:1060E0006A78C5A16846DFF785FE6946E869F3F777
:1060F0002DFE0022BD49E869F7F792FF2869ECF709
:1061000055FE32212862F7F7A9FF3221286AF7F7F6
:10611000E7FC6FF04A042146286AF7F7B6FF6FF0F4
:10612000430B5946286AF7F7C7FF0921286AF7F792
:1061300094FC0221286AF4F771FD6979286AEDF769
:1061400036FA00220521286AF7F7ADFEAC48EEF7D3
:10615000F3FA01464FF400373A46286AF7F792FE01
:106160003A46FF21286AF7F799FE3A460521286A40
:10617000F7F799FEA248EEF7DFFA01464FF44038F0
:106180004246286AF7F795FE4246FF21286AF7F74C
:10619000A2FE42460021286AF7F718FF4246002176
:1061A000286AF7F719FF42460021286AF7F71AFF15
:1061B00042460021286AF7F703FF2869F2F75CFFDF
:1061C00031466862F7F74AFF3146686AF7F788FC9C
:1061D0002146686AF7F759FF6FF03101686AF7F7EF
:1061E0006BFF0921686AF7F738FC86A1686AF3F744
:1061F000ADFD8348EEF7A0FA01460022686AF7F782
:1062000002FF0022FF21686AF7F710FF00227E4993
:10621000686AF7F705FF2869F2F72EFF3146A86292
:10622000F7F71CFF3146A86AF7F75AFC2146A86A1F
:10623000F7F72BFF5946A86AF7F73EFF0921A86A2E
:10624000F7F70BFC6A7971A16846DFF7D3FD694661
:10625000A86AF3F77BFD00226E49A86AF7F7E0FE13
:106260002869F2F709FF3146E862F7F7F7FE314691
:10627000E86AF7F735FC2146E86AF7F706FF6FF0A2
:106280006D0B5946E86AF7F717FF0821E86AF7F738
:10629000E4FBEB78AA7860A16846DFF7ABFD6946BE
:1062A000E86AF3F753FD5F48EEF746FA014600222D
:1062B000E86AF7F7A8FE0022FF21E86AF7F7B6FEC2
:1062C00000225949E86AF7F7ABFE2869F2F7D4FED5
:1062D00031462863F7F7C2FE3146286BF7F700FC1A
:1062E0004946286BF7F7D1FE5946286BF7F7E4FECD
:1062F0000821286BF7F7B1FB297905F1AC0000EB19
:10630000810050F8041C286BF3F720FD4548EEF798
:1063100013FA01460022286BF7F775FE0022FF21D1
:10632000286BF7F783FE00223F49286BF7F778FECA
:106330002869F2F7A1FE31466863F7F78FFE314610
:10634000686BF7F7CDFB6FF05901686BF7F79DFEAF
:106350006FF0040B5946686BF7F7AEFE0921686BC6
:10636000F7F77BFB31A1686BF3F7F0FC3048EEF7F1
:10637000E3F901460022686BF7F745FE0022FF2192
:10638000686BF7F753FE00222A49686BF7F748FE5F
:106390002869F2F771FE3146A863F7F75FFE3146D0
:1063A000A86BF7F79DFB6FF02701A86BF7F76DFE61
:1063B0005946A86BF7F780FE0921A86BF7F74DFB4C
:1063C0001DA1A86BF3F7C2FC1948EEF7B5F9014619
:1063D0000022A86BF7F717FE0022FF21A86B33E01D
:1063E000880200209C01002025326400AC3804089B
:1063F0003A000000808080002530326400000000F8
:1064000019C81900EE9A8F002481040825326425EA
:1064100025000000182A05082532642D2530326435
:10642000000000001E46FF0084C90508EE99B60072
:10643000FF78320014830408E4BB8AE697A5E6AD32
:10644000A5E695B000000000F7F7F0FD0022FE4938
:10645000A86BF7F7E5FD2869F2F70EFE3146E86311
:10646000F7F7FCFD3146E86BF7F73AFB611FE86B85
:10647000F7F70BFE1421E86BF7F71EFE0921E86B16
:10648000F7F7EBFAAA89F1A16846DFF7B3FC694692
:10649000E86BF3F75BFC0022ED49E86BF7F7C0FD12
:1064A0002869EDF7E5F9002228212864EDF7A9FA1B
:1064B000C821286CF7F7D2FD0A21286CF7F710FBEA
:1064C0000021286CF7F7E1FD2821286CF7F7F4FD8F
:1064D0000921286CF7F7C1FADE48EEF72DF90146DD
:1064E0003A46286CF7F7E5FC3A46FF21286CF7F7A7
:1064F000F2FC2869ECF75AFC32216864F7F7AEFD2C
:106500003221686CF7F7ECFA2146686CF7F7BDFDAD
:106510005A21686CF7F7D0FD0921686CF7F79DFAEE
:106520000221686CF4F77AFB3C224946686CECF770
:10653000EBFF95F90910686CEDF739F80022052199
:10654000686CF7F7B0FCDFF810934846EEF7F4F804
:1065500001463A46686CF7F795FC3A46FF21686CAD
:10656000F7F79CFC3A460521686CF7F79CFC484617
:10657000EEF7E2F8014644464246686CF7F799FCAC
:106580002246FF21686CF7F7A6FC22460021686CC2
:10659000F7F71CFD22460021686CF7F71DFD224627
:1065A0000021686CF7F71EFD22460021686CF7F7A2
:1065B00007FD2869F2F760FD3146A864F7F74EFD44
:1065C0003146A86CF7F78CFA6FF04A01A86CF7F720
:1065D0005CFD5A21A86CF7F76FFD0921A86CF7F74D
:1065E0003CFA9EA1A86CF3F7B1FB4846EEF7A4F87D
:1065F00001460022A86CF7F706FD0022FF21A86CD7
:10660000F7F714FD00229649A86CF7F709FD2869F1
:10661000F2F732FD3146E864F7F720FD3146E86CC9
:10662000F7F75EFA6FF04801E86CF7F72EFD7D2171
:10663000E86CF7F741FD0921E86CF7F70EFA95F9D8
:10664000092082A16846DFF7D5FB6946E86CF3F7BD
:106650007DFB2869F2F710FD31462865F7F7FEFC4F
:106660003146286DF7F73CFA0021286DF7F70DFD4C
:106670005921286DF7F720FD0921286DF7F7EDF96D
:1066800078A1286DF3F762FBDFF8DC914846EEF75E
:1066900053F801460022286DF7F7B5FC0022FF21D0
:1066A000286DF7F7C3FC00227049286DF7F7B8FC96
:1066B0002869ECF77BFB32216865F7F7CFFC3221C4
:1066C000686DF7F70DFA0021686DF7F7DEFC5A21C7
:1066D000686DF7F7F1FC0921686DF7F7BEF9022143
:1066E000686DF4F79BFA95F90A10686DECF75FFF97
:1066F0004FF41B7B5A464FF48771686DECF753FEDD
:1067000000220521686DF7F7CEFB4846EEF714F836
:1067100001463A46686DF7F7B5FB3A46FF21686DCA
:10672000F7F7BCFB3A460521686DF7F7BCFB484616
:10673000EEF702F801462246686DF7F7BAFB2246EB
:10674000FF21686DF7F7C7FB22460021686DF7F758
:106750003DFC22460021686DF7F73EFC22460021F1
:10676000686DF7F73FFC22460021686DF7F728FCBB
:106770002869F2F781FC3146A865F7F76FFC3146CE
:10678000A86DF7F7ADF90021A86DF7F77EFC7D2124
:10679000A86DF7F791FC0921A86DF7F75EF995F957
:1067A0000A202AA16846DFF725FB6946A86DF3F7A2
:1067B000CDFA2869ECF7FAFA3221E865F7F74EFCD2
:1067C0003221E86DF7F78CF94621E86DF7F75DFCAB
:1067D0005A21E86DF7F770FC0921E86DF7F73DF9EC
:1067E0000221E86DF4F71AFA6421E86DECF7DFFE98
:1067F0005A464FF48771E86DECF7D5FD002205216C
:10680000E86DF7F750FBDFF868904846EDF794FF26
:1068100001463A46E86DF7F735FB3A46FF21E86D49
:10682000F7F73CFB3A460521E86DF7F73CFB484695
:10683000EDF782FF01462246E86DF7F73AFB224664
:10684000FF21E86D16E0000098B8030825640000F9
:1068500064740508FF7832003AA7F500EE999900B4
:106860006C960408EE99B300E1C81400088B040884
:106870003214E100F7F72FFB22460021E86DF7F70D
:10688000A5FB22460021E86DF7F7A6FB2246002172
:10689000E86DF7F7A7FB22460021E86DF7F790FBBC
:1068A0002869F2F7E9FB31462866F7F7D7FB31464E
:1068B000286EF7F715F94621286EF7F7E6FB5A21FF
:1068C000286EF7F7F9FB0921286EF7F7C6F8FEA145
:1068D000286EF3F73BFA4846EDF72EFF01460022FB
:1068E000286EF7F790FB0022FF21286EF7F79EFB3A
:1068F0000022F649286EF7F793FB2869F2F7BCFBF4
:1069000031466866F7F7AAFB3146686EF7F7E8F894
:106910004621686EF7F7B9FB7D21686EF7F7CCFB6F
:106920000921686EF7F799F8E94890F86D20AFF201
:10693000E4016846DFF75EFA6946686EF3F706FA27
:106940002869F4F7FDF9F021A866F7F787FB4FF403
:10695000D271A86EF7F7C4F80021A86EF7F795FB7F
:106960006FF009094946A86EF7F7A6FB0221A86E49
:10697000F7F773F800236FF081021946A86EF6F757
:10698000F7FE4FF44871A86EF4F748F90C21A86E91
:10699000F7F74BF9CF4C2046EDF7CEFE014600222B
:1069A000A86EF7F786FA00221146A86EF7F793FA59
:1069B0000020EDF7C1FE01460022A86EF7F790FA1D
:1069C00000221146A86EF7F797FA7A100021A86EF8
:1069D000F7F781FAC04A0021A86EF7F77CFAA86E93
:1069E000F4F7AEF9F021E866F7F738FB8221E86E9C
:1069F000F7F776F80021E86EF7F747FB4946E86EAF
:106A0000F7F75AFB0221E86EF7F727F81221E86E34
:106A1000F4F704F92046EDF78FFE01460022E86EF8
:106A2000F7F747FA0022C821E86EF7F754FAA86E84
:106A3000EDF774F832212867F7F710FB3221286F41
:106A4000F7F74EF80021286FF7F71FFB0521286F95
:106A5000F7F732FB4FF481694946286FF3F71AFDC7
:106A60001021286FF4F7DAF854465046EDF764FE2B
:106A700001460022286FF7F71CFA0022FF21286F39
:106A8000F7F729FA9548EDF757FE01460122286FDE
:106A9000F7F70FFA0122FF21286FF7F71CFA287A7F
:106AA00018B10121286FF3F728FD286FF2F7E4FAF7
:106AB00031466867F7F7D2FA3146686FF7F710F892
:106AC0000921686FF6F7C9FF85A1686FF3F73EF9F2
:106AD0006FF07F4A5046EDF72FFE01460022686FA7
:106AE000F7F791FA0022FF21686FF7F79FFA00226B
:106AF0007C49686FF7F794FAA86EEDF70FF832212A
:106B0000A867F7F7ABFA3221A86FF6F7E9FF002183
:106B1000A86FF7F7BAFA4121A86FF7F7CDFA4946FF
:106B2000A86FF3F7B7FC1021A86FF4F777F8A14628
:106B30002046EDF701FE01460022A86FF7F7B9F9EC
:106B40000022FF21A86FF7F7C6F96448EDF7F4FDBE
:106B500001460122A86FF7F7ACF90122FF21A86FC7
:106B6000F7F7B9F9E87918B10121A86FF3F7C5FC77
:106B7000A86FF2F781FA3146E867F7F76FFA314606
:106B8000E86FF6F7ADFF0921E86FF6F766FF56A14B
:106B9000E86FF3F7DBF85046EDF7CEFD0146002233
:106BA000E86FF7F730FA0022FF21E86FF7F73EFAB7
:106BB00000224C49E86FF7F733FAA86EECF7AEFF06
:106BC0004A4C32212060F7F749FA32212068F6F763
:106BD00087FF00212068F7F758FA05212068F7F7AA
:106BE0006BFA02212068F6F738FF4FF4806B5946A4
:106BF0002068F3F74FFC10212068F4F70FF848469F
:106C0000EDF79AFD014600222068F7F752F90022BD
:106C1000FF212068F7F75FF92068F2F72DFA314677
:106C20006060F7F71BFA31466068F6F759FF0921F3
:106C30006068F6F712FF2EA16068F3F787F85046F8
:106C4000EDF77AFD014600226068F7F7DCF90022D3
:106C5000FF216068F7F7EAF9002222496068F7F738
:106C6000DFF9A86EECF75AFF3221A060F7F7F6F9CA
:106C70003221A068F6F734FF0021A068F7F705FA83
:106C80004121A068F7F718FA0221A068F6F7E5FE9F
:106C90005946A068F3F7FEFB1021A068F3F7BEFF8A
:106CA0004846EDF749FD01460022A068F7F701F9D3
:106CB0000022FF21A068F7F70EF9A068F2F7DCF9CF
:106CC0003146E06016E00000EE9DA200409B040803
:106CD000540000203232320040000100C86432000B
:106CE000EEA68600F8B10408EE9887001C0200208A
:106CF000EE98AC00F7F7B2F93146E068F6F7F0FE2F
:106D00000921E068F6F7A9FE7FA1E068F3F71EF815
:106D10005046EDF711FD01460022E068F7F773F9E0
:106D20000022FF21E068F7F781F900227749E06847
:106D3000F7F776F9A86EF8F76BF82061A9790022C9
:106D4000ECF75FFE2069ECF715FE012806D002285B
:106D500004D100210A462069ECF72EFE3221206979
:106D6000F7F77CF96E212069F6F7BAFE0021206959
:106D7000F7F78BF905212069F7F79EF903212069C0
:106D8000F6F76BFE00220F212069F7F731F948462C
:106D9000EDF7D2FC014600222069F7F78AF80022BD
:106DA000FF212069F7F797F83A4600212069F7F7A5
:106DB0001FF95748EDF7C0FC01463A462069F7F73E
:106DC00078F83A46FF212069F7F785F80020EDF7BB
:106DD000B3FC0146474642462069F7F76AF83A464F
:106DE00000212069F7F777F82069F2F745F9314675
:106DF0006061F7F733F931466069F6F771FE0021FB
:106E00006069F7F742F91E216069F7F755F9092122
:106E10006069F6F722FE3FA16069F2F797FF5046DE
:106E2000EDF78AFC014600226069F7F7ECF80022D2
:106E3000FF216069F7F7FAF8002234496069F7F733
:106E4000EFF8A86EF3F77CFFF021A061F7F706F9E1
:106E50008221A069F6F744FE0021A069F7F715F931
:106E60004FF4D271A069F7F727F90221A069F6F76C
:106E7000F4FD1221A069F3F7D1FE2748EDF75CFC81
:106E800001460022A069F7F714F800221146A06914
:106E9000F7F721F80020EDF74FFC01460022A0692A
:106EA000F7F71EF800221146A069F7F725F800232E
:106EB0001A461A492869F3F7AFFA00231A46184907
:106EC000286FF3F7A9FA00231A461649A86FF3F7BB
:106ED000A3FA00231A4614492068F3F79DFA002309
:106EE0001A461249A068F3F797FA00231A46104988
:106EF0002069F3F791FA00224FF4FA710D48F9F77F
:106F0000E3FAA062BDE8FE8FEE988000F8B10408B5
:106F1000C8643200EE99BA0032323200E5930308B9
:106F2000C9950308B9920308159603086D960308DE
:106F30004594030809390108704700002DE9F04124
:106F40000020F3F7FDFE894C10216060F3F766FE28
:106F50006068F7F79DFC002285A1A060F7F7A4FD0B
:106F60000022A178A068F7F70AFE9621A068F6F73C
:106F7000B7FD42F2D1784146A068F7F76FF80921D2
:106F8000A068F6F76AFD7F4D2846EDF7F7FB01464E
:106F90000022A068F7F737F80022C821A068F7F7A9
:106FA00045F800227849A068F7F73AF80020EDF795
:106FB000E5FB01460022A068F6F77BFF00221146A0
:106FC000A068F6F788FF00221146A068F6F799FF3F
:106FD0006FF07F463046EDF7D1FB01464FF4802736
:106FE0003A46A068F7F70FF83A46FF21A068F7F78E
:106FF0001DF83046EDF7C2FB01463A46A068F6F7A9
:1070000058FF3A460021A068F6F765FF46F2FF40B8
:10701000EDF7B4FB01463A46A068F6F7B3FF3A46EF
:10702000FF21A068F6F7BAFF3A460221A068F6F7FA
:10703000C1FF3A460121A068F6F7B6FF6068F2F793
:107040001BF84146E060F7F709F84146E068F6F7BB
:1070500047FD3C21E068F7F718F80021E068F7F7F2
:107060002BF80921E068F6F7F8FC48A1E068F2F790
:107070006DFE00224649E068F6F7D2FF6068ECF743
:107080004DFDF0212061F6F7E9FF32212069F6F786
:1070900027FD05212069F6F7E0FC39122069F3F796
:1070A000F9F910212069F3F7B9FD00221146206992
:1070B000F6F79EFF2846EDF761FB014600222069A6
:1070C000F6F7F7FE002280212069F6F704FF30462C
:1070D000EDF754FB014620222069F6F7EAFE202254
:1070E00080212069F6F7F7FE2069F1F7C5FF4146D8
:1070F0006061F6F7B3FF41466069F6F7F1FC0921DC
:107100006069F6F7AAFC23A16069F2F71FFE00226E
:1071100021496069F6F784FF6068F1F7ADFF4146E9
:10712000A061F6F79BFF4146A069F6F7D9FC002164
:10713000A069F6F7AAFF6FF06801A069F6F7BCFF37
:107140000921A069F6F789FC14A1A069F2F7FEFDF8
:1071500000221149A069F6F763FF2069BDE8F041FC
:1071600000231A460E49F3F757B9000068030020C0
:1071700031300A31350A32300A33300A34350A36B2
:1071800030000000808080004C270408E7A79200B0
:1071900010080408EEB49D00E0BA0408EE988E00D2
:1071A00015940308704700002DE9F0470020F3F71D
:1071B000C7FDFE4C6060F3F7C3FDF021A060F6F759
:1071C0004DFF4621A068F6F78BFC0221A068F6F778
:1071D00044FC1021A068F3F721FD00221146A068AD
:1071E000F6F706FF6FF07F473846EDF7B6FA01462F
:1071F0000022A068F6F75DFE00221146A068F6F7AF
:107200006AFE0020EDF7A9FA01460022A068F6F711
:1072100067FE00221146A068F6F76EFEE44D284690
:10722000EDF79BFA01462022A068F6F742FE2022E5
:107230006421A068F6F74FFEA068ECF76FFC2821E8
:10724000E060F6F70BFF2821E068F6F749FC07211C
:10725000E068F6F702FC4FF480684146E068F3F717
:1072600019F91221E068F3F7D9FC00222821E0681F
:10727000F6F7BEFECF48EDF770FA01460022E0684F
:10728000F6F717FE0022FF21E068F6F724FEE0681B
:10729000F1F7F2FE42F2D17631462061F6F7DEFEDA
:1072A00031462069F6F71CFC09212069F6F7D5FB69
:1072B000C1A12069F2F74AFD0022C0492069F6F712
:1072C000AFFEA068F1F7D8FE31466061F6F7C6FE62
:1072D00031466069F6F704FC3C216069F6F7D5FE9B
:1072E00000216069F6F7E8FE07216069F6F7B5FB53
:1072F000B3A16069F2F72AFD0022B3496069F6F78D
:107300008FFE6068F3F71CFDF021A061F6F7A6FE82
:107310004621A069F6F7E4FB0021A069F6F7B5FE67
:107320004621A069F6F7C8FE0221A069F6F795FB91
:107330001021A069F3F772FC00221146A069F6F74C
:1073400057FE3846EDF709FA01460022A069F6F724
:10735000B0FD00221146A069F6F7BDFD0020EDF753
:10736000FCF901460022A069F6F7BAFD0022114699
:10737000A069F6F7C1FD2846EDF7EFF90146202296
:10738000A069F6F796FD20226421A069F6F7A3FD17
:10739000A069ECF7C3FB2821E061F6F75FFE282126
:1073A000E069F6F79DFB0721E069F6F756FB4146D9
:1073B000E069F3F76FF81221E069F3F72FFC002280
:1073C0002821E069F6F714FE8048EDF7C6F901467A
:1073D0000022E069F6F76DFD0022FF21E069F6F773
:1073E0007AFDE069F1F748FE31462062F6F736FE95
:1073F0003146206AF6F774FB0921206AF6F72DFB67
:1074000073A1206AF2F7A2FC00227249206AF6F703
:1074100007FEA069F1F730FE31466062F6F71EFE06
:107420003146606AF6F75CFB3C21606AF6F72DFE98
:107430000021606AF6F740FE0721606AF6F70DFB4F
:1074400065A1606AF2F782FC00225F49606AF6F784
:10745000E7FD6068F3F774FCF021A062F6F7FEFD2B
:107460004621A06AF6F73CFB0021A06AF6F70DFE64
:107470008C21A06AF6F720FE0221A06AF6F7EDFA49
:107480001021A06AF3F7CAFB00221146A06AF6F7A2
:10749000AFFD3846EDF761F901460022A06AF6F724
:1074A00008FD00221146A06AF6F715FD0020EDF751
:1074B00054F901460022A06AF6F712FD0022114697
:1074C000A06AF6F719FD2846EDF747F90146202294
:1074D000A06AF6F7EEFC20226421A06AF6F7FBFC16
:1074E000A06AECF71BFB2821E062F6F7B7FD282124
:1074F000E06AF6F7F5FA0721E06AF6F7AEFA4146D8
:10750000E06AF2F7C7FF1221E06AF3F787FB002277
:107510002821E06AF6F76CFD3248EDF71EF90146C6
:107520000022E06AF6F7C5FC0022FF21E06AF6F7C8
:10753000D2FCE06AF1F7A0FD31462063F6F78EFD3C
:107540003146206BF6F7CCFA0921206BF6F785FA65
:1075500025A1206BF2F7FAFB00222449206BF6F7F5
:107560005FFDA06AF1F788FD31466063F6F776FDAE
:107570003146606BF6F7B4FA3C21606BF6F785FD97
:107580000021606BF6F798FD0721606BF6F765FA4E
:1075900017A1606BF2F7DAFB00220B49606BF6F77C
:1075A0003FFD6068F3F7CCFBF02125E08802002066
:1075B000808080008080FF00EE9881006C96040837
:1075C000E697A520E58E8600100804080064C80030
:1075D000EEA29B00088B0408E8AEA120E7AE97203E
:1075E000E599A800E680DC00EE98B300F8B1040845
:1075F000E7A79220E8A1A800A063F6F72FFD462197
:10760000A06BF6F76DFA0021A06BF6F73EFDD221D4
:10761000A06BF6F751FD0221A06BF6F71EFA1021C0
:10762000A06BF3F7FBFA00221146A06BF6F7E0FC23
:10763000B9463846EDF791F801460022A06BF6F7FF
:1076400038FC00221146A06BF6F745FC0020EDF750
:1076500084F801460022A06BF6F742FC0022114696
:10766000A06BF6F749FC2846EDF777F80146202293
:10767000A06BF6F71EFC20226421A06BF6F72BFC12
:10768000A06BECF74BFA2821E063F6F7E7FC282122
:10769000E06BF6F725FA0721E06BF6F7DEF94746CF
:1076A0004146E06BF2F7F6FE1221E06BF3F7B6FA13
:1076B00000222821E06BF6F79BFCFE48EDF74DF821
:1076C00001460022E06BF6F7F4FB0022FF21E06B9D
:1076D000F6F701FCE06BF1F7CFFC31462064F6F7DA
:1076E000BDFC3146206CF6F7FBF90921206CF6F75A
:1076F000B4F9F1A1206CF2F729FB0022EF49206CCC
:10770000F6F78EFCA06BF1F7B7FC31466064F6F734
:10771000A5FC3146606CF6F7E3F93C21606CF6F7A6
:10772000B4FC0021606CF6F7C7FC0721606CF6F72B
:1077300094F9E3A1606CF2F709FB0022E249606C66
:10774000F6F76EFC6068F3F7FBFAF021A064F6F739
:1077500085FC4621A06CF6F7C3F90021A06CF6F772
:1077600094FC4FF48C71A06CF6F7A6FC0221A06C7F
:10777000F6F773F91021A06CF3F750FA00221146C6
:10778000A06CF6F735FC4846ECF7E7FF014600220F
:10779000A06CF6F78EFB00221146A06CF6F79BFB5F
:1077A0000020ECF7DAFF01460022A06CF6F798FB08
:1077B00000221146A06CF6F79FFB2846ECF7CDFFA0
:1077C00001462022A06CF6F774FB20226421A06CF5
:1077D000F6F781FBA06CECF7A1F92821E064F6F73D
:1077E0003DFC2821E06CF6F77BF90721E06CF6F709
:1077F00034F93946E06CF2F74DFE1221E06CF3F7F4
:107800000DFA00222821E06CF6F7F2FB49F28060C5
:10781000ECF7A3FF01460022E06CF6F74AFB0022DA
:10782000FF21E06CF6F757FBE06CF1F725FC3146E1
:107830002065F6F713FC3146206DF6F751F9092162
:10784000206DF6F70AF9A1A1206DF2F77FFA002268
:107850009F49206DF6F7E4FBA06CF1F70DFC314673
:107860006065F6F7FBFB3146606DF6F739F93C21B0
:10787000606DF6F70AFC0021606DF6F71DFC07212C
:10788000606DF6F7EAF893A1606DF2F75FFA0022F7
:107890008D49606DF6F7C4FB6068F3F751FAF0218B
:1078A000A065F6F7DBFB4621A06DF6F719F900217C
:1078B000A06DF6F7EAFB4FF4AF71A06DF6F7FCFB95
:1078C0000221A06DF6F7C9F81021A06DF3F7A6F913
:1078D00000221146A06DF6F78BFB4846ECF73DFF02
:1078E00001460022A06DF6F7E4FA00221146A06DD1
:1078F000F6F7F1FA0020ECF730FF01460022A06D08
:10790000F6F7EEFA00221146A06DF6F7F5FAA84652
:107910002846ECF722FF01462022A06DF6F7C9FAAF
:1079200020226421A06DF6F7D6FAA06DECF7F6F8E8
:107930002821E065F6F792FB2821E06DF6F7D0F8F4
:107940000721E06DF6F789F8BA463D463946E06D05
:10795000F2F7A0FD1221E06DF3F760F90022282173
:10796000E06DF6F745FB4FF44800ECF7F6FE0146F4
:107970000022E06DF6F79DFA0022FF21E06DF6F798
:10798000AAFAE06DF1F778FB374631462066F6F744
:1079900065FB3946206EF6F7A3F80921206EF6F74D
:1079A0005CF84EA1206EF2F7D1F900224C49206E0E
:1079B000F6F736FBA06DF1F75FFB39466066F6F728
:1079C0004DFB3946606EF6F78BF83C21606EF6F79A
:1079D0005CFB0021606EF6F76FFB0721606EF6F727
:1079E0003CF840A1606EF2F7B1F900223649606EB2
:1079F000F6F716FB6068F3F7A3F9F021A066F6F737
:107A00002DFB4621A06EF6F76BF80021A06EF6F76D
:107A10003CFB4FF4D271A06EF6F74EFB0221A06E34
:107A2000F6F71BF81021A06EF3F7F8F800221146C4
:107A3000A06EF6F7DDFA4E464846ECF78EFE01469C
:107A40000022A06EF6F735FA00221146A06EF6F776
:107A500042FA0020ECF781FE01460022A06EF6F704
:107A60003FFA00221146A06EF6F746FA4046ECF7C0
:107A700074FE01462022A06EF6F71BFA2022642134
:107A8000A06EF6F728FAA06EECF748F82821E06619
:107A9000F6F7E4FA2821E06EF6F722F80721E06E07
:107AA000F5F7DBFF2946E06EF2F7F4FC1221E06EF9
:107AB0001CE000001E648000EE9ABF00409B04089A
:107AC000E58DA120E58C850010080408EE989C0047
:107AD0006C960408E8BF9020E58AA800EE9DA200FD
:107AE000F8B10408E5BF8320E78E8700F3F796F826
:107AF00000222821E06EF6F77BFA48F2FF00ECF74F
:107B00002CFE01460022E06EF6F7D3F90022FF2199
:107B1000E06EF6F7E0F9E06EF1F7AEFA394620676D
:107B2000F6F79CFA3946206FF5F7DAFF0221206F4D
:107B3000F6F7ABFA0021206FF6F7BEFA0921206FA5
:107B4000F5F78BFFFEA1206FF2F700F90022FD4947
:107B5000206FF6F765FAA06EF1F78EFA3946606786
:107B6000F6F77CFA3946606FF5F7BAFF3C21606F93
:107B7000F6F78BFA0021606FF6F79EFA0721606F27
:107B8000F5F76BFFF0A1606FF2F7E0F80022F04923
:107B9000606FF6F745FA6068F3F7D2F8F021A06756
:107BA000F6F75CFA4621A06FF5F79AFF0021A06F67
:107BB000F6F76BFA4FF4F571A06FF6F77DFA022134
:107BC000A06FF5F74AFF1021A06FF3F727F8002206
:107BD0001146A06FF6F70CFA3046ECF7BEFD0146F1
:107BE0000022A06FF6F765F900221146A06FF6F7A4
:107BF00072F90020ECF7B1FD01460022A06FF6F704
:107C00006FF900221146A06FF6F776F94046ECF7BF
:107C1000A4FD01462022A06FF6F74BF92022642133
:107C2000A06FF6F758F9A06FEBF778FF2821E0670F
:107C3000F6F714FA2821E06FF5F752FF0721E06FFD
:107C4000F5F70BFF2946E06FF2F724FC1221E06FF5
:107C5000F2F7E4FF00222821E06FF6F7C9F949F2B4
:107C60003260ECF77AFD01460022E06FF6F721F969
:107C70000022FF21E06FF6F72EF9E06FF1F7FCF933
:107C800004F1800539462860F6F7E8F93946286896
:107C9000F5F726FF09212868F5F7DFFEADA1286872
:107CA000F2F754F80022A7492868F6F7B9F9A06F4F
:107CB000F1F7E2F939466860F6F7D0F939466868B5
:107CC000F5F70EFF3C216868F6F7DFF900216868D8
:107CD000F6F7F2F907216868F5F7BFFE9EA168681C
:107CE000F2F734F800229A496868F6F799F9606863
:107CF000F3F726F8F021A860F6F7B0F94621A86856
:107D0000F5F7EEFE0021A868F6F7BFF94FF40C7105
:107D1000A868F6F7D1F90221A868F5F79EFE1021B0
:107D2000A868F2F77BFF00221146A868F6F760F911
:107D3000B1463046ECF711FD01460022A868F6F77F
:107D4000B8F800221146A868F6F7C5F80020ECF74D
:107D500004FD01460022A868F6F7C2F80022114689
:107D6000A868F6F7C9F84046ECF7F7FC0146202270
:107D7000A868F6F79EF820226421A868F6F7ABF809
:107D8000A868EBF7CBFE2821E860F6F767F9282111
:107D9000E868F5F7A5FE0721E868F5F75EFE5646A8
:107DA0005146E868F2F776FB1221E868F2F736FFF1
:107DB00000222821E868F6F71BF94FF08010ECF755
:107DC000CCFC01460022E868F6F773F80022FF2198
:107DD000E868F6F780F8E868F1F74EF93946286167
:107DE000F6F73CF939462869F5F77AFE0921286942
:107DF000F5F733FE5AA12869F1F7A8FF002251498F
:107E00002869F6F70DF9A868F1F736F9394668617F
:107E1000F6F724F939466869F5F762FE3C2168698E
:107E2000F6F733F900216869F6F746F90721686922
:107E3000F5F713FE4BA16869F1F788FF002244496A
:107E40006869F6F7EDF86068F2F77AFFF021A8614B
:107E5000F6F704F94621A869F5F742FE0021A86962
:107E6000F6F713F940F27621A869F6F725F9022111
:107E7000A869F5F7F2FD1021A869F2F7CFFE0022FC
:107E80001146A869F6F7B4F84846ECF766FC0146D7
:107E90000022A869F6F70DF800221146A869F6F746
:107EA0001AF80020ECF759FC01460022A869F6F701
:107EB00017F800221146A869F6F71EF84046ECF7BD
:107EC0004CFC01462022A869F5F7F3FF202264212B
:107ED000A869F6F700F8A869EBF720FE2821E86109
:107EE000F6F7BCF82821E869F5F7FAFD0721E869FB
:107EF000F5F7B3FD3146E869F2F7CCFA1221E869EB
:107F0000F2F78CFE00222821E869F6F771F818488C
:107F1000ECF723FC01460022E869F5F7CAFF0022CE
:107F2000FF21E869F5F7D7FFE869F1F7A5F83946C9
:107F30002862F6F793F83946286AF5F7D1FD19E07B
:107F4000EE999200F8B10408E8A18020E6B0A700FD
:107F500010080408EE9C8600E78EAF20E5A283009F
:107F6000EE9E8800E68C8720E58D9720E9928800B8
:107F70001070C0000921286AF5F76FFDE8A1286A92
:107F8000F1F7E4FE0022E749286AF6F749F8A86904
:107F9000F1F772F839466862F6F760F83946686AB0
:107FA000F5F79EFD3C21686AF6F76FF80021686AD4
:107FB000F6F782F80721686AF5F74FFDDAA1686ADB
:107FC000F1F7C4FE0022DA49686AF6F729F860681A
:107FD000F2F7B6FEF021A862F6F740F84621A86A4B
:107FE000F5F77EFD0021A86AF6F74FF84FF42F71E0
:107FF000A86AF6F761F80221A86AF5F72EFD1021AC
:10800000A86AF2F70BFE00221146A86AF5F7F0FF06
:108010004846ECF7A2FB01460022A86AF5F749FFA3
:1080200000221146A86AF5F756FF0020ECF795FBF1
:1080300001460022A86AF5F753FF00221146A86AFC
:10804000F5F75AFF4046ECF788FB01462022A86A64
:10805000F5F72FFF20226421A86AF5F73CFFA86AF4
:10806000EBF75CFD2821E862F5F7F8FF2821E86AC4
:10807000F5F736FD0721E86AF5F7EFFC3146E86AC7
:10808000F2F708FA1221E86AF2F7C8FD0022282167
:10809000E86AF5F7ADFF4046ECF75FFB01460022CA
:1080A000E86AF5F706FF0022FF21E86AF5F713FFFB
:1080B000E86AF0F7E1FF39462863F5F7CFFF394664
:1080C000286BF5F70DFD0921286BF5F7C6FC99A182
:1080D000286BF1F73BFE00229249286BF5F7A0FFD1
:1080E000A86AF0F7C9FF39466863F5F7B7FF394664
:1080F000686BF5F7F5FC3C21686BF5F7C6FF0021CE
:10810000686BF5F7D9FF0721686BF5F7A6FC8AA124
:10811000686BF1F71BFE00228549686BF5F780FF5D
:108120006068F2F70DFEF021A863F5F797FF46218E
:10813000A86BF5F7D5FC0021A86BF5F7A6FF40F278
:108140000231A86BF5F7B8FF0221A86BF5F785FCA3
:108150001021A86BF2F762FD00221146A86BF5F71B
:1081600047FF4846ECF7F9FA01460022A86BF5F7FD
:10817000A0FE00221146A86BF5F7ADFE0020ECF73B
:10818000ECFA01460022A86BF5F7AAFE0022114680
:10819000A86BF5F7B1FE4046ECF7DFFA0146202266
:1081A000A86BF5F786FE20226421A86BF5F793FEF5
:1081B000A86BEBF7B3FC2821E863F5F74FFF282104
:1081C000E86BF5F78DFC0721E86BF5F746FC3146C7
:1081D000E86BF2F75FF91221E86BF2F71FFD00225E
:1081E0002821E86BF5F704FF5548ECF7B6FA01468D
:1081F0000022E86BF5F75DFE0022FF21E86BF5F742
:108200006AFEE86BF0F738FF39462864F5F726FF79
:108210003946286CF5F764FC0921286CF5F71DFC3C
:1082200048A1286CF1F792FD00223E49286CF5F731
:10823000F7FEA86BF0F720FF39466864F5F70EFFEC
:108240003946686CF5F74CFC3C21686CF5F71DFF6E
:108250000021686CF5F730FF0721686CF5F7FDFB2E
:1082600039A1686CF1F772FD00223149686CF5F7AD
:10827000D7FE0023B4F9002019466068F5F775FBB6
:1082800000231A4632496068F2F7C6F800231A46FE
:108290003049A068F2F7C0F800231A462E49A069B9
:1082A000F2F7BAF800231A462C49A06AF2F7B4F89C
:1082B00000231A462A49A06BF2F7AEF800231A46AB
:1082C0002849A06CF2F7A8F800231A462649A06DA9
:1082D000F2F7A2F800231A462449A06EF2F79CF8A0
:1082E00000231A462249A06FF2F796F800231A4697
:1082F0002049A868F2F790F800231A461E49A86999
:10830000F2F78AF800231A461C49A86AF2F784F8A3
:10831000A86BBDE8F04700231A461949F2F77CB86C
:10832000EE98B5006C960408E6B8B820E6888F0091
:1083300010080408EE988000E8AEBE20E7BDAE004D
:1083400064646400EE988B00E585B320E4BA8E0087
:1083500045950308C5940308E9940308B7950308F5
:10836000D7940308A59503081F95030831950308C2
:10837000FB940308B39403080D9503088195030843
:10838000A19403087047000070B50020F2F7D8FCF4
:10839000374C1021E061F2F741FCE069F6F738FD57
:1083A000DC212062F5F75AFE3221206AF5F798FBAE
:1083B0000921206AF5F751FB2E48ECF7BDF901467B
:1083C0000022206AF5F775FD00228021206AF5F76A
:1083D00082FD4FF400052846ECF7AEF90146AE11D8
:1083E0003246206AF5F765FD3246FF21206AF5F72F
:1083F00072FD2846ECF7A0F901464FF440352A46B5
:10840000206AF5F756FD2A460021206AF5F763FD3C
:10841000206AF0F731FE42F2D17529466062F5F725
:108420001DFE2946606AF5F75BFB0921606AF5F7D6
:1084300014FB11A1606AF1F789FC6FF07F40ECF743
:108440007BF901460022606AF5F7DDFD0022C821B4
:10845000606AF5F7EBFD00220B49606AF5F7E0FD75
:10846000206ABDE8704000231A460849F1F7D4BFDE
:108470001C02002080808000E6BB91E58AA8E5858B
:10848000B3E69CBA000000001008040839960308FF
:10849000704700002DE9F0470020F2F751FCFE4C38
:1084A0002060F2F74DFCF0216060F5F7D7FD462122
:1084B0006068F5F715FB02216068F5F7CEFA102128
:1084C0006068F2F7ABFB002211466068F5F790FD9B
:1084D0006FF07F463046ECF762F901460022606893
:1084E000F5F7E7FC002211466068F5F7F4FC00227E
:1084F00011466068F5F705FDDFF8A0834046ECF70C
:108500004EF9014620226068F5F7D3FC2022642151
:108510006068F5F7E0FC6068EBF700FB2821A060DD
:10852000F5F79CFD2821A068F5F7DAFA0721A06885
:10853000F5F793FA4FF480673946A068F1F7AAFF80
:108540001221A068F2F76AFB00222821A068F5F743
:108550004FFD48F2FF094846ECF721F90146002299
:10856000A068F5F7A6FC0022FF21A068F5F7B3FC90
:10857000A068F0F781FD42F2D1752946E060F5F779
:108580006DFD2946E068F5F7ABFA0921E068F5F7DB
:1085900064FAC3A1E068F1F7D9FB0022C149E068A1
:1085A000F5F73EFD6068F0F767FD29462061F5F7B5
:1085B00055FD29462069F5F793FA3C212069F5F726
:1085C00064FD00212069F5F777FD07212069F5F7A3
:1085D00044FAB5A12069F1F7B9FB0022B649206938
:1085E000F5F71EFD2068F2F7ABFBF0216061F5F7AF
:1085F00035FD46216069F5F773FA00216069F5F7EA
:1086000044FD46216069F5F757FD02216069F5F7E1
:1086100024FA10216069F2F701FB0022114660691B
:10862000F5F7E6FC3046ECF7BAF80146002260693F
:10863000F5F73FFC002211466069F5F74CFC00227B
:1086400011466069F5F75DFC4046ECF7A8F8014675
:1086500020226069F5F72DFC202264216069F5F77E
:108660003AFC6069EBF75AFA2821A061F5F7F6FCAD
:108670002821A069F5F734FA0721A069F5F7EDF98B
:108680003946A069F1F706FF1221A069F2F7C6FA90
:1086900000222821A069F5F7ABFCDFF820A25046A4
:1086A000ECF77DF801460022A069F5F702FC0022F4
:1086B000FF21A069F5F70FFCA069F0F7DDFC294662
:1086C000E061F5F7CBFC2946E069F5F709FA0921E5
:1086D000E069F5F7C2F97AA1E069F1F737FB00220A
:1086E0007849E069F5F79CFC6069F0F7C5FC29461C
:1086F0002062F5F7B3FC2946206AF5F7F1F93C2131
:10870000206AF5F7C2FC0021206AF5F7D5FC0721A5
:10871000206AF5F7A2F96CA1206AF1F717FB002295
:108720006549206AF5F77CFC2068F2F709FBF02127
:108730006062F5F793FC4621606AF5F7D1F90021F4
:10874000606AF5F7A2FC8C21606AF5F7B5FC02219E
:10875000606AF5F782F91021606AF2F75FFA002289
:108760001146606AF5F744FC3046ECF718F801460C
:108770000022606AF5F79DFB00221146606AF5F75A
:10878000AAFB00221146606AF5F7BBFB4046ECF7F6
:1087900006F801462022606AF5F78BFB202264214F
:1087A000606AF5F798FB606AEBF7B8F92821A062D8
:1087B000F5F754FC2821A06AF5F792F90721A06A81
:1087C000F5F74BF93946A06AF1F764FE1221A06A69
:1087D000F2F724FA00222821A06AF5F709FC48469E
:1087E000EBF7DDFF01460022A06AF5F762FB0022ED
:1087F000FF21A06AF5F76FFBA06AF0F73DFC294660
:10880000E062F5F72BFC2946E06AF5F769F90921E2
:10881000E06AF5F722F930A1E06AF1F797FA002251
:108820002E49E06AF5F7FCFB606AF0F725FC294663
:108830002063F5F713FC2946206BF5F751F93C212D
:10884000206BF5F722FC0021206BF5F735FC0721A2
:10885000206BF5F702F922A1206BF1F777FA0022DD
:108860001549206BF5F7DCFB2068F2F769FAF02177
:108870006063F5F7F3FB4621606BF5F731F90021F2
:10888000606BF5F702FCD221606BF5F715FC022155
:10889000606BF5F7E2F82BE0A803002080808000F1
:1088A000EE988E00409B0408E5B8B8E4BAAEE697AF
:1088B000B6E997B400000000100804081980E10030
:1088C000EE9A9600E0BA0408E78684E5B18FE69751
:1088D000B6E997B400000000EE9BA400088B0408E2
:1088E000E697B6E997B4E697A5E69C9F00000000DE
:1088F0001021606BF2F792F900221146606BF5F7D8
:1089000077FB3046EBF74BFF01460022606BF5F733
:10891000D0FA00221146606BF5F7DDFA002211460D
:10892000606BF5F7EEFA606BEBF7F8F82821A063BF
:10893000F5F794FB2821A06BF5F7D2F80721A06B7F
:10894000F5F78BF83946A06BF1F7A4FD1221A06B67
:10895000F2F764F900222821A06BF5F749FB914852
:10896000EBF71DFF01460022A06BF5F7A2FA0022EB
:10897000FF21A06BF5F7AFFAA06BF0F77DFB29465E
:10898000E063F5F76BFB2946E06BF5F7A9F80921E1
:10899000E06BF5F762F884A1E06BF1F7D7F90022FC
:1089A0008249E06BF5F73CFB606BF0F765FB29460D
:1089B0002064F5F753FB2946206CF5F791F83C212C
:1089C000206CF5F762FB0021206CF5F775FB0721A1
:1089D000206CF5F742F876A1206CF1F7B7F9002288
:1089E0007749206CF5F71CFB606BF6F7B9FF372170
:1089F0006064F5F733FB1921606CF5F771F8082115
:108A0000606CF5F72AF86F4890F8350018B101212D
:108A1000606CF1F772FD2068F2F792F9F021A06422
:108A2000F5F71CFB4621A06CF5F75AF80021A06C65
:108A3000F5F72BFB4FF48C71A06CF5F73DFB022191
:108A4000A06CF5F70AF81021A06CF2F7E7F8002205
:108A50001146A06CF5F7CCFA3046EBF7A0FE0146C4
:108A60000022A06CF5F725FA00221146A06CF5F75C
:108A700032FA00221146A06CF5F743FA4046EBF7B4
:108A80008EFE01462022A06CF5F713FA2022642105
:108A9000A06CF5F720FAA06CEBF740F82821E06411
:108AA000F5F7DCFA2821E06CF5F71AF80721E06CFD
:108AB000F4F7D3FF3946E06CF1F7ECFC1221E06CDF
:108AC000F2F7ACF800222821E06CF5F791FA504655
:108AD000EBF765FE01460022E06CF5F7EAF90022AB
:108AE000FF21E06CF5F7F7F9E06CF0F7C5FA2946DD
:108AF0002065F5F7B3FA2946206DF4F7F1FF092157
:108B0000206DF4F7AAFF30A1206DF1F71FF90022C4
:108B10002E49206DF5F784FAA06CF0F7ADFA2946DE
:108B20006065F5F79BFA2946606DF4F7D9FF3C21A3
:108B3000606DF5F7AAFA0021606DF5F7BDFA07211F
:108B4000606DF4F78AFF22A1606DF1F7FFF8002253
:108B50001B49606DF5F764FA00231A462049206826
:108B6000F1F75AFC00231A461E496068F1F754FCDD
:108B700000231A461C496069F1F74EFC00231A468F
:108B80001A49606CF1F748FC00231A461849606ADC
:108B9000F1F742FCA06CBDE8F04700231A461549E6
:108BA000F1F73ABC7D197D00EE98AA00E0BA0408FE
:108BB000E68AACE88595E4BAAEE5B18F0000000026
:108BC0001008040854000020EE999C00F8B1040835
:108BD000E5AF86E7A081E8AEBEE7BDAE00000000CD
:108BE000919603087D940308BD9603087D970308BA
:108BF000C193030801960308704700002DE9F04176
:108C00000020F2F79DF8894C1021E061F2F706F898
:108C1000E069F5F73DFE002285A12062F5F744FFEB
:108C20000022E178206AF5F7AAFF9621206AF4F77E
:108C300057FF42F2D1784146206AF5F70FFA092131
:108C4000206AF4F70AFF7F4D2846EBF797FD0146AF
:108C50000022206AF5F7D7F90022C821206AF5F72B
:108C6000E5F900227849206AF5F7DAF90020EBF7F8
:108C700085FD01460022206AF5F71BF90022114606
:108C8000206AF5F728F900221146206AF5F739F92C
:108C90006FF07F463046EBF771FD01464FF48027B9
:108CA0003A46206AF5F7AFF93A46FF21206AF5F710
:108CB000BDF93046EBF762FD01463A46206AF5F70A
:108CC000F8F83A460021206AF5F705F946F2FF4028
:108CD000EBF754FD01463A46206AF5F753F93A4658
:108CE000FF21206AF5F75AF93A460221206AF5F782
:108CF00061F93A460121206AF5F756F9E069F0F783
:108D0000BBF941466062F5F7A9F94146606AF4F79C
:108D1000E7FE3C21606AF5F7B8F90021606AF5F7D3
:108D2000CBF90921606AF4F798FE48A1606AF1F76F
:108D30000DF800224649606AF5F772F9E069EAF732
:108D4000EDFEF021A062F5F789F93221A06AF4F76F
:108D5000C7FE0521A06AF4F780FE3912A06AF1F778
:108D600099FB1021A06AF1F759FF00221146A06A71
:108D7000F5F73EF92846EBF701FD01460022A06A0F
:108D8000F5F797F800228021A06AF5F7A4F830469D
:108D9000EBF7F4FC01462022A06AF5F78AF82022BE
:108DA0008021A06AF5F797F8A06AF0F765F94146C7
:108DB000E062F5F753F94146E06AF4F791FE0921C4
:108DC000E06AF4F74AFE23A1E06AF0F7BFFF002251
:108DD0002149E06AF5F724F9E069F0F74DF94146D9
:108DE0002063F5F73BF94146206BF4F779FE00214B
:108DF000206BF5F74AF96FF06801206BF5F75CF925
:108E00000921206BF4F729FE14A1206BF0F79EFFD7
:108E100000221149206BF5F703F9A06ABDE8F04183
:108E200000231A460E49F1F7F7BA00006803002044
:108E300031350A32300A32350A33350A35300A36CE
:108E400035000000808080004C270408E7A79200CE
:108E500010080408EEB49D00E0BA0408EE9A9600EB
:108E6000E1960308704700002DE9FC47FC480168C3
:108E7000684688470020F1F763FFFA4C10216065CF
:108E8000F1F7CCFE606DF5F703FD0022F649A06511
:108E9000F5F70AFE9DF804100022A06DF5F76FFEAD
:108EA0007821A06DF4F71CFE42F2D1794946A06DFD
:108EB000F5F7D4F80521A06DF5F7E7F80021A06DCE
:108EC000F5F7FAF80721A06DF4F7C7FDE74D28463E
:108ED000EBF721FC01460022A06DF5F794F8002283
:108EE000FF21A06DF5F7A2F80022E149A06DF5F78A
:108EF00097F800221146A06DF5F77AF86FF07F46DB
:108F00003046EBF708FC01460022A06DF4F7D1FFD4
:108F100000221146A06DF4F7DEFF00221146A06D7D
:108F2000F4F7EFFF3046EBF7F6FB01464FF48027EE
:108F30003A46A06DF4F7BDFF3A460021A06DF4F764
:108F4000CAFF46F2FF484046EBF7E5FB01463A46CA
:108F5000A06DF5F717F83A46FF21A06DF5F71EF85A
:108F60003A460221A06DF5F725F83A460121A06D99
:108F7000F5F71AF8606DF0F77FF84946E065F5F708
:108F80006DF84946E06DF4F7ABFD6FF02701E06D39
:108F9000F5F77BF80021E06DF5F78EF80921E06D1B
:108FA000F4F75BFDB3A1E06DF0F7D0FE0022B0490D
:108FB000E06DF5F735F8606DF5F76AFCAA49002217
:108FC00048312066F5F770FD9DF805100022206EEF
:108FD000F5F7D5FD7821206EF4F782FD4946206E25
:108FE000F5F73CF80921206EF4F737FD2846EBF73A
:108FF00092FB01460022206EF5F705F80022FF21C2
:10900000206EF5F713F800229949206EF5F708F85D
:1090100000221146206EF4F7EBFF3046EBF77BFBA6
:1090200001460022206EF4F744FF00221146206E14
:10903000F4F751FF00221146206EF4F762FF30462C
:10904000EBF769FB01463A46206EF4F732FF3A46E9
:109050000021206EF4F73FFF4046EBF75CFB014632
:109060003A46206EF4F78EFF3A46FF21206EF4F761
:1090700095FF3A460221206EF4F79CFF3A46012103
:10908000206EF4F791FF606DEFF7F6FF49466066DA
:10909000F4F7E4FF4946606EF4F722FD2821606E84
:1090A000F4F7F3FF0021606EF5F706F80921606E12
:1090B000F4F7D3FC6FA1606EF0F748FE00226C4914
:1090C000606EF4F7ADFF606DF5F7E2FB66490022D4
:1090D0004831A066F5F7E8FC9DF806100022A06E66
:1090E000F5F74DFD7821A06EF4F7FAFC4946A06E25
:1090F000F4F7B4FF6FF00401A06EF4F7C6FF00218F
:10910000A06EF4F7D9FF0821A06EF4F7A6FC28465C
:10911000EBF701FB01460022A06EF4F774FF00227A
:10912000FF21A06EF4F782FF00225149A06EF4F7F0
:1091300077FF00221146A06EF4F75AFF3046EBF796
:10914000EAFA01460022A06EF4F7B3FE00221146AF
:10915000A06EF4F7C0FE00221146A06EF4F7D1FE17
:109160003046EBF7D8FA01463A46A06EF4F7A1FE76
:109170003A460021A06EF4F7AEFE4046EBF7CBFA7C
:1091800001463A46A06EF4F7FDFE3A46FF21A06E76
:10919000F4F704FF3A460221A06EF4F70BFF3A46BB
:1091A0000121A06EF4F700FF606DEAF7B7FCF02133
:1091B000E066F4F753FF3221E06EF4F791FC0521ED
:1091C000E06EF4F74AFC3912E06EF1F763F9102112
:1091D000E06EF1F723FD00221146E06EF4F708FF80
:1091E0002846EBF798FA01460022E06EF4F761FE9C
:1091F00000228021E06EF4F76EFE20220021E06E56
:10920000F4F7F6FE3046EBF786FA01462022E06ED0
:10921000F4F74FFE20228021E06EF4F75CFEE06E52
:10922000EFF72AFF49462067F4F718FF4946206FF9
:10923000F4F756FC0921206FF4F70FFC0EA1206F04
:10924000F0F784FD00220D49206FF4F7E9FE0023BA
:109250001A460B49E06EF1F7DFF8BDE8FC87000025
:1092600054000020100100205DB0030880808000C1
:109270004C2704083A000000EEB49D00E0BA040850
:109280001197030870B50546EEF731FB04462846F2
:10929000EEF76BFB1C2C0CD1064C0121E068F3F7B8
:1092A00018FA00B101202070BDE870400120D7F706
:1092B0003DBE70BD1001002070B50446EEF717FBEF
:1092C00005462046EEF751FB04461C2D13D1012123
:1092D000F3F7FFF9084D094E18B16869804701207E
:1092E000F07101212046F3F7F4F9002803D1A869B1
:1092F00080470020F07170BD540000209C010020C8
:109300002DE9F041EEF7F3FA072828D1154D286C26
:10931000F5F77EFB1630C6B2686CF5F779FB401C9A
:10932000C4B2A86CF5F774FB0F4F401CC5B27B6844
:109330002A462146304698470C4814232A46047092
:109340000B4821460570FF683046B8470949087048
:109350000220D7F7EBFDBDE8F041DBF719BDBDE812
:10936000F081000010010020540000209E01002028
:109370009F010020A001002010B5EEF7B8FA0728E1
:1093800004D1BDE810400248DBF75CBD10BD000011
:109390008401002070B50546EEF7A9FA0446284678
:1093A000EEF7E3FA0C2C09D1EFF7B6FCEFF7BAFCB5
:1093B000022803D1BDE87040DBF7EABC70BD0000B5
:1093C00070B50546EEF793FA04462846EEF7CDFA57
:1093D000072C04D1BDE870400148DBF733BD70BDF8
:1093E0000401002070B50546EEF781FA04462846D0
:1093F000EEF7BBFA0C2C0AD1EFF78EFCEFF792FCDC
:10940000022804D1BDE870400148DBF71BBD70BDE8
:109410007C02002010B5EEF76AFA07280CD1074C41
:10942000A068F5F7F5FA0649C0B2A070085C207094
:10943000BDE81040DBF7ACBC10BD000068030020A5
:1094400059B1030870B50546EEF751FA04462846AF
:10945000EEF78BFA1C2C0CD106480069EAF79EFA4D
:109460000449C0B2803988710349C96ABDE87040B7
:10947000084770BD1C0200205400002070B505464E
:10948000EEF735FA04462846EEF76FFA072C04D1BA
:10949000BDE870400148DBF7D5BC70BD500300202B
:1094A00010B50446EEF723FA2046BDE81040EEF76B
:1094B0005CBA10B50446EEF71AFA2046BDE8104033
:1094C000EEF753BA10B50446EEF711FA2046BDE8A0
:1094D0001040EEF74ABA10B50446EEF708FA2046F7
:1094E000BDE81040EEF741BA10B50446EEF7FFF9BB
:1094F0002046BDE81040EEF738BA10B50446EEF746
:10950000F6F92046BDE81040EEF72FBA10B5044634
:10951000EEF7EDF92046BDE81040EEF726BA10B59B
:109520000446EEF7E4F92046BDE81040EEF71DBA18
:1095300010B50446EEF7DBF92046BDE81040EEF723
:1095400014BA000070B50546EEF7D1F90446284676
:10955000EEF70BFA0C2C07D00A2C04D1074C6068EC
:10956000F2F7D6F9208070BDEFF7D6FBEFF7DAFB04
:109570000228F8D1BDE87040DBF70ABC8802002061
:1095800070B50546EEF7B3F904462846EEF7EDF957
:10959000072C04D1BDE870400148DBF753BC70BD17
:1095A0009C03002010B50446EEF7A1F92046BDE863
:1095B0001040EEF7DAB910B50446EEF798F92046F8
:1095C000BDE81040EEF7D1B970B50446EEF78FF95B
:1095D00005462046EEF7C9F904461C2D0DD10121A0
:1095E000F3F777F8054D08B10120287201212046D4
:1095F000F3F76FF8002800D1287270BD9C0100209D
:1096000010B50446EEF773F92046BDE81040EEF7BA
:10961000ACB9000070B50546EEF769F90446284676
:10962000EEF7A3F9072C04D1BDE870400148DBF741
:1096300009BC70BD6402002070B50546EEF757F90D
:1096400004462846EEF791F9072C0AD10548006A2E
:10965000EAF7A4F95A2804DB0348406ABDE87040E1
:10966000004770BD1C0200205400002070B5054664
:10967000EEF73DF904462846EEF777F9072C04D1BA
:10968000BDE870400148DBF7DDBB70BD9C030020E6
:1096900070B50546EEF72BF904462846EEF765F956
:1096A0000C2C09D1EFF738FBEFF73CFB022803D174
:1096B000BDE87040DBF76CBB70BD000070B50546BF
:1096C000EEF715F904462846EEF74FF9072C04D1BA
:1096D000BDE870400148DBF7B5BB70BD5C030020FE
:1096E00010B5EEF704F907280CD1074C206AF5F7FE
:1096F0008FF90649C0B2E070085C6070BDE81040A8
:10970000DBF746BB10BD00006803002059B1030819
:1097100070B5EEF7ECF8072819D10D4CA06DF5F7F0
:1097200077F9C6B2206EF5F773F9C5B2A06EF5F7FA
:109730006FF9C2B207482946836830469847064801
:10974000067006480570BDE87040DBF721BB70BDB0
:1097500010010020540000209C0100209D010020E9
:1097600010B5EEF7C4F8072804D1BDE81040024850
:10977000DBF768BB10BD00009001002070B5054606
:10978000EEF7B5F804462846EEF7EFF81C2C15D195
:109790000B480121406CF2F79CFF0A4920B10120DF
:1097A00081F83500C86B03E0002081F83500086CB3
:1097B0008047BDE870400120D7F7B8BB70BD0000FE
:1097C000A80300205400002038B5EBF751FA0546F5
:1097D0000020F4F7D9FC04460520F4F7D5FC014637
:1097E0000A480090012322462846F6F7F3FD014679
:1097F0002846EBF7F5FADBF745FBBDE838400022D9
:109800004FF47A710248F6F75FBE0000182A050887
:10981000050E030800880988401A70472DE9F041B9
:1098200086B00446EFF778FA050072D02046EEF7CE
:109830005EF806462046EEF798F8044690F8500089
:10984000800766D52846EFF7ACFA022861D0284693
:10985000EFF7A7FA04285CD06946606AF1F79FFE2B
:1098600003A92846EFF772FA04A92846EFF79EFAF3
:10987000BDF90C1000294CDBBDF90E00002848DBB7
:10988000BDF80020891AADF80810BDF80210401A82
:10989000ADF80A00606AF2F7E3FE0146606ABDF9BE
:1098A00008200546002A01DA002703E08A4203DB8C
:1098B00047F6FF77012009E002A9EFF78FFC87B296
:1098C00002A9606AEFF7AAFE80F0010094F85C102C
:1098D0004FF6FF788A0723D550EAC1724FF44070E3
:1098E00001D1012E08D0C9071ED0022E12D0032E9E
:1098F00012D0082E10D019E0C4E9157894F85C1045
:1099000041F00102014684F85C202046F1F786F917
:1099100006E03FE0A76503E001462046F0F7BAFD08
:1099200094F85C00C00701D1012E33D1394620469E
:10993000F6F7C2FC94F85C00C0072BD0D4E91501FF
:10994000884208D9EA6B8A4202D12A6C824218D036
:10995000E963606D11E008D2EA6B824202D12A6CA1
:109960008A420ED0E863A06D07E0E96B4046814271
:1099700002D1296C814204D0E86328642046F3F7C1
:109980006AF9032E01D0082E04D114F85C0F20F0E0
:109990000100207006B0BDE8F08110B568B1017813
:1099A00001290AD84178012907D80279C17880783D
:1099B000E0F714FA08B1012010BD002010BDD0E975
:1099C000013201699A60D0E901235A604A688242F3
:1099D00001D182684A60002202610868401E086066
:1099E00008687047034B036003F15C000860802047
:1099F0001060704784110020044B036003F15C0089
:109A000008604FF48070106070470000E013002081
:109A100000F108014FF0FF32C0E90112C16001619D
:109A200000210160704700210161704730B50B686B
:109A30005A1C02D000F1080202E0026904E022464A
:109A4000546825689D42FAD953684B6099608A60D2
:109A5000516008610168491C016030BD42684A607C
:109A600093688B6093685960916008610168491C34
:109A700001607047502080F31188BFF34F8FBFF310
:109A80006F8F0A494868401C486001280CD108487B
:109A9000006810F0FF0F07D0502080F31188BFF34B
:109AA0004F8FBFF36F8FFEE7704700002C0500203B
:109AB00004ED00E00849486828B1401E486001D123
:109AC00080F311887047502080F31188BFF34F8FC7
:109AD000BFF36F8FFEE700002C05002070B5002853
:109AE0002AD0164DA0F1080460686969084207D1C0
:109AF000502080F31188BFF34F8FBFF36F8FFEE7C5
:109B000022683AB1502080F31188BFF34F8FBFF322
:109B10006F8FFEE78843606000F012FA6068696842
:109B2000084468602046F8F777FE2869401C2861E1
:109B3000BDE8704001F046B870BD00000C05002083
:109B40000F4810B501684FF47A72B1FBF2F30D487B
:109B50006FF07F448360B4FBF3F3C360B1FBF1F3B8
:109B60002D24B4FBF3F303614FF0E02000230361E5
:109B70008361B1FBF2F1491E41610721016110BD12
:109B80007C0400202C0500202DE9F041374E0546CD
:109B9000F068854200D905464FF0E024206920F0A6
:109BA00001002061A169B268681E02FB00173069DC
:109BB000874200D93F1A72B6BFF34F8FBFF36F8F42
:109BC000E5F7C6FA88B367614FF00008C4F818805B
:109BD000206940F0010020612846DAF76FFD25B1C9
:109BE000BFF34F8F30BFBFF36F8F2846DAF764FDA6
:109BF00062B6BFF34F8FBFF36F8F72B6BFF34F8F55
:109C0000BFF36F8F062020612069C00315D5A069BE
:109C1000B168381A081A3269401E904201D388424E
:109C200000D9481E6061681E11E0FFE7A06960610D
:109C3000206940F00100206111E0B268A06955433D
:109C4000291AB1FBF2F0431C5343591A6161C4F85D
:109C50001880216941F00101216100F05DF9B068CF
:109C6000401E606162B6BDE8F08100002C05002056
:109C700010B5D6F7F9FA114910280ED300F1E020FB
:109C800090F8F0030A78904207D2502080F31188B0
:109C9000BFF34F8FBFF36F8FFEE709480068496934
:109CA00000F4E060884207D9502080F31188BFF3A8
:109CB0004F8FBFF36F8FFEE710BD00002C05002013
:109CC0000CED00E010B5084B002200BF53F8324005
:109CD0001CB1521C082AF9D310BD43F8321003EB13
:109CE000C201486010BD0000680B002070B5154629
:109CF0000E460446FFF7BEFE94F944100020491CAE
:109D000001D184F8440094F94510491C01D184F82C
:109D10004500FFF7CFFEA06B28B92A46314604F173
:109D2000240000F099F82046BDE87040F8F722BF03
:109D300010B5020014D00F48006B38B1502080F3EA
:109D40001188BFF34F8FBFF36F8FFEE700F0F8F875
:109D500000211046F8F722FB00F034FF002807D15D
:109D600005494FF080500860BFF34F8FBFF36F8FEE
:109D700010BD0000B804002004ED00E070B50546F9
:109D8000FFF778FE1E4C05B92568281DFFF717FE62
:109D9000A86A18B105F11800FFF711FE606A401CAF
:109DA00060622068854207D1291D1648FFF756FEDC
:109DB0006068401C606007E0A068401EA060284604
:109DC000F8F7F7FBF8F756FEFFF774FE6069002816
:109DD00014D02068854211D1206B38B1502080F317
:109DE0001188BFF34F8FBFF36F8FFEE706494FF027
:109DF00080500860BFF34F8FBFF36F8F70BD0000BE
:109E0000B80400204410002004ED00E002490A6A72
:109E10000260C96841607047B80400200149012010
:109E2000C8617047B804002010B50C4650B109490C
:109E300009681831FFF7FAFD2046BDE810400121FE
:109E4000F8F7ACBA502080F31188BFF34F8FBFF3FF
:109E50006F8FFEE7B804002070B514460D4668B158
:109E60000A4909681831FFF7F9FD0CB14FF0FF35C9
:109E700021462846BDE87040F8F790BA502080F39C
:109E80001188BFF34F8FBFF36F8FFEE7B804002038
:109E900030B587B00024039405AA04A903A804944C
:109EA000FFF7A0FDDDE903010094CDE901100023D7
:109EB00015A11748059A00F05EFD164D0028E862CE
:109EC0001FD000F013FF012809D0401C19D15020E9
:109ED00080F31188BFF34F8FBFF36F8FFEE75020E1
:109EE00080F31188BFF34F8FBFF36F8F4FF0FF30B8
:109EF000A86201206861EC6007B0BDE8304000F066
:109F0000B1B907B030BD000049444C450000000025
:109F100065260308B80400200849CA688B6A024411
:109F20009A4207D9502080F31188BFF34F8FBFF3B7
:109F30006F8FFEE7CA681044C8607047B8040020FD
:109F40000248016B491C016370470000B8040020FF
:109F5000164810B5016B11B10121C16110BD00217E
:109F6000C1610169124A01E0B9B1491E01EB8103E7
:109F700052F82330002BF7D001EB810302EB830270
:109F800002F1080453685B685360A34201D15B6827
:109F90005360DA680260016110BD502080F31188BF
:109FA000BFF34F8FBFF36F8FFEE70000B8040020B0
:109FB000A80B002070B5EDF7D8FC0546F1F768FB5B
:109FC000EAF736FA044601212846F1F750FA054629
:109FD00094F902000549228801EB800004A150F8A1
:109FE000043C2846BDE87040EFF7E7BE940500202A
:109FF000256420257300000070B5EDF7B6FC05461A
:10A00000F1F746FBEAF714FA044600212846F1F777
:10A010002EFA02462088A0F2E770404281B2104634
:10A02000EDF73CFC01212846F1F721FA024694F9AC
:10A030000200BDE87040401E81B21046EDF72EBC14
:10A04000F8B50446B0F92E0010F5004F59D0B4F918
:10A050002C30678D99B2B94202D201F5B4710BB2BE
:10A0600094F83410C1F34101D9B301290ED002296B
:10A0700047D10093B4F93220B4F930103B46EFF7E2
:10A0800001FF05B22046A28DA9B237E0F91801EB15
:10A09000D171B4F93050B4F9322041F34F06A91808
:10A0A00001EBD17141F34F0188420CDA0A463B467D
:10A0B00029460096EFF7E6FE05B2A9B22046E9F779
:10A0C0003DFAB1B209E000933346EFF7DBFE05B28B
:10A0D000B1B22046E9F732FAA9B22046E9F7DBF936
:10A0E0000EE0FFE70093B4F93220B4F930103B469C
:10A0F000EFF7C8FE05B2AAB22046618DE9F747F92D
:10A10000A587F8BD10B50C46F9F7F2FDC4F307407A
:10A11000F9F7EEFDC4F30720F9F7EAFDE0B2BDE878
:10A120001040F9F7E5BD000008B1012200E000226F
:10A130004FF480610148D7F7A2BC00000004024040
:10A1400070B50546D7F7A0FC04460020FFF7ECFFEA
:10A150000520F9F7CDFDFF20F9F7CAFD06460120DD
:10A16000FFF7E2FFF00706D0D7F78EFC001BA842EE
:10A17000EBD34FF0FF3070BD10B54FF47A70FFF79E
:10A18000DFFF10B14FF0FF3010BD0020FFF7CCFF14
:10A190000620F9F7ADFD0120FFF7C6FF002010BD36
:10A1A00010B5012901D0022901D1401E0C311A2419
:10A1B000491C61430A2491FBF4F1C41700EB947429
:10A1C00000EBA400DC1703EB947400EBA40008443C
:10A1D0001044594200EB4100401E00E0C01D002821
:10A1E000FCDB072190FBF1F201FB120000B9072014
:10A1F000C0B210BD2DE9F0410E0007464FF0FF3808
:10A2000010D0164C164D6068696A3044884209D8EF
:10A21000A87CF7F7C2FE6168324608443946F7F772
:10A2200050FF18B10320F9F7C9FB0FE06068304414
:10A230006060A168411AB1F5805F02D2696A81420B
:10A2400009D1A8620648F7F713FE10B14046BDE8F1
:10A25000F0816068A0600020F9E70000CC000020D9
:10A26000080B00201CB537480168374A914207D1D6
:10A27000502080F31188BFF34F8FBFF36F8FFEE73D
:10A2800000683149491E884207D1502080F3118867
:10A29000BFF34F8FBFF36F8FFEE72C490878019013
:10A2A000FF20087008788DF800009DF800009DF8E8
:10A2B000002000F0F000904207D0502080F3118879
:10A2C000BFF34F8FBFF36F8FFEE79DF80000204C68
:10A2D00000F0500020700720606105E09DF800202C
:10A2E00052008DF80020401E9DF800201206F5D483
:10A2F0006061032807D0502080F31188BFF34F8F8F
:10A30000BFF36F8FFEE74FF44070606101980870F3
:10A310000C482030016841F470010160016841F08F
:10A3200070410160FFF70CFC00206060D5F764FF0E
:10A330000848016841F040410160D5F749FF00201D
:10A340001CBD000000ED00E071C20F4100E400E020
:10A350002C05002034EF00E010B5502080F3118868
:10A36000BFF34F8FBFF36F8F00F04CFB18B1044960
:10A370004FF080500860002080F3118810BD00006D
:10A3800004ED00E0F8B517460E46050013D005FBB6
:10A3900006F05030F8F728FC04000AD0002084F8BA
:10A3A000460004F150023B46314628460094F8F737
:10A3B000A1F92046F8BD502080F31188BFF34F8FDC
:10A3C000BFF36F8FFEE738B5049D18B153B1CAB122
:10A3D00081B120E0502080F31188BFF34F8FBFF38D
:10A3E0006F8FFEE7502080F31188BFF34F8FBFF3CC
:10A3F0006F8FFEE7502080F31188BFF34F8FBFF3BC
:10A400006F8FFEE739B1502080F31188BFF34F8F73
:10A41000BFF36F8FFEE750241C46012384F84630BB
:10A420002B460094F8F766F9204638BD70B50D4606
:10A43000040025D0FFF71EFBD4E90F20216802FBA2
:10A440000011A1600021A163216861600A46D4E97E
:10A450000F01401E00FB0121E16021464FF0FF305B
:10A4600001F8440F487004F110008DB1FFF7D0FAE5
:10A4700004F12400FFF7CCFAFFF71CFB012070BDAC
:10A48000502080F31188BFF34F8FBFF36F8FFEE72B
:10A4900021690029F0D000F059FB0028ECD00449D4
:10A4A0004FF080500860BFF34F8FBFF36F8FE3E72B
:10A4B00004ED00E02DE9FF4782B01D468A464FF0CB
:10A4C0000008040003D0BAF1000F08D011E05020BA
:10A4D00080F31188BFF34F8FBFF36F8FFEE7206CBF
:10A4E00038B1502080F31188BFF34F8FBFF36F8FC7
:10A4F000FEE7022D0AD1E06B012807D0502080F33F
:10A500001188BFF34F8FBFF36F8FFEE700F05EFA45
:10A510003F4F4FF000094FF0805648B9049838B1CA
:10A52000502080F31188BFF34F8FBFF36F8FFEE78A
:10A53000FFF7A0FAA06BE16B884207D3022D05D08C
:10A540000498D0B1B8F1000F1AD01EE02A46514647
:10A550002046F7F7F8FF616A19B104F1240000F012
:10A56000F5FA20B13E60BFF34F8FBFF36F8FFFF757
:10A57000A1FA012006B0BDE8F087FFF79BFA22E0C0
:10A580006846FFF743FC4FF00108FFF793FAFFF727
:10A59000D7FCFFF76FFA94F94400401C01D184F80E
:10A5A000449094F94500401C01D184F84590FFF790
:10A5B00081FA04A9684600F077F930B12046F8F72F
:10A5C000D9FA00F0FFFA0020D4E7FFF753FAA06BA6
:10A5D000E16B884213D1FFF76DFA04F11000049982
:10A5E000FFF722FC2046F8F7C5FA00F0EBFA002846
:10A5F0009ED13E60BFF34F8FBFF36F8F98E7FFF799
:10A6000059FA2046F8F7B6FA00F0DCFA90E70000B5
:10A6100004ED00E02DE9F0471F469046894604000E
:10A6200003D0B9F1000F08D011E0502080F3118859
:10A63000BFF34F8FBFF36F8FFEE7206C38B1502010
:10A6400080F31188BFF34F8FBFF36F8FFEE7022FA8
:10A650000AD1E06B012807D0502080F31188BFF3A6
:10A660004F8FBFF36F8FFEE7FFF702FB5020EFF332
:10A67000118680F31188BFF34F8FBFF36F8FA06BEC
:10A68000E16B884206D3022F04D0002086F31188A4
:10A69000BDE8F08794F94550A06B3A4649462046FC
:10A6A000F7F751FF681C04D06D1C84F84550012059
:10A6B000ECE7606A0028FAD004F1240000F046FAC2
:10A6C0000028F4D0B8F1000FF1D00121C8F8001033
:10A6D000EDE700002DE9F747002683B08A46040025
:10A6E00003D0BAF1000F08D011E0502080F3118898
:10A6F000BFF34F8FBFF36F8FFEE7206C38B1502050
:10A7000080F31188BFF34F8FBFF36F8FFEE700F028
:10A710005DF9DFF8F4804FF000094FF0805748B939
:10A72000059838B1502080F31188BFF34F8FBFF3E5
:10A730006F8FFEE7FFF79EF9A56BC5B15146204626
:10A74000F7F7EEFE6D1EA563206950B104F110000D
:10A7500000F0FCF928B1C8F80070BFF34F8FBFF3C9
:10A760006F8FFFF7A7F9012006B0BDE8F0870598C5
:10A7700008B11EB106E0FFF79DF927E06846FFF734
:10A7800045FB0126FFF796F9FFF7DAFBFFF772F9B1
:10A7900094F94400401C01D184F8449094F9450098
:10A7A000401C01D184F84590FFF784F905A968465B
:10A7B00000F07AF8002820460AD0F8F7DBF900F01C
:10A7C00001FA2046F8F76AF80028B3D00020CBE75A
:10A7D000F8F764F890B104F124000599FFF724FB21
:10A7E0002046F8F7C7F900F0EDF90028A2D1C8F823
:10A7F0000070BFF34F8FBFF36F8F9BE72046F8F7D2
:10A80000B9F900F0DFF995E704ED00E02DE9F04734
:10A8100090468946040003D0B9F1000F08D011E03A
:10A82000502080F31188BFF34F8FBFF36F8FFEE787
:10A83000206C38B1502080F31188BFF34F8FBFF3E5
:10A840006F8FFEE7FFF714FA5020EFF3118680F3C5
:10A850001188BFF34F8FBFF36F8FA76BF7B194F9D8
:10A86000445049462046F7F75BFE7F1EA763681CED
:10A8700004D06D1C84F84450012010E020690028A9
:10A88000FAD004F1100000F061F90028F4D0B8F11A
:10A89000000FF1D00121C8F80010EDE7002086F389
:10A8A0001188BDE8F08700002DE9F0410C46050055
:10A8B00011D0C4B1FFF7DEF8174BDA686E68206874
:10A8C000911B471C17D02F681B6A9F4219D09642D4
:10A8D00017D8012410E0502080F31188BFF34F8F68
:10A8E000BFF36F8FFEE7502080F31188BFF34F8FC7
:10A8F000BFF36F8FFEE70024FFF7DCF82046BDE8CA
:10A90000F081884205D9401A20602846FFF77EFA78
:10A91000F1E700202060DCE7B80400202DE9FF5FAC
:10A920008346DDE90E87994616468A469000F8F779
:10A930005BF905001CD05C20F8F756F9040014D030
:10A940000020256384F85900CDE90240CDE9008755
:10A950004B46324651465846F7F7DEFE2046F7F79B
:10A960004BFD012004B0BDE8F09F2846FFF7B6F884
:10A970004FF0FF30F6E7F0B585B0DDE90B640A9DD6
:10A98000A6B1DCB15C2700972663022684F85960E3
:10A99000002604AFCDE90246CDE90057F7F7BCFE2B
:10A9A0002046F7F729FD049805B0F0BD502080F34C
:10A9B0001188BFF34F8FBFF36F8FFEE7502080F3F6
:10A9C0001188BFF34F8FBFF36F8FFEE705484169D2
:10A9D00019B1006B18B100207047012070470220A8
:10A9E00070470000B80400200148C06870470000AC
:10A9F000B804002010B5FFF73BF90148C06810BD4E
:10AA0000B80400202DE9F0412E4C0027206B28B11E
:10AA1000A069401CA0613846BDE8F081E668761C5C
:10AA2000E66013D1606B006838B1502080F3118864
:10AA3000BFF34F8FBFF36F8FFEE7606BA16B616356
:10AA4000A063206A401C2062F8F714F8A06ADFF8BF
:10AA50007880864209D3606B0068A0B1606BC068E3
:10AA6000C5686868864211D2A0622068C06A00EB9F
:10AA7000800158F82100012800D90127E069002849
:10AA8000C9D00127C7E74FF0FF30EDE7281DFEF7DB
:10AA900096FFA86A18B105F11800FEF790FFE86A62
:10AAA0002169884200D9206100EB800108EB810018
:10AAB000291DFEF7D3FFE86A2168C96A8842CAD314
:10AAC0000127C8E7B8040020A80B002070B50400D7
:10AAD0004FF0000133D01B4D2868844207D050202E
:10AAE00080F31188BFF34F8FBFF36F8FFEE7206DA8
:10AAF00038B1401E2065E36CE26A9A421FD040B133
:10AB00001DE0502080F31188BFF34F8FBFF36F8F8C
:10AB1000FEE7201DFEF753FFE06CE062C0F1380055
:10AB2000A061E06A2969884200D92861064900EBE2
:10AB3000800001EB8000211DFEF790FF01210846F7
:10AB400070BD0000B8040020A80B002070B5C068DC
:10AB5000C4689CB104F118000646FEF730FF164D9C
:10AB6000286B98B131461548FEF778FFE06A2968EE
:10AB7000C96A88421DD90120E86170BD502080F368
:10AB80001188BFF34F8FBFF36F8FFEE7201DFEF7D5
:10AB900016FFE06A2969884200D92861084900EB5C
:10ABA000800001EB8000211DFEF758FFF7F762FFE0
:10ABB000DCE7002070BD0000B80400203010002049
:10ABC000A80B00202DE9F0472C4D00242746286BC8
:10ABD00038B1FEF74FFF286B401E2863286B40B149
:10ABE00046E0502080F31188BFF34F8FBFF36F8F83
:10ABF000FEE7A968224E0120D1B3A6F591698046EF
:10AC00003068E0B1F068C46804F11800FEF7D7FEC0
:10AC1000201DFEF7D4FEE06A2969884200D9286128
:10AC200000EB800109EB8100211DFEF717FFE06AB0
:10AC30002968C96A8842E3D3C5F81C80E0E70CB1F3
:10AC4000F7F718FFAC694CB14FEA0806FFF7DAFED8
:10AC500000B1EE61641EF9D10020A861E86938B145
:10AC60000849012738070860BFF34F8FBFF36F8F84
:10AC7000FEF720FF3846BDE8F0870000B80400204A
:10AC80003010002004ED00E02DE9FC4781461E460F
:10AC9000174688462C200A9DF7F7A6FF04000AD025
:10ACA000002084F82800CDE9005433463A46414656
:10ACB0004846F7F789FD2046BDE8FC877CB52C2681
:10ACC000DDE90654009644B1022684F82860CDE9F7
:10ACD0000054F7F779FD20467CBD502080F31188A1
:10ACE000BFF34F8FBFF36F8FFEE7000010B586B044
:10ACF000F7F7EAFB114C2068B8B1002003900490EC
:10AD000005AA04A903A8FEF777FEDDE903210220C6
:10AD10008DE8070000230AA10B48059AFFF72BFED8
:10AD2000606010B106B0012010BD502080F3118882
:10AD3000BFF34F8FBFF36F8FFEE70000F4040020D6
:10AD4000546D722053766300512B03082DE9FF41A7
:10AD50001E46134602000A9D4FF0000016D0144C08
:10AD60002768002F0FD0CDE900130292062917DAC9
:10AD7000FFF72CFE02284FF000030FD00022694697
:10AD80002068FFF797FB04B0BDE8F081502080F306
:10AD90001188BFF34F8FBFF36F8FFEE72A46EEE7B0
:10ADA0000023324669463846FFF734FCEBE70000E3
:10ADB000F404002070B50546ECF7D7FD044628469C
:10ADC000ECF7D5FD05462046ECF768FB044628461F
:10ADD000E9F72EFB0068A4F2E774614240F30742F2
:10ADE0002846BDE8704089B2E9F724BB28CF0508A2
:10ADF0000000000000000000000000000000000053
:10AE0000000500002B000000000000000000000012
:10AE1000E4CE050800000000000000000000000073
:10AE200000000000000C000008000000000000000E
:10AE30000000000008CF050800000000000000002E
:10AE4000000000000000000080000000280000005A
:10AE5000000000000000000018CF050800000000FE
:10AE600000000000000000000000000000080000DA
:10AE70002900000000000000000000004CCF050881
:10AE800000000000000000000000000000000000C2
:10AE9000800000001800000000000000000000001A
:10AEA0003CCF05080000000000000000000000008A
:10AEB0000000000000050000090000000000000084
:10AEC00000000000A4CE0508000000000000000003
:10AED00000000000000000008002000009000000E7
:10AEE0000000000000000000F4CE05080000000093
:10AEF000000000000000000000000000000500004D
:10AF0000090000000000000000000000B4CE0508A9
:10AF10000000000000000000000000000000000031
:10AF20008002000009000000000000000000000096
:10AF3000D4CE050800000000000000000000000062
:10AF400000000000800100000A0000000000000076
:10AF500000000000C4CE0508000000000000000052
:10AF60000000000000000000800200000A00000055
:10AF700000000000000000009CCE0508000000005A
:10AF800000000000000000000000000000080000B9
:10AF90000A00000000000000000000001F1C1F1E2F
:10AFA0001F1E1F1F1E1F1E1F323032320A32303248
:10AFB000330A323032340A323032350A32303236E5
:10AFC0000A323032370A323032380A323032390AF5
:10AFD000323033300A323033310A323033320A32CF
:10AFE0003033330A323033340A3230333500310AE9
:10AFF000320A330A340A350A360A370A380A390A55
:10B0000031300A31310A313200310A320A330A341E
:10B010000A350A360A370A380A390A31300A313114
:10B020000A31320A31330A31340A31350A31360AEB
:10B0300031370A31380A31390A32300A32310A32AC
:10B04000320A32330A32340A32350A32360A323799
:10B050000A32380A32390A33300A33310030300AC2
:10B0600030310A30320A30330A30340A30350A308F
:10B07000360A30370A30380A30390A31300A31316D
:10B080000A31320A31330A31340A31350A31360A8B
:10B0900031370A31380A31390A32300A32310A324C
:10B0A000320A32330030300A30310A30320A30335B
:10B0B0000A30340A30350A30360A30370A30380A56
:10B0C00030390A31300A31310A31320A31330A312A
:10B0D000340A31350A31360A31370A31380A313902
:10B0E0000A32300A32310A32320A32330A32340A30
:10B0F00032350A32360A32370A32380A32390A33DE
:10B10000300A33310A33320A33330A33340A3335DF
:10B110000A33360A33370A33380A33390A34300AE5
:10B1200034310A34320A34330A34340A34350A34B6
:10B13000360A34370A34380A34390A35300A353198
:10B140000A35320A35330A35340A35350A35360AB6
:10B1500035370A35380A3539000A0F141E2D3C00E0
:10B1600000000EA00000000000003FE00000000012
:10B1700000003FE00000007EFFFFFFFFFFFFE4CF85
:10B18000FFFFFFFFFFFFF9DF61114FE11119F9DF49
:10B1900040003FE00008F9DF40003FE00008F9DF31
:10B1A00040003FE00008F9DF50003FE00008F9CF21
:10B1B000FFFFFFFFFFFFF98FFFFFFFFFFFFFF5001E
:10B1C00011114FE11111000000003FE000000000EC
:10B1D00000003FE00000000000003FE00000000031
:10B1E00000001EA00000000000000067000000003A
:10B1F0000000001CFFB1000000000004EFFFFE4053
:10B20000000000019FFD21CFF91000007EFFA38206
:10B2100009FFE6000DFFD409FE105EFFC00DC60059
:10B2200001EFC0007ED0000000004FF200000000DF
:10B23000000000058000000003FFFFFFFFFFFFFB91
:10B240000002CDDDDDDDDDDFFF00000000000000DD
:10B250000CFA00000000000000AFF2000000000047
:10B26000003CFF5000000000037CFFF500000007D9
:10B27000DFFFFFF9100000000DFFFDA61000000029
:10B28000000031000000000000000000000000008D
:10B2900000006FFFFFFFFFFFFFF80BFFFFFFFFFF47
:10B2A000FFFFE0BF64A311111117FD0BF4AF711183
:10B2B00011109FB09F2CFFFFFFFFECF50000EFFF88
:10B2C000FFFFFF2300000FF200000000000001FF5D
:10B2D000322222222000003FFFFFFFFFFFF100018A
:10B2E000DFFFFFFFFFFF400000000000000CF40C38
:10B2F000EEEEEEEEEE60BF41FFFFFFFFFFFB0CF452
:10B3000001333333333510EF200000000007FFFF17
:10B31000E000000000003CFFF5000000000000001D
:10B3200010000003200CC000620000002FF02FF07E
:10B3300004FE3000009F905FC000AFE00000FF40BF
:10B340008F900009C00005FFFFFFFFFFFFFFB00265
:10B35000CDDDFFDDDDDDDD90000003FE000000003F
:10B3600000000008FFDDDDDDA00000000EFFFFFF94
:10B37000FFF40000005FEFF2007FE0000000CF5B11
:10B38000FA00EF60000006FE02FF7BFC0000001EDA
:10B39000F5005FFFE1000000BFB0004EFFC20000FB
:10B3A00009FE137CFFEFFFA4003FF4DFFFE6029FDE
:10B3B000FFD10620CE940000018EE10000000000C5
:10B3C0000000000006FFFFFFFFFFFFFFC006FFFFBA
:10B3D000FFFFFFFFFFC000000FF20002FD000000B2
:10B3E000000FF20002FD000000000FF20002FD005D
:10B3F0000000000FF20002FD000001222FF52225BF
:10B40000FE22200FFFFFFFFFFFFFFFF60CEEEFFE17
:10B41000EEEEFFEED400002FF00002FD0000000071
:10B420005FE00002FD00000000BFA00002FD000080
:10B430000004FF500002FD0000002EFD000002FD90
:10B44000000001EFF3000002FD000002ED300000FB
:10B4500000EA0000000000000000000000000640BC
:10B46000000000000000001FC05FFFFFFFFE300073
:10B470001FD06FFFFFFFFF4005CFFB38FC100CFA19
:10B48000000AFFFF71EFD5BFD000004FD3002DFFA2
:10B49000FC1000001FD0016DFFFFB730001FE73F19
:10B4A000FFDABFFFF6004FFF5CA43FB0479209FFF1
:10B4B000F608BBCFEBBA000FFFD01FFFFFFFFF3036
:10B4C000022FD002447FD44300001FD000004FC0A1
:10B4D0000000001FD0AFFFFFFFFFE0002FD09EEE67
:10B4E000FFFEEEC008FFC000004FC0000004BB50CC
:10B4F00000002FA00000000000000001000000007C
:10B50000000000012000000166666400EF200000DA
:10B510007FFFFFF13FF43332029999FF27FFFFFFCE
:10B52000F300000DF2DFDBBFFB100000DF6FF40063
:10B53000FF000DFFFFFDFF800FE003FFFFFFFFFC9B
:10B5400002FC003FC000BF8FF26F9003FB0007A01A
:10B55000CF8BF5003FB0000006FEFF0003FB0001AB
:10B56000000EFF90003FB03AFA00CFF60003FECF86
:10B57000FF71BFFFF4003FFFE815EFF4BFF700785D
:10B580004006FFD200AFF30000002C8000006900ED
:10B5900000000000000000000140062042026000A0
:10B5A0000008F42FA2FA0AF1000002FD3FB9F40DE1
:10B5B000F8777200693FB6800FFFFFFB0AFFFFFFBD
:10B5C000FF4FD89FE407CDFFECCA8F703FB0000B50
:10B5D000FFBA50DF504FA002DFDFEFFAFF807F702D
:10B5E0000EF84F74EFFFC0AF400763EF22138FF1E7
:10B5F000EF100FFFFFFFF50AFBFC0009CFEBBDF8D2
:10B6000004FFF70000BFD52DE100CFF100007EFF61
:10B61000FF7005FFF9000017FFFFF68FFAFF900A91
:10B62000FFE826BFFF703EF6069400002FD300010E
:10B630008200000000000000000000000000000088
:10B64000006FFFFFFFFFFFF6CFFFFFFFFFFFFDDFF4
:10B650006111111115FEDF4000000003FEDF400004
:10B66000000003FEDF4000000003FEDFEEEEEEEE22
:10B67000EEFEDFFFFFFFFFFFFEDF7444444446FEA3
:10B68000DF4000000003FEDF4000000003FEDF405B
:10B6900000000003FEDF4000000003FEDF633333E1
:10B6A0003335FEDFFFFFFFFFFFFD7EFFFFFFFFFFE4
:10B6B000E70000000000000000000000890000001A
:10B6C0000000057000FF00000000000DF100FFEE1B
:10B6D000EEEC00000DF100FFFFFFFE00000DF10099
:10B6E000FF10000000000DF100FF100000004DDF12
:10B6F000FDDDFFDDDDDDC15FFFFFFFFFFFFFFFF2CF
:10B7000000000000FE000001000008F600FE00013D
:10B71000DF10008FF700FE000BFD0007FFA000FE0A
:10B7200000BFF3005FFB0000FE4DFF40004F8000B4
:10B7300000FFFFE40000000147BFFFF91000000A0E
:10B74000FFFFFFB61000000007FEB8400000000039
:10B750000000300000003700000009FB000490BF2B
:10B7600040000002DFD10EF4BF500000001BF37F49
:10B77000FFFFFFFF20000021FFEEFFFEED20000095
:10B7800005FC00BF400000089944FDBBEFDBBB9007
:10B790002FFFD9FFFFFFFFFFF0047FD033AF7EF50F
:10B7A0003320001FD000CF2EF20130001FD004FE46
:10B7B0000EF20AF1001FD03EF80EF40DF1003FE446
:10B7C000FFC00DFFFFE001DFF6D80007EFEC300C03
:10B7D000FFFE7200000000008FE5BFFFFFFFFFFFCC
:10B7E000B04C2004ADFFFFFFFFA0000000000000F0
:10B7F0000000000000000000000000000000001237
:10B80000101101FE88000012121200FD2A01001220
:10B81000111200FDC3010012121200FD6502001298
:10B82000121100FDFE020012121200FDA003001210
:10B83000111201FD39040012121200FDDB04001286
:10B840000E1202FD59050012121100FEF20500123F
:10B85000121200FD00009D006C03A405D310BC145F
:10B860000C174317B817381DDC4100002D4E00009F
:10B87000DD41010054B80308000000000B00030084
:10B880005FB10308F4B703086CB8030800000000B8
:10B890000000010800040020897A0208157A0208D5
:10B8A0001200030000FD010080B803080000000042
:10B8B000000000000466666666403FFFFFFFFFF37E
:10B8C0001EFFFFFFFFE100006FA0DFF28FB000005E
:10B8D00002E8000009FD00001FF700007FF10000F2
:10B8E000DFA00004FF30000BFC00002FF600009FDB
:10B8F000E00000FF800006FF20000DFB00004FF479
:10B900000000AFE00000AF5000000007DFEA2000B9
:10B9100000BFFFFFF30007FFFBDFFD000EFF400D40
:10B92000FF502FFE0007FF905FFB0003FFC07FF971
:10B930000002FFE08FF90001FFF07FF90002FFE055
:10B940005FFB0003FFC02FFD0007FF900EFF400DBF
:10B95000FF5007FFFADFFD0000BFFFFFF300000705
:10B96000DFEA20003EFFFA07FFFFF01ABFFF0000EA
:10B97000FFF0000FFF0000FFF0000FFF0000FFF0DE
:10B98000000FFF0000FFF0000FFF0000FFF0000FAE
:10B99000FF0000EFF00009F90000005973000004F7
:10B9A000EFFFFB0002FFFFFFF800AFF918FFE00D0B
:10B9B000FF000FFF10EF9002FFF0037100AFF900DE
:10B9C00000004FFF2000002EFF7000001DFFB000A0
:10B9D000000CFFD100000AFFF2000008FFFDAA984A
:10B9E00010FFFFFFFFF70BFFFFFFFE300018CFD85F
:10B9F00010002EFFFFFC000AFFECFFF500DFC10581
:10BA0000FF900491004FF80000005EFF300000CF6F
:10BA1000FF7000000EFFFC10000039EFFC0000007A
:10BA200001EFF31CD0000BFF64FFA000EFF40FFF49
:10BA3000C9DFFE005FFFFFFF50004BEFEB3000005F
:10BA40000005EE900000001FFFF40000009FFFF6CD
:10BA5000000002FFCFF700000AFD7FF700003FF66D
:10BA60007FF70000BFE07FF70004FF807FF7000C46
:10BA7000FF107FF7005FFFFFFFFFA0AFFFFFFFFF9B
:10BA8000F13ABBBBDFFD700000007FF70000000053
:10BA90006FF6000000002EE200000000000000032E
:10BAA000EFFFFFC0009FFFFFFF100BFFBBBB70004D
:10BAB000DFE00000000FFC11000001FFFFFD50005F
:10BAC0003FFFFFFF5001EF97CFFE00000001FFF2A4
:10BAD0000000000DFF40000000FFF31DD3006FFFCA
:10BAE00004FFFCBFFF900DFFFFFFD10007CEFD81DB
:10BAF00000000002DB00000001DFF5000000CFFDC8
:10BB00000000008FFF2000003FFF4000000CFFC737
:10BB1000400005FFFFFFD200BFFFFFFFD00FFFA3D4
:10BB20006FFF63FFF0008FF94FFE0006FFB1FFF3D8
:10BB300000BFF80CFFFBDFFF202FFFFFFF80002A74
:10BB4000EFFC50006FFFFFFFFE2AFFFFFFFFF62A0A
:10BB5000BBBBCFFF20000008FFA0000001FFF300E7
:10BB600000008FFB0000001FFF40000008FFD00016
:10BB70000000EFF50000007FFE0000000EFF7000E7
:10BB80000007FFF0000000EFF80000003FFF10008A
:10BB90000000CF60000000000000000000027A8476
:10BBA000000006FFFFFC0002FFFFFFF9007FFA0420
:10BBB000FFE008FF500DFF005FFA04FFC000AFFF79
:10BBC000FFE30009FFFFFE3008FFE8AFFF10FFF2C0
:10BBD00000AFF82FFF0007FFA1FFF200CFF90CFF25
:10BBE000E9CFFF403FFFFFFFA0002AEFFC6000000D
:10BBF00005CFFC50000BFFFFFF8007FFFFFFFF306A
:10BC0000EFF914FFF82FFF0008FFB4FFD0006FFB1F
:10BC10001FFF100AFF80CFFC79FFF303FFFFFFFD3A
:10BC20000002AEEFFF50000005FFC0000003FFF26E
:10BC3000000003FFF6000000DFF900000008FA0032
:10BC400000003950CFF1CFF11730000000000000A4
:10BC50007FB0DFF27FB00000000001300000000282
:10BC6000AFF3000003BFFFF20004CFFFE71005CFE2
:10BC7000FFB400003FFF920000001FFFE71000002C
:10BC8000018EFFFA300000007EFFFC400000005DE6
:10BC9000FFF3000000004BE20410000000003FFA38
:10BCA000200000002FFFFB300000017EFFFB400062
:10BCB00000005BFFFC4000000029FFF30000018E44
:10BCC000FFE10003AFFFE81005CFFFE600003FFFF4
:10BCD000D50000001EB40000000000002DF9000097
:10BCE00000000BFFF600000001FFFFD00000007F06
:10BCF000FDFF2000000DFE5FF8000002FFA0FFD056
:10BD000000008FF50AFF30000EFF005FF80004FF0F
:10BD1000A000FFE0009FFECCCFFF300FFFFFFFFF32
:10BD2000F905FFFFFFFFFFE0BFF700000BFF4EFF2D
:10BD30002000007FF89F80000001CF400AFFFFFF36
:10BD400070FFFFFFFC1FFFBBBA31FFE000001FFECA
:10BD5000000001FFE000001FFFDDDC21FFFFFFF915
:10BD60001FFFFFFF41FFE000001FFE000001FFE09A
:10BD700000001FFFBBBB50FFFFFFFE0AFFFFFF904D
:10BD8000000000000000009F800003ED100FFE0087
:10BD900002EFF601FFE001DFFE101FFE00CFFE20E4
:10BDA00001FFE0BFFF30001FFEAFFF300001FFFFCB
:10BDB000FF4000001FFFFFF3000001FFFDFFE20056
:10BDC000001FFE2EFFD10001FFE03FFFD1001FFE4C
:10BDD000004FFFC001FFE0006FFF900FFE00008FDB
:10BDE000FF10BF7000008FC00CE4000000AF73FFB5
:10BDF000F200000FFD3FFFC00001FFE3FFFF8000E6
:10BE00001FFE3FFFFF3001FFE3FFEFFE101FFE3F6D
:10BE1000FC9FFA01FFE3FFC0DFF61FFE3FFC02FFBD
:10BE2000F3FFE3FFC006FFDFFE3FFC000AFFFFE376
:10BE3000FFC0001EFFFE3FFC00003FFFE3FFB0001D
:10BE4000008FFD0CF5000000AF700AFFFFFD8000C1
:10BE50000FFFFFFFFC001FFF88BFFF701FFE0008E1
:10BE6000FFD01FFE0002FFF01FFE0001FFF01FFECB
:10BE70000007FFD01FFF99AFFF801FFFFFFFFD00EE
:10BE80001FFFFFFD80001FFE000000001FFE0000DE
:10BE900000001FFE000000000FFE000000000AF777
:10BEA000000000000029DFEC50004FFFFFFF200ED4
:10BEB000FFFEFFF105FFD00153007FFD00000006EB
:10BEC000FFFD5000001EFFFFF910003DFFFFFE3098
:10BED0000006BFFFFD0000001AFFF40000000FFF86
:10BEE00050640003FFF37FFFCCFFFE06FFFFFFFF60
:10BEF0004006BEFFEA30006F900002DD200008F827
:10BF0000CFF20009FFB0000FFEAFF6000EFFF00009
:10BF10003FFC7FF9002FFFF4006FF93FFC007FFF2B
:10BF2000F8009FF50FFE00BFFFFD00CFF20CFF10E1
:10BF3000FFCAFF10FFE008FF44FF75FF62FFB00576
:10BF4000FF78FF31FFA5FF7001FFADFE00CFF9FFC5
:10BF50004000EFFFF9008FFFFF0000AFFFF5003F4B
:10BF6000FFFD00006FFFF0000EFFF900002FFFB093
:10BF70000009FFF5000009FD200001CFA000001915
:10BF8000EFB2AE402EFFFFFFF90CFFEBEFFFA3FF78
:10BF9000E101DFFA7FF70006FFA9FF50003FFA8FAB
:10BFA000F60005FFA5FFC000CFFA1FFFC8CFFFA016
:10BFB0006FFFFFFFF9004CFFC3BF400007CFEC400D
:10BFC00001DFFFFFF00BFFEACFC03FFD0000007F65
:10BFD000F70000009FF50000007FF70000004FFD14
:10BFE0000000000EFFD9AE9004FFFFFFE0003AEF23
:10BFF000EB400007CEB500001DFFFFFB000CFFC8A3
:10C00000DFF804FF9000DFF08FF20007FF5BFFFF17
:10C01000FFFFF8BFFFFFFFFF48FF500004502FFF56
:10C02000856CFF207FFFFFFFD0004BEFED8100000C
:10C0300019EFB2CE402EFFFFFFF90DFFEAEFFFA38D
:10C04000FFE101DFFA7FF70006FFA9FF50003FFA8A
:10C050008FF60005FFA5FFC000BFFA1FFFD9CFFF75
:10C06000A07FFFFFFFFA006DFFA5FF903300009F48
:10C07000F64FFEA9CFFF13FFFFFFFF60028CEFEA30
:10C0800030000BF400000002FFA00000003FFA00A7
:10C09000000003FFA00000003FFA00000003FFBA09
:10C0A000EFD7003FFFFFFFF903FFFA59FFF03FFD15
:10C0B000000CFF43FFA0009FF53FFA0009FF53FF6C
:10C0C000A0009FF53FFA0009FF53FFA0009FF53F36
:10C0D000FA0008FF40CF40003EC000101EF65FFC93
:10C0E0001CF500000BE33FFA3FFA3FFA3FFA3FFA34
:10C0F0003FFA3FFA3FFA3FFA0CE40BE48EFC407D36
:10C10000FD7003FFFFFFFFDFFFFF803FFFA7DFFFA3
:10C11000C6AFFF03FFD002FFF100DFF33FFA000ECE
:10C12000FE000AFF43FFA000EFE000AFF43FFA007B
:10C130000EFE000AFF43FFA000EFE000AFF43FFA5D
:10C14000000EFE000AFF43FFA000DFE0009FF30C9B
:10C15000F40008F80004FC00000000000000CF5AC2
:10C16000EFD7003FFFFFFFF903FFFA59FFF03FFD54
:10C17000000CFF43FFA0009FF53FFA0009FF53FFAB
:10C18000A0009FF53FFA0009FF53FFA0009FF53F75
:10C19000FA0008FF40CF40003EC000000000000051
:10C1A000018EFE910002EFFFFFE200CFFFCFFFC044
:10C1B0003FFE201EFF47FF70006FF89FF50003FF52
:10C1C000A8FF60005FF94FFC000BFF50EFFC8BFFF6
:10C1D000E004FFFFFFF50003AEFEB3000BF69F90F7
:10C1E0003FFFFFF03FFFFF803FFF80003FFC00006C
:10C1F0003FFA00003FFA00003FFA00003FFA00005B
:10C200003FFA00000CE4000001000000105FC000D5
:10C210000CF45FFC00CFF507FFCCFF70008FFFF838
:10C2200000000DFFD00000BFFFFB000BFF88FFB038
:10C230006FF9009FF63E900009E200000110000037
:10C2400000003FF3000000008FF8000000003EE215
:10C2500000000000000000000466666666404FFFB4
:10C26000FFFFFFF31EFFFFFFFFE1000000000000E3
:10C2700000000770000000007FF6000000006FF56E
:10C280000000000004300000000000000100000079
:10C29000000000000000CF6000000000000000006F
:10C2A000BFF400000000000000002EFA00000000B3
:10C2B00002FFFFFFFFFFFFFFFF5004FFFFFFFFFF35
:10C2C000FFFFFF80003333333FF63333330000008A
:10C2D00000000FF400000000000000000FF4000058
:10C2E0000000001444444FF74444410000CFFFFFD6
:10C2F000FFFFFFFFFC0000BFFFFFFFFFFFFFFA0093
:10C30000000000000FF400000000000000000FF427
:10C3100000000000000000000FF40000000000001A
:10C3200000000FF400000000003333333FF63333D6
:10C3300033100EFFFFFFFFFFFFFFFFE00CFFFFFFCB
:10C34000FFFFFFFFFFC000477777777777777500AC
:10C3500000FFFFFFFFFFFFFFFF3000DFFFFFFFFFDA
:10C36000FFFFFF10000000000AFE000000000000B8
:10C3700000000AFE00000000000000000AFE0000AD
:10C380000000000000000AFE000000000DFFFFFF9B
:10C39000FFFFFFFFFFD01FFFFFFFFFFFFFFFFFF1CA
:10C3A000057777777CFE77777740000000000AFEFC
:10C3B00000000000000000000AFE00000000000075
:10C3C00000000AFE00000000000000000AFE00005D
:10C3D00000000000000009FE0000000000006DA643
:10C3E0004BFE000000000000CFFFFFFC000000003B
:10C3F000000028CFFFE40000000000000000110052
:10C40000000000000000000000000000000000002C
:10C4100000005200000000000000006FF500000066
:10C420000004555556FFC555554106FFFFFFFFFF58
:10C43000FFFFFFB04EFFFFFFFFFFFFFFF800000010
:10C440005400006920000000006FF0000DFF500054
:10C4500000004FF900002DFF7000003EFD000000BD
:10C460001DFF60004FFE7A20008C4DFF403FFE2BE9
:10C47000FD005FF62EFC06FB104FFA3FFC003EB0BD
:10C480000100008FFFFE10000000000000CFFF2021
:10C490000000000000008FFFFB100000000004DF20
:10C4A000FDAFFE600000006CFFF7005EFFD71005D7
:10C4B000EFFFA2000019FFFFA0AFF810000000017D
:10C4C0008EFB0030000000000000030000000000B0
:10C4D000395000000000000000007FF20000000062
:10C4E0000BFFFFFFFFFFFFFFFFB00EFFFFFFFFFF90
:10C4F000FFFFFFE001223333333333332210000CCC
:10C50000FFFFFFFFFFFFB000000FF9888888889FBA
:10C51000E000000FF9888888889FE000000BEEEEAD
:10C52000EEEEEEED9000002333333333333332003D
:10C5300009FFFFFFFFFFFFFFFF900EFFEEEEEEEEA5
:10C54000EEEEFFC00EF4002333333000AF900EF454
:10C5500002FFFFFFFB00FF3007A003FFEEEFFE002E
:10C560008700000009FD0005FE000CE00136BFF663
:10C570000005FF001FF20DFFFF900005FFFFFFE029
:10C5800009FD93000001CFFFFD4000000000000006
:10C59000000000000000730000018400000000049F
:10C5A000FD00A507FE0000000009FB07FD08FE00D6
:10C5B0000000000EF70AFA08FE000000004FF20E1D
:10C5C000FFFFFFFFFF9000BFF03FFFFFFFFFFFD027
:10C5D00002FFE08FE66BFF66662009FFE0DF900850
:10C5E000FE0000001FFFE0EF3008FE0000001FFF0C
:10C5F000E0010008FE000000027FE035555AFF55BB
:10C600005540006FE4FFFFFFFFFFFFF4006FE3EF13
:10C61000FFFFFFFFFFE3006FE0000008FE000000E7
:10C62000006FE0000008FE000000006FE00000085E
:10C63000FE000000006FE0000008FE000000006F38
:10C64000E0000007FE000000001950000004EA00AE
:10C650000000000001000000000000000000AF70BA
:10C660002ED0000000000000FF807FF100000000DD
:10C670000004FF30CFF888888860000AFE02FFFFC0
:10C68000FFFFFFF1001FF908FFFFFFFFFFD0009F32
:10C69000F41FFB8FE000000002FFF39FF48FE00027
:10C6A00000000CFFF5FFC08FFFFFFE501FFFF6FFDD
:10C6B000308FFFFFFFA0046FF322008FF777772002
:10C6C000001FF300008FE0000000001FF300008F48
:10C6D000E0000000001FF300008FFFFFFF80001F3D
:10C6E000F300008FFFFFFFC0001FF300008FF6660E
:10C6F0006620001FF300008FE0000000001FF30021
:10C70000008FE0000000000BB000005FA000000000
:10C71000000000000000000000000000CF4000000A
:10C7200000CD10000000EFE1000009FF3000000024
:10C730005FFA00002FFB000000144CFF3333BFF5FD
:10C74000310000DFFFFFFFFFFFFFFF3000AEEEEE26
:10C75000EFFEEEEEED20000000005FF000000000B4
:10C76000000000006FE00000000002555555AFD5F5
:10C77000555555300DFFFFFFFFFFFFFFFFF00AFF8C
:10C78000FFFFFFFFFFFFFFD000000006FFFF60007C
:10C7900000000000001EF96FF3000000000001CF50
:10C7A000E10CFF40000000003DFF3001DFF700001A
:10C7B000004AFFF400001DFFD5000DFFFC20000023
:10C7C000009FFFC00EFD500000000003BFD00130ED
:10C7D0000000000000000310000000000000000046
:10C7E0000000000002710004F900000000000BFBD3
:10C7F0000005FF40000000001FF80000EFE000000F
:10C8000000009FF200006FF900000002FFB000007E
:10C810000CFF5000000DFF20000002FFF40000BFDD
:10C82000FC77777777CFFF400BFFFFFFFFFFFFFF1E
:10C83000FFF35FFDEFFFFFFFFFFFDFF61B90000F31
:10C84000F70000EF92600000005FF30000DF90004F
:10C85000000000BFD00000EF8000000003FF700068
:10C8600000EF800000001DFE000000FF70000000CF
:10C87000CFF6000000FF6000003DFFA0187427FF06
:10C88000400007FFFA006FFFFFFF00000EFE600090
:10C890001AFFFFE500000350000000012100000026
:10C8A000000000000000030000000000000000087D
:10C8B000F9000007FFFFFFF6009FA00000AFFFFF99
:10C8C000FFA009FA00000145555543BCEFECCA1022
:10C8D000000000006FFFFFFFF7013333333389EFB0
:10C8E000C9FF80DFFFFFFFF10CF70BF70DFFFFFF24
:10C8F000FF00EF60CF7001AFC111000FF40CF70023
:10C900000FF6020002FF20CF6005FF07F9005FF07D
:10C910000CF600BFA06FF109FC00DF502FF500FFFF
:10C9200080EF700DF507FF026DFE6FF200EF40CF54
:10C93000FFFFFFFFFB000FF40BFFFFEBEFFF478A4A
:10C94000FF201664100AFF92FFFFD0000000009F36
:10C95000B007BB82000000000020000000000000C3
:10C96000000000000000000000003DA000000000EA
:10C9700000000000DFE33333333320000007FFFF04
:10C98000FFFFFFFFFB00001FFFFFFFFFFFFFFF0098
:10C9900000CFF40000000004FF0008FFFFFFFFFFCE
:10C9A000D603FF001FFFFFFFFFFFFE03FF0009BFCD
:10C9B000F7333339FE04FF00000FF5000006FE04D4
:10C9C000FF00000FF7333339FE05FE00000FFFFFB5
:10C9D000FFFFFE08FD00000FFFFFFFFFFE9EFA00B5
:10C9E000000FF50000006FFFF800000FF5000000D9
:10C9F0000688AFA0000FF50000000000AFD0000FC8
:10CA0000FC4444444448FFA0000DFFFFFFFFFFFF2C
:10CA1000FF2000029CDDDDDDDDDC81000000000088
:10CA200000000000000000000000110000000000F5
:10CA30000000000FF4000000009FFFFFFFFFFFFF5A
:10CA4000FFFE3CFFFFFFFFFFFFFFFFF60222222257
:10CA5000FF72222222001333333FF7333333001E99
:10CA6000FFFFFFFFFFFFFFF903FFFFFFFFFFFFFFD8
:10CA7000FFD04FF00CF8002FF306FD04FE017FE11C
:10CA80001AFC105FD04FE7FFFFFFFFFFE6FD04FE3B
:10CA90006EFFFFFFFFFD6FD04FE00000EF5000057D
:10CAA000FD04FE7FFFFFFFFFFD6FD04FEAFFFFFF9A
:10CAB000FFFFF7FD04FE01111EF611105FD04FE0DD
:10CAC0000000EF50044AFD04FE00000EF507FFFFD2
:10CAD000B02EA00000BE202CFFC30000000000010B
:10CAE0000000000000000000000DF5000000000044
:10CAF00000000000EF8000000000000000000EF9C0
:10CB0000222222000000000000EFFFFFFFFE0000D5
:10CB10000000000EFFFFFFFFF00000000000EF9399
:10CB200033333100000000000EF800000000000563
:10CB3000666666FFB66666663006FFFFFFFFFFFFAC
:10CB4000FFFFFF104FFFFFFFFFFFFFFFFFC00000D1
:10CB500000000EFB200000000000000000EFFFD7E7
:10CB6000100000000000000EFFFFFF810000000029
:10CB70000000EF84AFFFF500000000000EF8001980
:10CB8000FFE00000000000EF8000029600000000BF
:10CB9000000EF8000000000000000000EF80000020
:10CBA0000000000000000BF40000000000001CEE7C
:10CBB000EEEEEEEEEEEED1005FFFFFFFFFFFFFFFB8
:10CBC000F2005FF444445744444420005FE0000016
:10CBD000CF50000000005FE00000DF6000000000B8
:10CBE0005FE02333EF83333100005FE0FFFFFFFF9F
:10CBF000FFFF20005FE0DFFFFFFFFFFF40006FE06F
:10CC00000004FF1000FF40006FD00008FD0000FF8F
:10CC100040008FC0000CFA0000FF3000AFA0002FD2
:10CC2000F50000FF3000DF80009FE00000FF2001E2
:10CC3000FF5003FF800002FF1006FF100DFE1000E2
:10CC400006FF000CFC01CFF502A98EFB000FF70CCC
:10CC5000FF7007FFFFF40004600AF7000079BA4094
:10CC600000000000000000000000000000011112A0
:10CC7000345689BB300006FFFFFFFFFFFFFF900027
:10CC80000EFFFFFEEDCBA98710000FF8000000009B
:10CC9000000000000FF600000000000000000FFF81
:10CCA000FFFFFFFFFEC200000FFFFFFFFFFFFFF6C9
:10CCB00000000FF8FF6222226FF300001FF3CFC0C5
:10CCC00000009FE000003FF24FF60001FF800000EF
:10CCD0005FF10CFF2009FF1000007FF002FFD14F31
:10CCE000F80000009FC0006FFCEFD0000000DF8064
:10CCF0000009FFFF20000001FF40002AFFFFA30002
:10CD00000007FE147CFFFCEFFFD8200EF9EFFFFCBC
:10CD10005006CFFFF00BB1ADB7200000027B9000B2
:10CD200000000000000000000000000000100000F3
:10CD30000000000005C402FD000DE30000000EF736
:10CD400006FE000DFF4000007FE00AFB0001DFB09F
:10CD50000000DFB22DF922223B620002FFFFFFFF3D
:10CD6000FFFFFFFFA000CFFFFFFFFFFFFFFF9000CF
:10CD700000008FC00000000000000000EFEDDDDDCE
:10CD8000DC5000000003FFFFFFFFFFF00000000A7F
:10CD9000FFFF5444FFB00000002FF6FF7006FF4075
:10CDA000000000AFC09FF32EFB00000004FF400D09
:10CDB000FEDFE10000000EFB0002FFFF300000007C
:10CDC000BFF20018FFFF91000009FF526BFFFDDF6B
:10CDD000FFA5002FF77FFFFD6006DFFFD006407F35
:10CDE000E940000005CFE000000000000000000165
:10CDF00000003DFFFFFFFFFFFFC200008FFFFFFFAE
:10CE0000FFFFFFF700009FF5555555555FF80000EF
:10CE10009FE0000000000EF800009FF444444444EA
:10CE20004FF800008FFFFFFFFFFFFFF700004FFFED
:10CE3000FFFFFFFFFFF4000000111111111111108D
:10CE4000001DFFFFFFFFFFFFFFFFD02FFFFFFFFFD2
:10CE5000FFFFFFFFF00127FF5222222222221000B3
:10CE60000CFFDDDDDDEEEEC100001FFFFFFFFFFF69
:10CE7000FFF50000045555555555AFF3000000006F
:10CE8000210000008FF000000005FFD86448FFB0CB
:10CE900000000003FFFFFFFFFF200000000016ADB1
:10CEA000FFFFB30000000000000000100000000AB7
:10CEB000DDDDDDDDDDDDDDA05FFFFFFFFFFFFFFF6F
:10CEC000F45FF655555555556FF55FE02333333311
:10CED000320EF55FE6FFFFFFFFFF4EF55FE4EFFF69
:10CEE000FFFFFE3EF55FE000000000000EF55FE092
:10CEF0009FFFFFFFE70EF55FE0FFFFFFFFFE0EF570
:10CF00005FE0FF511116FF0EF55FE0FF300004FFF8
:10CF10000EF55FE0FF300004FF0EF55FE0FF41110A
:10CF200015FF0EF55FE0FFFFFFFFFE0EF55FE09FD0
:10CF3000FFFFFFF90EF55FE000000001865FF55F7F
:10CF4000E000000006FFFFF32D90000000019DFFB0
:10CF50009000000000000000000000ADDDDD802B2F
:10CF6000DDDDD90006FFFFFFF28FFFFFFF3007FD79
:10CF7000444FF39FB444EF4007FC111EF39F900011
:10CF8000DF4006FFFFFFF39FFFFFFF3002EFFFFFD1
:10CF9000FB5FFFFFFD0000000003FF402FF40000D7
:10CFA0001DFFFFFFFFFFFFFFFFB03FFFFFFFFFFF82
:10CFB000FFFFFFF104556EFF855EFFC55530001879
:10CFC000FFF70003FFFD71000AFFFFFFC12EFFFF07
:10CFD000FFA03FFFFFFFF58FFFFFFFF105FF522D81
:10CFE000F69FA114FF3000FF200BF69F9002FF0078
:10CFF00000FF200CF69F9003FF0000FFEEEFF59F6F
:10D00000FFFFFE00009FFFFFE13DFFFFF700000074
:10D0100011110000000000000000000000000000EE
:10D02000001CEEEEEEEEEEEEEEB16FFFFFFFFFFF47
:10D03000FFFFF76FF766666666667FF86FE003448A
:10D040004444410DF86FE07FFFFFFFFD0DF86FE0F6
:10D050005EEEEEEEEA0DF86FE023333333330DF876
:10D060006FE7FFFFFFFFFF7DF86FE6FFFFFFFFFFAA
:10D070006DF86FE000CF83FE000DF86FE001FF4315
:10D08000FE000DF86FE009FE03FE0EBDF86FE07FB5
:10D09000F703FF4FDDF86FE4FFB002FFFFBDF86F4D
:10D0A000E4E900007CCC2DF86FF544444444444F3F
:10D0B000F85FFFFFFFFFFFFFFFF70BFFFFFFFFFF23
:10D0C000FFFFC108EEEEEEEEEEEEEEEB00EFFFFF3F
:10D0D000FFFFFFFFFFF40EFB55558FF55555FF5031
:10D0E000EF700005FF00000EF50EFEEEEEEFFFFF05
:10D0F000FFFF50EFFFFFFFFFFFFFFFF50EFA77770F
:10D10000AFF66666FF50EF604448FF44420FF50EED
:10D11000F6CFFFFFFFFFF1FF50EF6EFFFFFFFFFFB6
:10D120002FF50EF6EF7000000FF2FF50EF6EF600D5
:10D130000000FF2FF50EF6EFA666666FF2FF50EFC8
:10D140006EFFFFFFFFFF2FF50EF68DEEEEEEEDA06A
:10D15000FF50EF9444444444444FF50EFFFFFFFF5B
:10D16000FFFFFFFF408EEEEEEEEEEEEEEEB00022A1
:10D170002222222222222000EFFFFFFFFFFFFFFFDB
:10D18000902FFCBBBCFBBBBBBDFE03FE0003EF400E
:10D1900000003FE03FE007FFFEEEED63FE03FE0C04
:10D1A000FFFFFFFFF73FE03FE0DEFFA6CFF603FE05
:10D1B00003FE0004EFFFF7103FE03FE39CFFFFFF9B
:10D1C000FFE8FE03FEBFFFC9448DFFBFE03FE374ED
:10D1D00010FFF70023FE03FE0000048B70003FE009
:10D1E0003FE002FEA7300003FE03FE002EFFFFF922
:10D1F000003FE03FE0000159CFD003FE03FF0000F5
:10D20000000000003FE02FFFFFFFFFFFFFFFFE00D9
:10D21000BEEEEEEEEEEEEEEE80000000000000004E
:10D2200000000000000000250000000000000000D9
:10D2300000EF600000000001566669FF86666666C2
:10D24000300AFFFFFFFFFFFFFFFFF007FFFFFFFFB9
:10D25000FFFFFFFFB0000000AFE100000000000092
:10D260000004FF6001A800000000006DFC0004FF46
:10D270000000000006FFF20004FF100000000AFF9B
:10D2800055EFFFFFFFFE40008FFF0AFFFFFFFFFF8C
:10D290008008FFFF014447FF5444000FFEFF0000D9
:10D2A00004FF1000000664FF000004FF10000000EF
:10D2B00004FF000004FF1000000004FF000004FF52
:10D2C0001000000004FF013336FF3333100004FF69
:10D2D0002FFFFFFFFFFFE00003FE1EFFFFFFFFFF2A
:10D2E000C00001B7000000000000000000100000B6
:10D2F0001630000000000DF300007FF00000000079
:10D300000FF500128FF2221000000FF501FFFFFF52
:10D31000FFF700000FF501FFFFFFFFFE001CFFFFFE
:10D32000C0349FF44AFE003FFFFFF1007FF008FE8B
:10D3300000046FF940008FE008FE00000FF50000C8
:10D340009FE008FE00000FF5DFFFFFFFFFFFE20098
:10D350000FF6FFFFFFFFFFFFF4000FF55778FFFE0A
:10D36000777770000FFBF709FFFF400000004FFFC9
:10D37000FB6FFCEFE200000CFFFF87FFF23FFD10A8
:10D38000002FFD61AFFF4006FFE20003305EFFF4B7
:10D3900000008FFF500005FFFD20000007FFF20096
:10D3A00002DD60000000004DD10000000000000020
:10D3B0000000000045555555410000580008FFFF8A
:10D3C000FFFFFE2E90EF5006EFFFFFFFFB4FE0EF59
:10D3D000500005FF03FF204FE0EF500016FF14FF41
:10D3E000304FE0EF503FFFFFFFFFFD4FE0EF504FAA
:10D3F000FFFFFFFFFE5FE0EF50012AFC25FF411E0B
:10D40000A0EF50000EF803FF200000FF50007FF354
:10D4100003FF200AFFFF4000EFB001FFC10AFFFD3C
:10D4200000008A21114FF711343000003FFFFFFF49
:10D43000FFFFFFF800004FFFFFFFFFFFFFFB0000B3
:10D440000122223FF722221000024444445FF944A3
:10D450004444101FFFFFFFFFFFFFFFFFE00DFFFF32
:10D46000FFFFFFFFFFFFB00001000000028100008E
:10D4700000004FA000000AFC000000005FD0AEEEEC
:10D48000EFFFEEEEB0005FD0EFFFFFFFFFFFE00029
:10D490005FD0028FC000CFB00004AFE7CDEFFDDD5D
:10D4A000FFEDC30FFFFFFFFFFFFFFFFFF70DFFFEC5
:10D4B00076777777777661005FD01EFFFFFFFFFCFE
:10D4C00000005FD04FFEEEEEEEFF20005FD04FF980
:10D4D00099999AFF30005FD04FFBBBBBBCFF300077
:10D4E0005FE54FFCCCCCCDFF20005FFF8FFFFFFF3F
:10D4F000FFFF0006EFFD136FF67FF543403FFE7020
:10D50000009FF04FF10CF40860036CFF804FF43E75
:10D51000F400008FFFF9002FFFFFF100005ED9300B
:10D520000005CEDB300000000026100000000000E7
:10D5300000000DFA0000000004CDDDDDFFFDDDDDA3
:10D54000DC30CFFFFFFFFFFFFFFFFA0DF94444DFA0
:10D55000647644BF90BF737A1AFB5FE00CF5027FDC
:10D56000FDF42FFFF816BD000AFDDF40CFF91AFACF
:10D570000007FF4DF7CFF77F9FF500CF90DFFFE467
:10D580000CF5BFE00266BFFFFEDEFF11FF709FFFDC
:10D59000FFFFFFFF7006FA0EFB71016FD10000055F
:10D5A0001002B40007FF0000B900006FA0007FF078
:10D5B000002FF00006FB0007FF0002FF00006FC114
:10D5C000118FF1114FF00006FFFFFFFFFFFFFF007B
:10D5D000001DFFFFFFFFFFFF8000000000000000B4
:10D5E00000000000009FFFFFFFFFFFFFFE2000EF95
:10D5F000FFFFFFFFFFFFFF5000EF822222222223C6
:10D60000FF5000EF722222222223FF5000EFFFFF83
:10D61000FFFFFFFFFF5000EFEDEFDDDDDDDFDD2081
:10D6200000EF60AF8000005FA00000FF504FF211DC
:10D6300011EF800000FF9FFFFFFFFFFFFF9000FF43
:10D640007EEFFEEEEEFFEE8002FF003FF00005FEF3
:10D65000000004FF125FF22227FE220006FFFFFFF8
:10D66000FFFFFFFFFFE009FBBCEFFCCCCDFFCCB020
:10D670000DF700AFA00005FE00001FF303FF400000
:10D6800005FE00005FE02FFB000005FE00002A40C1
:10D690007FD1000004FD0000000004000000002114
:10D6A0000000000200008600021000007FA003FFBF
:10D6B000002FE000005FF303FF00AFD0005EFFFF2C
:10D6C000FFFFFFFFFFE7CFFFFFFFFFFFFFFFFCDFD5
:10D6D0009555555555555AFCDF67BCCCCCCCCB374E
:10D6E000FBCF5FFFFFFFFFFFB5F6241FF444444468
:10D6F0008FC000001FFCCCCCCCDFC000000EFFFFB1
:10D70000FFFFFF900000013337FF33330000005666
:10D710006669FF6666651009FFFFFFFFFFFFFFA058
:10D720000BFFFFFFFFFFFFFFB00BF90005FF00003D
:10D730008FB00BF80005FF00008FB00BF80005FF5D
:10D7400000BEFFC008F40004FE00CFFD4000000052
:10D7500000740000000000000000048100000000D0
:10D76000000000000DFA0000000000BFFFFFFFFFF7
:10D77000FFFFFFC001FFFFFFFFFFFFFFFFF101FF02
:10D7800032222EF82222221001FF13337FF8333386
:10D79000331001FFBFFFFFFFFFFFFFE001FF9FFF0F
:10D7A000FFFFFFFFFFD001FF000CFE003100000073
:10D7B00002FF006FF503FD00000002FF01EFD3360A
:10D7C000FE33320003FF07FFFFFFFFFFFF7004FE81
:10D7D00005DEEEEFFFEEEE6005FD00000004FE004A
:10D7E000000008FBAFFFFFFFFFFFFFD00AF9DFFFDC
:10D7F000FFFFFFFFFFF20DF702222226FE2222107A
:10D800001FF300000004FE0000000BA00000000257
:10D81000FA000000000000000000000000000045C9
:10D82000555555555555550005FFFFFFFFFFFFFFA7
:10D83000FF9003DDDEFFDDDDDFFEDD60000005FFC4
:10D8400000001FF30000000005FF00001FF30000B0
:10D85000000005FF00001FF30000000005FF0000AE
:10D860001FF30000003337FF33334FF533200EFF33
:10D87000FFFFFFFFFFFFFFF20DFFFFFFFFFFFFFFB7
:10D88000FFF1001119FD11112FF3110000000BFB26
:10D8900000001FF3000000001FF900001FF300004C
:10D8A00000007FF400001FF300000002FFE0000012
:10D8B0001FF30000002EFF5000001FF3000000EFD8
:10D8C000F90000001FF2000000CE700000000DE023
:10D8D0000000000000000000000000000000000048
:10D8E00001100000000015555200FE0001EC000E72
:10D8F000FFFFE00DF7008FB0009CCDFF02AFE55EAB
:10D90000F81000001FF3FFFFFFFFFE000013FF6F82
:10D91000D78FF77FF208FFFFF6FA01FE00EF30DF46
:10D92000FFFA6FD9AFF99FF30EF30006FFFFFFFF79
:10D93000FF30EF20006FA01FE00EF30FFB9946FBB6
:10D9400002FE00FF30EFFFFC5FFFFFFFFFF2036707
:10D950009FD0ABCCFFCCB8000003FD00002FE0004F
:10D960000000003FDAFFFFFFFFFFB00003FDAFFF45
:10D97000FFFFFFFC01439FB00001FE000000CFFF4E
:10D98000F700001FE0000006BCB7000001FE000029
:10D990000000000000000630000000000000000051
:10D9A000000000000388888888820002C9000DFFFB
:10D9B000FFFFFFFA005FFF0008FFFFFFFFE62AFFFF
:10D9C000F500000AFA0AF908FFFE4000000AFA0A08
:10D9D000F95FFFA10000000AFA0AF91BA2006B1010
:10D9E000000AFA0AFA000008FF500EFFFFFFFFF9D5
:10D9F00000AFFC002FFFFFFFFFFC4DFFC000057DC7
:10DA0000FB7CFC8EFFFA0000000DF70AF96FFE6048
:10DA10000100000FF50AF91A81004FD0002FF20A19
:10DA2000F9000004FFE0007FF00AF900007FFF200A
:10DA300000CFB00AF9003CFFE30003FF500AF92AC7
:10DA4000FFFC100009FD000AF9AFFE60000004A20F
:10DA50000006F54B70000000000000000000000010
:10DA600000000000000000000000000000000000B6
:10DA70001CC000000000000000742FF50000000032
:10DA8000000004FF0EF900074000007F45FF0AFE7A
:10DA9000004FF00000CF75FF06FF202FF40000EFCD
:10DAA00065FF01FF600FF80000FF45FF00EFA00DCC
:10DAB000FC0001FF35FF00AFD009FF0003FF15FF99
:10DAC000006FF106FF3005FF05FF003FF403FF6024
:10DAD00007FE05FF000EF200FF9009FC05FF0001A4
:10DAE00017A1CFD00CFA05FF00000DF79FF00EF83C
:10DAF00005FF00000EF75FF21FF505FF10001FF590
:10DB00002FF42FF205FFC655BFF108A0064001EF24
:10DB1000FFFFFF70000000000018CDDDB500000021
:10DB200000000000000000000000000030000000C5
:10DB3000000000000009F704555555554000000A43
:10DB4000F86FFFFFFFFFFA00000AF84EFFFFFFFF2C
:10DB5000F800034AFAE8000005FFC0000EFAFAFEDA
:10DB600000002EFD10000FFAF8CF2000CFE20000D9
:10DB70000FFAF88F700AFF3000000FFAF816008FC6
:10DB8000F50000000FFAF80006FF800000000DAA63
:10DB9000F8004FFA00000000000AF801EFC0000092
:10DBA0000000000AF80CFE10000008A0000AF85F50
:10DBB000F40000001FF3000AF8DFA00000002FF2BD
:10DBC000000AF9FF600000004FF0000AF8EFD533BB
:10DBD0003347EFC0000AF86FFFFFFFFFFF40000967
:10DBE000F704BEFFFFEDA30000027100000000007B
:10DBF0000000000000000007700200000222220066
:10DC000002FF14FC000CFFFFFE001FF21EFB00CF02
:10DC1000FFFFF201FF303FF4001224FF100FF63433
:10DC20008E0000003FF7EFFFFFFFF403A405FE9F07
:10DC3000FFFFFEEC108FF67FC033DF60020001DFD4
:10DC4000FEF9000BF703FB0001DFFF60009F90CFA0
:10DC5000B00001DFF80007FC8FF3000007FFF500BC
:10DC60004FFFF9000001EFFFF000FFFD000000CFC3
:10DC7000E2DF107FFE10BC00BFF30132BFFFF20FE6
:10DC8000F0BFF60009FFFADFB0FF4FF60003FFC454
:10DC900002FFEFD073000005300004FFFB0000001E
:10DCA0000000000002AE6000000000000000000064
:10DCB0000000000000000000000000022223445782
:10DCC00089BEFD0002FFFFFFFFFFFFFFFE0002FF16
:10DCD000FFFFFFFDBA975100001221114FF5000020
:10DCE0000000001222222FFB2222220003FFFFFF4E
:10DCF000FFFFFFFFFF9003FFFFFFFFFFFFFFFFA0FE
:10DD00000012222226FF522222000000000001FF02
:10DD1000500000000CFFFFFFFFFFFFFFFFE32FFF9E
:10DD2000FFFFFFFFFFFFFFF60466666666FFB6664D
:10DD300066500000000000FF8000000000000000AE
:10DD400001FF700000000000000003FF5000000011
:10DD500000008C965AFF200000000000DFFFFFFB50
:10DD600000000000000017ADFFB10000000000003F
:10DD700041000023000000000005FC0001FF20001E
:10DD800000000005FD0009FF104700000005FD0030
:10DD90000FF900FF9000038BFE837FF200BFF200BB
:10DDA0000CFFFFFBDFB0001FFC0008FFFFDCFF5291
:10DDB000245CFF400005FD0BFFFFFFFFFFC00005D7
:10DDC000FD0EFFFFFFEDCFF30005FE9233210000B3
:10DDD0000DF30008FFFCEFFFFFFFFE3006EFFFAF83
:10DDE000FFFFFFFFFF502FFFFD2FFA666666FF5013
:10DDF0000AA9FD2FF3000000EF500005FD2FF300EE
:10DE00000000EF500005FD2FF3000000EF50002749
:10DE1000FD2FF7444445FF500CFFFD2FFFFFFFFF90
:10DE2000FF400AFFF90AEEEEEEEEEC0000121000E1
:10DE300000000000000000002000200000000000A2
:10DE40000004FC03FD00000058200005FD04FE0254
:10DE500058BFFF900005FD04FFFFFFFFE91009FF19
:10DE6000FFE6FFECA85207C30DFFFFF8FE0000001D
:10DE70001FF70137FE24FF999999DFF40005FD0390
:10DE8000FFFFFFFFFFC00005FD008BCCCCCBB70030
:10DE90000005FFF4133333333200005CFFF6EFFF6D
:10DEA000FFFFFF300DFFFF41FFFFFFFFFF5008AAFC
:10DEB000FD01FF200000EF500005FD01FFFFFFFF07
:10DEC000FF500005FD01FFFFFFFFFF500005FD01B2
:10DED000FF422222EF500027FD01FF411111FF50A8
:10DEE0000AFFFC01FFFFFFFFFF5006DFD400BEEE7C
:10DEF000EEEEED1000000000000000000000000049
:10DF00000000000000000000000CD000001EE20035
:10DF10000000000FF300002FFB000000000FF31DB6
:10DF2000FFFFFFFFFE50014FF76FFFFFFFFFFF9066
:10DF30000BFFFFFFD3333333EF6009FFFFDFB38104
:10DF400004D7DF10000FF3052EF706FFA100000F26
:10DF5000F3007FF2008FFA00000FFAD3EF90000871
:10DF6000FF80001FFFFDFF7555559FB007FFFFAEF7
:10DF7000FFFFFFFF53000CFFF506ACDFFEDC2000C7
:10DF8000014EF400000EF5000000000EF400000E3B
:10DF9000F5000000000EF400000EF5000000000E79
:10DFA000F403333EF733320007EFF4BFFFFFFFFF08
:10DFB000FF7009FFF2AFFFFFFFFFFF6000241000BA
:10DFC00000000000000000076000000000000000EA
:10DFD000001FF006BCCCCCCCB600001FF10EFFFF3A
:10DFE000FFFFFF00014FF40FF8222226FF001FFF62
:10DFF000FFAEFFFFFFFFFF000CDFFD769AAAAAAA83
:10E000009600001FF17CCCB62ABBBA30001FF1DFAE
:10E01000FFFD6FFFFFA0001FF5EF11FE6F916FA0D6
:10E02000002FFFFFAAFD6FD9BFA005EFFFCFFFFFB5
:10E03000EFFFFF803FFFF502222CF73333001DBFB7
:10E04000F3DFFFFFFFFFFFC0001FF4FFFFFFFFFF35
:10E05000FFF0001FF11229FFFFE52210001FF10061
:10E060008FFFFFFF5000005FF13CFF7CF6BFFB20FD
:10E070000DFFF9FFE50CF509FFF108EF97F9100B1B
:10E08000F3004DE10000000000012000000000004E
:10E090000000041000000000000000007FE200000B
:10E0A0000000000000002EFC0000000008FFFFFF41
:10E0B000FFFFFFFFFFC00CFFFFFFFFFFFFFFFFF1B0
:10E0C000014558FF555555555530000005FF0000D6
:10E0D00000000000000005FF5555555420000000C9
:10E0E00006FFFFFFFFFFF200000008FFFFFFFFFF3A
:10E0F000F50000000BFB0000001FF40000000EF70D
:10E100000000000FF40000003FF40000001FF300C7
:10E1100000009FE00000002FF3000001FF900000CE
:10E12000003FF100000BFF100000006FF000007FC7
:10E13000F700079877EFD00006FFA0002FFFFFFF42
:10E14000600008FA000006ABCCA50000000000004B
:10E1500000000000000002566666666666502FFFEB
:10E16000FFFFFFFFFFFA6FFFFFFFFFFFFFFE6FF0F4
:10E170000000000007FE6FE00000000006FE6FE0F8
:10E180000000000006FE6FE00000000006FE6FF7D2
:10E19000777777777BFE6FFFFFFFFFFFFFFE6FFF55
:10E1A000FFFFFFFFFFFE6FE00000000006FE6FE0D4
:10E1B0000000000006FE6FE00000000006FE6FE0B9
:10E1C0000000000006FE6FE00000000006FE6FF693
:10E1D000666666666BFE6FFFFFFFFFFFFFFD1CEECE
:10E1E000EEEEEEEEEEE500000000000000000000A4
:10E1F00000000000004700002555410000000EF619
:10E20000002FFFFFC0000000EF6005FFEEFE0000E2
:10E21000000EF7005FE04FE9FFFFFFFFFE15FE0471
:10E22000FECFFFFFFFFFF25FE04FE0222222EF81EF
:10E2300005FE04FE0000000EF6005FFDDFE05A2040
:10E2400000EF6005FFFFFE0DFA000EF6005FF48F91
:10E25000E07FF200EF6005FE05FE00FF800EF60095
:10E260005FE05FE009FE00EF6005FE05FE001C7048
:10E270000EF6005FE05FE0000000EF6005FF16FEB5
:10E280000000000EF6005FFFFFE0003521FF600197
:10E29000CFFFE7000EFFFFF50000000000007DFF4C
:10E2A000FD0000000000000000210000000210003E
:10E2B00010000000000000FF000FE0035555200093
:10E2C0002FF434FF47FFFFFF10BFFFFFFFFFFFEDFD
:10E2D000DFF408EFFEEEFFEEF800FF4001FF322F03
:10E2E000F19F800FF4001FFFFFFF19FFFFFF4001A8
:10E2F000FFFFFFF19FFFFFF4001FF101FF19F9225B
:10E30000FF4001FFFFFFF19F700FF4001FFEEEFFC3
:10E3100019FB77FF4001FF100FF1AFFFFFF40CFF77
:10E32000FFFFFFFFFC99FF40FFFFFFFFFFFF600EB5
:10E33000F400128213611EF400EF4001DF90AF621F
:10E34000FF200EF401CFF405FF8FE166FF40BFF41C
:10E350000007ACF97FFFF309D3000000AE218BB7B3
:10E36000000000000000000000000000100000009D
:10E37000000000000001FE00047888860000000212
:10E38000FF000FFFFFFF40000035FF330FFC9AFF37
:10E3900050000DFFFFFF6FF200DF50000BFFFFFE8C
:10E3A0003FF200DF50000008FF000FF200DF5000D6
:10E3B000000CFF700FF200DF5000002FFFF30FF290
:10E3C00000DF5000008FFFFE2FF200DF500000FF43
:10E3D000FFEFBFF100DF500007FFFF4FCFF000DF7E
:10E3E00050001FFAFF014FE000DF59E15FE3FF003B
:10E3F0007FB000DF5CF40722FF00CF8000DF5CF419
:10E400000002FF03FF3000DF5CF40002FF0CFD00A0
:10E4100000DF8EF30002FF6FF50000CFFFF1000276
:10E42000FF6FB000004DEE700000530100000000CF
:10E430000000000053000000320000000005FE0054
:10E440000004FF2000000005FE08BBBBFFCBBBA102
:10E450000005FE1FFFFFFFFFFFF50BFFFFFF888892
:10E46000888988700FFFFFFF00CE20CF5000024A3E
:10E47000FF6204FF209FE000000BFFC00CFB002F99
:10E48000F600001FFFF84FF3000AFE00007FFFFFB9
:10E49000EFFB001FFF7000EFFEAFFFFF308FFFF1BB
:10E4A00007FFFE0FFCEFB0EFADF51FFEFE0DE27FA4
:10E4B000FBFF33A13FE6FE00000CFFFB000005253B
:10E4C000FE000006FFF600000005FE0002AFFFFFA1
:10E4D00091000005FE03BFFFD6DFFE700005FE0DB4
:10E4E000FFE70009FFF90003FC05960000002AC3BE
:10E4F00000001000000000000000000000001510E7
:10E50000000000000AF60000BF90000000000BFEB3
:10E510001000FF833333331004FF9005FFFFFFFF2C
:10E52000FFE000BFF10BFFFFFFFFFFF1003FF81F0F
:10E53000F90880009FF0000BFA8FF22FF200BFC0A5
:10E54000000293FFB03FF300EF8000000AFF305F4E
:10E55000F304FF4000000CF7007FF50AFD000008FF
:10E56000F81000BFF90AF600000EFB0001FFFF10D3
:10E570002000003FF70008FEDF900000008FF2004F
:10E580003FF65FF4000000EFD002EFD00CFE200059
:10E5900004FF704EFF2001EFE3000BFF18FFF400B3
:10E5A000003FFF500FF9DFFF40000004FFF404724A
:10E5B000FFB1000000003EF4000022000000000057
:10E5C000001000111111111111110006FFFFFFFFC2
:10E5D000FFFFFFFF608FFFFFFFFFFFFFFFF800342B
:10E5E00044444AFF44444300000000008FF0000010
:10E5F000000000A70008FF00000000004FF1008F9E
:10E60000F00000000005FF1008FF77777600005F3C
:10E61000F1008FFFFFFFF60005FF1008FFFFFFFE70
:10E6200030005FF1008FF00000000005FF1008FFD0
:10E6300000000000005FF1008FF00000000005FF07
:10E640001008FF00000000016FF2119FF11111107E
:10E650000BFFFFFFFFFFFFFFFFD0DFFFFFFFFFFF0D
:10E66000FFFFFF013444444444444444100000008C
:10E6700000024000000000000000000DF400000057
:10E68000000001EA000EF7333331000003FE000EF4
:10E69000FFFFFFFE000003FE000EFFFFFFFC000077
:10E6A00003FE000EF5000000000003FE000EF50062
:10E6B0000000000DFFFFFFFFFFFFFFFFE21FFFFF56
:10E6C000FFFFFFFFFFFFF4012222222EF52222226C
:10E6D00020000099000EF30001DD00000BFF300E5A
:10E6E000F3000DFE0000BFFC000EF300BFF5000AB2
:10E6F000FFD1000EF32CFF80005FFC10000EFAFF2C
:10E70000F800002D9000004FFFFF5000000034681B
:10E71000CFFFFF9100000004FFFFFFEA5000000060
:10E720000002DFDA730000000000000000A7000014
:10E7300000000000000008FFCCCCCCCCCCCB2000EB
:10E740002FFFFFFFFFFFFFFF6000CFB333333333F3
:10E7500033320006FF3EFFFFFFFFFFC0000EF52F24
:10E76000FFFFFFFFFFE00005500233333333321069
:10E770000002FFFFFFFFFFFFFE000001DEFEEEEEE6
:10E78000FEEEFF10000007F6001EE000FF00000391
:10E79000ABFFBBDFEB40FF000007FFFFFFFFFF9079
:10E7A000EF0010004445FF644400EF0AE006FFFF5D
:10E7B000FFFFFF60EF0DF1029AAAFFAAA920DF1E5A
:10E7C000F106AAABFFBAAA80CF6FF00CFFFFFFFFE4
:10E7D000FFE19FFFD0000001FF2000003FFF9000FD
:10E7E0000000EE10000006EC100000001100000018
:10E7F0000000000000000000000000000000000019
:10E800000000000000000099000022222000008586
:10E810001FFD10DFFFFFD0424FE02DFE4FFFFFFF37
:10E820005FD4FE001BF4FE000EF5FE4FE000003F3B
:10E83000E3E3EF5FE4FE0AB203FE6F6EF5FE4FE026
:10E84000EFF53FE6F6EF5FE4FE01BFF6FE6F6EF513
:10E85000FE4FE0007D4FE6F6EF5FE4FE000003FEB2
:10E860006F6EF5FE4FE000AE5FE7F6EF5FE4FE008F
:10E870001FF7FE8F5EF5FE4FE006FF3FEBF3EF5F05
:10E88000E4FE00BFA1DAFF1891D94FE01FF500AFF9
:10E89000CFE30004FE06FE00AFF3CFF5025FE0BF5A
:10E8A00092DFF5009FE9FFFE05914FD40000634D14
:10E8B000FE600000100000000000000000000000EA
:10E8C000000000000002930006F4000AF2000007B6
:10E8D000FF3009FA002FF6442001EFFEFFFFFDAFE5
:10E8E000FFFFF1003EFFFFFFFFFFFFFFF1000134DC
:10E8F000DF8559FF211100079000CF500AFE99973C
:10E90000000EFA00DFFFC3CFFFFF5005FF60EFFFEF
:10E91000F43ABEFF20007F60FF7FF3004FF6000057
:10E920000002FE0FF300DF9000004B25FB0FF345C4
:10E93000CFC54000CF69F80FF9FFFFFFF300FF3CA0
:10E94000F51FF6FFFFFFE204FF2FF14FE0000FF38A
:10E950000009FB7FD07FC0000FF2000EF6EF97DFBB
:10E9600090758FF1004FF5FF8FFF44FFFFC0003C13
:10E9700062C609A6008DFC20000000000000000017
:10E980000000000020000000000000000009FA0064
:10E990003ABBBBBBBBB60007FFB0BFFFFFFFFFFF2B
:10E9A00010007FF7CFA6666556FF200005D4CFFF85
:10E9B000FFFF90FF20063000CFB888BFC0FF205F68
:10E9C000F405EFDBBBCFEBFFB10CFF5EFFFFFFFFFA
:10E9D000FFFFF601CFDEF7444444444FF400074EF6
:10E9E000FFFFFFFFFFFFF1000008EFFDDDDDDDFFB2
:10E9F000600003928FC5555555FF20000DF88FFF1D
:10EA0000FFFFFFFF20003FF48FC6666666FF200011
:10EA1000AFE08FECCCCCCCFF2002FF708FFFFFFF6C
:10EA2000FFFF200AFF108FA0000001FF201FF7004A
:10EA30008FA00008FEFF100990006F800007FFFD07
:10EA40000000000001000000034000000000000082
:10EA50000000000000000010000001300000000075
:10EA600004F800000DF60000000006FB08DDDFFEE4
:10EA7000DDDA000006FB0EFFFFFFFFFF100A56FB6A
:10EA8000CFF5222223FF200FC6FFFFFFFFFFFFFF6E
:10EA9000200FD6FFCEFCBBBBBBFF200FE6FE2EF83F
:10EAA000666666FF200FE7F80EFFFFFFFFFF200EF0
:10EAB000F8F70EF7555555FF200BB9F60EFDDDDDC5
:10EAC000DDFF20000BF50BFFFFFFFFFF00000EF83E
:10EAD000031344F9002000001FFF6FCDF4FF34FB47
:10EAE00000006FFFFFDDF3AF91FF3000BF8DFF8DA2
:10EAF000F31B5DFFA003FF32FF4DF4008FFFF00B0F
:10EB0000FB06FD0DFFFFFF7EF30CF204C404DFFFE4
:10EB1000F904900010000000000000000000000058
:10EB2000000034000000000EC000000FF2000000E2
:10EB300001FF100001FF300000001FF100001FF373
:10EB400000000001FF544444FF644443001FFFFFE2
:10EB5000FFFFFFFFFFF301FFFFFFFFFFFFFFFF20AE
:10EB60001FF10000000000000001FF100000000085
:10EB70000000001FF65555555510000002FFFFFF1D
:10EB8000FFFFFB0000003FFDDDDDDDFFD0000005E5
:10EB9000FD00000007FD0000008FB00000006FD0F6
:10EBA00000000BF900000006FD000000EF6000000F
:10EBB000006FD000002FF200000006FD000006FEEE
:10EBC000000000006FD000006F6000000004F9003A
:10EBD000000000000000000000000000000000181D
:10EBE0007000000000000000004FF300000000096A
:10EBF000FFFFFFFFFFFFFFFFB00CFFFFFFFFFFFF67
:10EC0000FFFFF000642223DFD32222671003FD0000
:10EC10000CFE28D403FF1000DF809FFBBFF61EFA16
:10EC200000005FF0EFFFFF908FD000000899637F36
:10EC3000F900AE20000004EFC3FF95F8FFA000002C
:10EC40008FFE6FFB29FD7FFD2007FFC2DFFFFFFF67
:10EC500045FF9005E800CDCFF7BF702A3000222293
:10EC6000223FF44B4222000EFFFFFFFFFFFFFFFF9A
:10EC7000E00DFFFFFFFFFFFFFFFFD0000000001FC0
:10EC8000F200000000000000001FF2000000000081
:10EC90000000001FF20000000000000000066000FD
:10ECA0000000000011111005666666662009FFFF6E
:10ECB000FE9FFFFFFFFFD00AFFFFFF6CCCCCCCCC48
:10ECC000900015FE110000000000000004FE00008E
:10ECD00000000000000004FE0056666666665004F0
:10ECE000DEFFDDFFFFFFFFFFF509FFFFFFDEFFDEB9
:10ECF000FFDDD20158FF5303FF04FE00000004FEB5
:10ED00000003FF04FE00000004FE0004FF04FE00F8
:10ED1000000004FE6C27FE04FE05D30004FFFF7B09
:10ED2000FB04FE09F7006DFFFA4FF604FE0AF70C2C
:10ED3000FFFB33EFE004FE0BF609EA319FFF3004DE
:10ED4000FF3DF500000EFFD20002FFFFF200000BB6
:10ED5000E60000008EEE80000000000000000000D1
:10ED600000047777603333333333201FFFFFF9FF1D
:10ED7000FFFFFFFFF20ABFFDA5EFFFFFFFFFE2006D
:10ED80000EF5000002FF300000000EF5000008FE46
:10ED9000000000000EF500000EFD000000013FF72E
:10EDA00020006FFFF800000EFFFFF300EFFFFF30C1
:10EDB000000DFFFFE208FFFECFC000000EF5004F80
:10EDC000FAFE4FF500000EF503FFB4FE0BFE000047
:10EDD0000EF52FFD14FE03FF80000EF55FD204FE3A
:10EDE00000AFF1000EFDE50004FE002FF6002FFF3E
:10EDF000F30004FE0005911AFFFB300004FE000042
:10EE0000007FFB30000004FE000000062000000030
:10EE100002FC0000000000000000001000000000E4
:10EE2000000000000010000000001111000004FDAF
:10EE30006B40000EFFFFF10005FE6FFA000EFFFFB2
:10EE4000F33337FF37FF20013EF62BFFFFFFFFFFB5
:10EE5000F3000EF40BFFFFFFFFFFF2000EF4003192
:10EE600016FF111300012EF51AF505FF107F701F14
:10EE7000FFFFFAFE05FF61EF601FFFFFF4DF65FF94
:10EE8000C9FD00012EF5104FB5FFFFF400000EF490
:10EE9000000635FFFF6000000EF6701B55FFFF50A7
:10EEA00000000EFFF7BFD5FE9FE100003FFFCAFF45
:10EEB00035FE1FFB0008FFF85FF705FE06FF803FE9
:10EEC000FC30EF967AFE00CFF3055000871FFFFD60
:10EED000001EF30000000006DFD400001001CFFF89
:10EEE000FFFFFFFFFFFD1005FFFFFFFFFFFFFFFF1D
:10EEF0005005FF66667FF86666FF5005FF44445F75
:10EF0000F74444FF5005FFFFFFFFFFFFFFFF5005E1
:10EF1000FFCCCCCFFDCCCCFF5005FF66667FF866FA
:10EF200066FF5005FFFFFFFFFFFFFFFF5001CDEE23
:10EF3000EFFEEFFFEEEC10000003EFF40CFF90008B
:10EF40000000019FFF9004FFFD500003AFFFFF2072
:10EF5000007FFFFC503FFFFBFF20006FFDFFF63FEF
:10EF6000D815FF10006FF16DF600000AFF00006F6A
:10EF7000F1000000007FF900006FF10000007EFF4B
:10EF8000D100006FF1000001FFFA1000006FF000E7
:10EF900000007720000000085000000144444206B1
:10EFA00077777772000FFFFFFF8FFFFFFFFD000DE8
:10EFB000FFFFFE3ABBBBBDFD00001FF60002D800FC
:10EFC00006FC00005FF10007FC0008FB0000AFFB3F
:10EFD000A408FB0009FA0001FFFFFC0AF9000BF886
:10EFE0000008FF9AFC0CF8000DF7001FFF25FC0E2F
:10EFF000FFFFFFFFB02FFF25FC0EFFFFFFFFF10318
:10F00000FF25FC024555557FF100FF25FC0000005F
:10F01000001FF100FF25FC155555512FF000FF256D
:10F02000FCDFFFFFFC3FF000FF25FCAEEEEEE85FEB
:10F03000E000FFFFFC00000555DFC000CFFFF90036
:10F04000003FFFFF6000011100000008DED6000055
:10F0500000000000000000000000000000000000B0
:10F060000000000CEEEEEBDFFFFFFFFFC03FFFFFF5
:10F07000FFFFFFFFFFFFF0056FF8632333EF6333FC
:10F0800010003FE0004CDDFFDDDA00008FA000CF74
:10F09000FFFFFFFF3000EF6100DF64FF74DF300629
:10F0A000FFFFE1DFA9FFB9EF300EFFFFF4DFFFFF45
:10F0B000FFFF305FFF5DF4DF64FF74CF3018EF5D5A
:10F0C000F4DFCBFFCBEF3000CF5DF4AFFFFFFFFFEE
:10F0D0001000CF5DF4AFA4FF54320000CF5DF4AF59
:10F0E000F6FF00000000CF5DF41DFFFB00000000F4
:10F0F000CF6DF402FFFD62000000CFFFF44BFFFF75
:10F10000FFEB50006DDDA7FFF727CFFFE000000009
:10F1100002CA2000039E9000000630000004500048
:10F120000000002FE000000EF100000AFFFFFFF7D3
:10F13000AFFFFFFFD10EFFFFFFFBEFFFFFFFF3016C
:10F1400024FFF62016FFFF6210000CFFFFD22EFFF7
:10F15000FFE10000BFFFFDFEEFCFFEFD100BFF6FD4
:10F16000E0AFFD1EF4EFD01FE42FE04FA10EF13E03
:10F17000F301049FE888888EF87130000EFFFFFFCE
:10F18000FFFFFFF4000003666666666666500005D2
:10F19000BCCCCCCCCCCCCCCCA00AFFFFFFFFFFFF7B
:10F1A000FFFFF2004444444FF84444443000005D03
:10F1B000700EF50CD60000002BFFA32FF51EFFD418
:10F1C000000AFFF87FFFF5018FFF700AFA202BEF8E
:10F1D000B00002BFA000000000000000000300001B
:10F1E000000000000022000000015568BC3000EF64
:10F1F0001000000BFFFFFF8010FF47300006DDFF0F
:10F200009607F6FF9FD0000001FF000BF7FF5FF4A9
:10F21000000356FF541EF5FF3BFB001FFFFFFFBF1F
:10F22000F2FF35FF200DFFFFFFCFF0FF30DF900032
:10F230000BFF408FB0FF309FF0002FFFE1DF60FF3A
:10F2400030DFF5009FFFFBCE10FF32FFF602FFFF1D
:10F25000EF9000FF37FE3009FBFF5FE000FF3CF955
:10F26000002FF3FF044000AB4FF2003F81FF00008E
:10F270000001DFB0000001FF0000004EFE20000092
:10F2800001FF00037CFFE200000001FF01EFFFF936
:10F290000000000000FE01DEB71000000000003298
:10F2A000000000000000000001300000012000000C
:10F2B00000000DF422200DF2111100007FFFFFFD70
:10F2C0006FFFFFFFE002FFCEFEDAEFFFFFFFD00B84
:10F2D000F907F803FE15FC0000038EFFFFFFFFFF98
:10F2E000FFF300005FFCCCCCCCCCCFF600005FF885
:10F2F000888888888EF600005FFEEEEEEEEEEFF670
:10F3000000005FF6666666666EF600005FFFFFFF50
:10F31000FFFFFFF600005FF5555555555EF60000FE
:10F320004FFFFFFFFFFFFFF500000457FF97779F98
:10F33000F760003EFFFFFFFFFFFFFFFFB05FFFFF33
:10F34000FFFFFFFFFFFFD00012BFF511115FF111AA
:10F3500000006FFF7000004FF0000000AFD500000C
:10F36000002FD0000000010000000001000000009C
:10F3700000000000000000000000444444455679AD
:10F38000ACEF5007FFFFFFFFFFFFFFFF4005DDDD94
:10F39000EFFFFCA9753000000006DFF810005C905C
:10F3A000000004DFE710017EFFD000005FFFFFFFD9
:10F3B000FFFFE70000005DDDDDFFFFD66600000017
:10F3C00000017EFFB400FF90000003AFFF92000039
:10F3D0006FF90000BFFFFDCDDEFFFFFF7002FFFFF2
:10F3E000FFFFFDCBA9BFF0000168100FF205700709
:10F3F000800003FF100FF20EFB0000000DFD000F58
:10F40000F207FFA000009FF3000FF200AFF8000624
:10F41000FF70055FF2000BFF400CFA008FFFF20057
:10F4200000CF600250002CFFA0000003000000008D
:10F430000000000000000000000510000031000086
:10F44000000000BFB00003FF4000000007FF700095
:10F4500000EF900000002FFC00CFFFFFFFFFB00087
:10F46000CFE136FFFFFFFFFFE008FF42FF63DFE46D
:10F470003843100FFFDEFD09FF305FD0000EFFFFA5
:10F48000F35FF4002FF8000006FF60DFFDDDEFFF03
:10F4900020003FFA00AFFFFFFFFFB000DFD478018C
:10F4A000FF2EF34FA007FFFFFF41FF1EF3010009EE
:10F4B000FFFFC702FF0EF300000044200104FE0E10
:10F4C000F30DD0000005DF48FA0EF30FF10004CF72
:10F4D000FF6FF50EF31FF005DFFFB5DFC00EF45F21
:10F4E000F00FFFA31FFF300DFFFFA00461002FE30B
:10F4F0000005EFFD200000000000000000000000FB
:10F5000000000000000000000001EFFFFFFFFFFF10
:10F51000FFFF6004FFBBCFFBBCFFBBDFD004FF7766
:10F52000AFF779FF77AFD003FFFFFFFFFFFFFFFFCC
:10F53000B0004555555FF9555555100EFFFFFFFFBB
:10F54000FFFFFFFFF40BDDDDDDDFFDDDDDDDC200F4
:10F55000189999AFFA99999400009FFFFFFFFFFF58
:10F56000FFFD0000AFC66666666669FE0000AFFF7D
:10F57000FFFFFFFFFFFE0000AFC55555555559FE73
:10F580000000AFFFFFFFFFFFFFFE0000AFC55555B6
:10F59000555559FE0000AFFFFFFFFFFFFFFE0000C3
:10F5A000AFA00000000006FE000DFFFFFFFFFFFF01
:10F5B000FFFFE30DFFFFFFFFFFFFFFFFF300000072
:10F5C00000031000000000000000003FF0000001F8
:10F5D00000000022225FF22221CF40000AFFFFFF3D
:10F5E000FFFFFFFF300007CCCCDFFCCDFFF40000B5
:10F5F0000111115FF14EFF511000EFFFFFFFFFFF00
:10F60000FFFFFA00EFFFFFFFFFFFFFFFFA00000020
:10F6100001AFFF500000000000018FFFB2000000AA
:10F62000000004AFFFFFFFFFFFE10002EFFFFFFF5D
:10F63000FFFFFFF50005FFDFF61111111EF50000B9
:10F64000330EFDCCCCCCCFF50000000EFFFFFFFF4A
:10F65000FFF50000000EF50000000EF50000000EA2
:10F66000F60000000EF50000000EFFFFFFFFFFF5A3
:10F6700000000007FFFFFFFFFFC1000000000000C7
:10F680000000000000000000000000580000000022
:10F690008CCC400001FF90000000FFFFB8FFFFFF8F
:10F6A000FFFFD101FE6FCDFFFFFFFFFFF501FE2F32
:10F6B000CDF72222223FF301FE3FCDFFB530557F2B
:10F6C000F001FFFFC7EFFFF9FFFF4001FFFFC0BFE1
:10F6D000DFFBFEFF1001FE2FC0EF5CFAF6EF20010A
:10F6E000FE2FC3FF0EF9F6EF2001FFFFC8FF5FF802
:10F6F000F6EF2001FFFFCEFFFFC8F6EF2002FE4F1E
:10F70000FFFEFF88FFFF1003FD2FED72FF58FFFC87
:10F710001005FB2FC007FE08F72AF208FA2FC02FAA
:10F72000F708F60CF40BF73FC1DFE107F93FF30FE1
:10F73000FCFFB9FF4007FFFFE00DC7FE5AF70001CD
:10F74000BEED4000000000100000000000000000BE
:10F7500000000000000000000002C800003FB000F0
:10F7600000013338FE33337FF333200DFFFFFFFFFB
:10F77000FFFFFFFFF50BFFFFFFFFFFFFFFFFE400B1
:10F780000006FE00005FE00000000006FD05305F9F
:10F79000E00000000001956FF11A60000000000019
:10F7A000002FF800000000000310670BFF0002307C
:10F7B00000004FC0FF54FF500FF600008FD0FF50E5
:10F7C000EF900CFD0000BFB0FF506D3006FF400011
:10F7D000EF80FF50000025FFA003FF40FF50000016
:10F7E000DFDFF009FF00FF500000FF9FF40DFB007A
:10F7F000FFB44448FF5EF509D200BFFFFFFFFF12D0
:10F800005000000019CDDDDDB30000000000000055
:10F8100000000000000000000000000000000000E8
:10F820000000004FE10000000000000000CFF000E9
:10F8300000000000044555FFC55554400000CFFFAF
:10F84000FFFFFFFFFFFD0000FFFFFFFFFFFFFFFFC8
:10F850000000FF707FF00EF806FF0000FF707FF0E1
:10F860000EF806FF0000FF707FF00EF806FF0000A4
:10F87000FF707FF00EF806FF0000FF707FF00EF8BB
:10F8800006FF0000FF707FF00EF806FF0000FF701B
:10F890007FF00EF806FF0000FF707FF00EF806FF05
:10F8A0000000FF707FF00EF806FF0003FF939FF348
:10F8B0003FF938FF406FFFFFFFFFFFFFFFFFF74EED
:10F8C000FFFFFFFFFFFFFFFFE5000000000000005B
:10F8D0000000000000000003200000000000000005
:10F8E000002FF00000000003EFFFFFFFFFFFFFFD10
:10F8F0001006FFFFFFFFFFFFFFFF20002222225F15
:10F90000F322222100005EEEEEFFFEEEEEE50000A7
:10F910007FFFFFFFFFFFFFF700000011114FF21103
:10F920001100000CFFFFFFFFFFFFFFFFC00FFFFFF5
:10F93000FFFFFFFFFFFFF0001115FFCBFC11117A55
:10F940001000004FFE23FF4009FF400005FFF700B5
:10F95000BFE2BFFA0000AFFFF6001EFFFF80000D00
:10F96000FFBFF60003FFF800002FF70EF638505FD8
:10F97000FF700001100EFEFFF002DFFE6000000EBF
:10F98000FFFD500018FFF200000AEA4000000017D7
:10F9900060000000000000000000000003200000E4
:10F9A0000003000000002FF70000004FB00000002F
:10F9B0000BFF9000005FD0000000009FF200005F8E
:10F9C000D000000000058000005FD000000ADDC705
:10F9D0000000005FD000002FFFFE06EFFFFFFFFFDB
:10F9E000E30348FF09FFFFFFFFFFF60004FF0033BA
:10F9F000338FD333300004FF0000005FD0000000DD
:10FA000004FF0000005FD000000004FF0000005F62
:10FA1000D000000004FF0040005FD000000004FFA1
:10FA20000AF6005FD000000004FF7FF3005FD00003
:10FA3000000004FFFF60005FD000000003FFF8003B
:10FA4000005FD000000001FF7000005FD0000000E8
:10FA500000220000004FB000000000000000000184
:10FA60000000000000000000000000000000CE5078
:10FA70000013333333310000EFF800FFFFFFFFFFC7
:10FA800020003EFF80DFFFFFFFFF500002CFE000BD
:10FA9000000000FF500011074000000000EF500E72
:10FAA000FFC00000000000EF501FFFF20000000048
:10FAB00000FF50014FF2000CFFFFFFFF50002FF13D
:10FAC000003FFFFFFFFF20002FF1004FE55555429B
:10FAD00000003FF0004FD000000000003FF0004F5A
:10FAE000D000000100004FF0974FD000000FD00071
:10FAF0004FF7FD4FD000002FF0004FFFF64FD00022
:10FB0000003FF0005FFFC04FF43333BFD0003FFD34
:10FB1000102FFFFFFFFF700008910005CEEEEDB63D
:10FB20000000000000000000000000005500000080
:10FB3000000000000001FFA0000BFFFFFF700000AD
:10FB40009FFD203FFFFFFFE0000006FFC05FF33393
:10FB50006FE00000004E709FC0004FE0000ACC80B4
:10FB600003FF80004FF9701FFFE00DFE10002FFF14
:10FB7000F4059FE008E40000069A91003FE00AEED9
:10FB8000EEEEEEED30003FE00EFFFFFFFFFF7000F6
:10FB90003FE002BF64444BFF30003FE000AFD100C4
:10FBA0002EFC00003FE0642FFB00CFF300003FE598
:10FBB000FF04FFCCFF6000003FFFF8006FFFF8007C
:10FBC00000003FFFE004CFFFFA2000002FFF46DFD8
:10FBD000FFCBFFFB50000EE39FFFC4005DFFF90069
:10FBE00000003B930000004AD40000000000000029
:10FBF000000000000076000003200000000006FE68
:10FC000000004FB0000000036CFD66408FB222215F
:10FC1000001FFFFFFFF3DFFFFFFF800ADFFDDDB303
:10FC2000FFFFFFFFC0007FB00006FE1400AFB00072
:10FC3000CF7CB00BFAAF50BF9001FF2FF00FF5BF94
:10FC400060FF6006FD0FF14FF0CF82FF300AFFFF2B
:10FC5000FFFF90EFA6FE0007FFFFFFB301FFE8F9EB
:10FC60000000123FF20005FFF5510000001FF141B6
:10FC70000BFFFA000000148FFFFB3FF8FF30000D70
:10FC8000FFFFFFE7DFB0DFC0000FFEBFF209FF207C
:10FC90005FF70001101FF08FF6000BFF4000001F00
:10FCA000F8FF900001FFE000000FC9F80000004FCE
:10FCB000F100000100000000000220006300004588
:10FCC000555555400007FF9009FFFFFFFFF8000161
:10FCD000CFF905CCCCCCCCC5000008FB000000005F
:10FCE0000000000000100000000000000000000004
:10FCF000BEEEEEEEEEED8009FFB1FFFFFFFFFFFF6E
:10FD0000C00EFFF2133EFD33333310015FF3005F8B
:10FD1000F500020000000FF300DFD000BF7000000C
:10FD20000FF306FF50009FF400000FF30EFF55562F
:10FD30008FFD00000FF32FFFFFFFFFFF60000FF5A7
:10FD400009DEDDCBA9CF8000BFFC0000000000036E
:10FD5000000BFECFD73100000000002FF209FFFF9B
:10FD6000FFFFFFFFF303100039DFFFFFFFFFE1019B
:10FD70009401DEEEEEEEEEC20007FFA4FFFFFFFFF0
:10FD8000FFF90001DFFC49FF9558FFF3000008FA76
:10FD900000DFF32DFD20000000006CDFFFFFFED927
:10FDA00000000000FFFFFFFFFFFF100DEE90FF952A
:10FDB0005FF657FF202FFFF1FFCBBFFCBCFF2004F5
:10FDC0007FF2FFFFFFFFFFFF20001FF2FF733FF5F1
:10FDD00035FF20001FF2FFEDDFFDDDFF20001FF2E9
:10FDE000FFFFFFFFFFFF20001FF2FF511FF314FF73
:10FDF00020003FF3FF400FF3DFFF1001DFFDBB10DA
:10FE00000BB2FFFC000BFFFFF94333346ABBA03F8A
:10FE1000F63DFFFFFFFFFFFFF21B80005ADFFFFFF1
:10FE2000FEEC800000000000000000000000000068
:10FE300000000001340003CCCCCCCDDEFFFF400538
:10FE4000FFFFFFFFFFFFFD2002566666FF843222A0
:10FE500020BFFFFFFFFFFFFFFFFBBFFFFFFFFFFF15
:10FE6000FFFFFB00466666FFA666651005FFFFFF05
:10FE7000FFFFFFFFB006FE7777FFA777BFD006FE34
:10FE8000AAAAFFCAAACFD006FFFFFFFFFFFFFFD03D
:10FE900006FD3333FF83338FC006FFFFFFFFFFFFF5
:10FEA000FFC001899999FFB999983006DDDDDDFF22
:10FEB000EDDDDD7009FFFFFFFFFFFFFFA000000089
:10FEC00000FF600000009FFFFFFFFFFFFFFFFBAF91
:10FED000FFFFFFFFFFFFFFFB000CFFFFFFFFFFFF28
:10FEE000C000002FF5555555555FF300003FFFFF4B
:10FEF000FFFFFFFFF300002FF4444444444FF3009E
:10FF0000001FFFFFFFFFFFFFF100000244444444D5
:10FF1000444420000FFFFFFFFFFFFFFFFFF30788B0
:10FF20008888888888888871000ADDDDDDDDDDDD70
:10FF30009000000FF7666FF8666FF100000FFFFF8B
:10FF4000FFFFFFFFF200000FF5444FF7445FF200A0
:10FF5000000FFFFFFFFFFFFFF100000466666FF870
:10FF60006666400000AFFFFFFFFFFFFFFD00006976
:10FF700099999FFB99999800069999999FFA99994F
:10FF800099700BFFFFFFFFFFFFFFFFE00000740011
:10FF90000000034000000006FD0000000EF300001A
:10FFA000000AFFFFC0000FF30000001FFFFFF0007A
:10FFB0000FF30000006FF33310000FF3000000DFB9
:10FFC000B44400000FF3000006FFFFFF8DFFFFFFAA
:10FFD000FFE20EFFFFEE8FFFFFFFFFF60DE5FF10C4
:10FFE00003555FF755400002FF1000000FF30000BB
:10FFF0000BEFFFFE80000FF300000EFFFFFFD000AD
:020000040804EE
:100000000FF300000136FF5310000FF30000000251
:10001000FF1000000FF300000002FF1BD1000FF3E0
:1000200000000002FFBFF2000FF300000002FFFF1C
:1000300060000FF300000001FFF500000FF3000067
:100040000000682000000DF2000000000000000029
:100050000010000000220000000000000000FF501F
:1000600001555555554000BFF50CFFFFFFFFFA0045
:100070001DFA09DDDDDDDFFD020062000000000683
:10008000FD3FC0000000000005FD4FE00000000043
:100090000005FD4FE0000000000005FD4FE00000FE
:1000A00000000005FD4FE0000000000005FD4FE0EE
:1000B000000000000005FD4FE0000000000005FD0D
:1000C0004FE0000000000005FD4FE00000000000D0
:1000D00005FD4FE0000000000005FD4FE0000000BE
:1000E000000005FD4FE0000000000017FD4FE0009C
:1000F00000000007FFFC2FB00000000004DFE50057
:10010000000000000000000000540000000000009B
:100110000002FF6009DDDDDDDDC4009FF40FFFFF9D
:10012000FFFFFC0009F5035555555BFD0630200027
:1001300000000005FD2FE0011111111005FD3FE049
:100140009FFFFFFFFB05FD3FE0DFFEEEEFFF05FD3C
:100150003FE0DF400001FF05FD3FE0DF400002FF20
:1001600005FD3FE0DFFFFFFFFF05FD3FE0DFEEEEB7
:10017000EEFF05FD3FE0DF400001FF05FD3FE0DF52
:10018000400001FF05FD3FE0DFFFFFFFFF05FD3FF2
:10019000E0BFFFFFFFFC05FD3FE0022222222138E5
:1001A000FD3FE0000000000CFFFC1FC0000000004D
:1001B00005DFF600000000000000000003333333C9
:1001C00033333333310AFFFFFFFFFFFFFFFFF08FB1
:1001D000FFFFFFFFFFFFFFFD000000001FF4000016
:1001E000000002555558FF5555552000FFFFFFFFF1
:1001F000FFFFFFFF001FFDEFFDDDDDFFDFF101FE73
:1002000003FB00003FD0EF101FE03FFEEEEEFD0EBF
:10021000F101FE03FFFFFFFFD0EF101FE03FB00032
:1002200003FD0EF101FE03FB00003FD0EF101FE0C5
:100230003FFFFFFFFD0EF101FE03FFDDDDDFD0EF2D
:10024000101FE03FB00003FD0EF101FF14FC11117F
:100250004FD1FF101FFFFFFFFFFFFFFFF0009FFFC9
:10026000FFFFFFFFFFF9000000000000000000009A
:100270000000000330000000001FF1000000002F0C
:10028000F2000000002FF2000002446FF644203F0D
:10029000FFFFFFFFF22FFFFFFFFFF201225FF522BA
:1002A0001000002FF2000000002FF2000000001EDE
:1002B000E100000000000000000244444444203FEC
:1002C000FFFFFFFFF22FFFFFFFFFF201222222229A
:1002D000100577777777503FFFFFFFFFF31DFFFF94
:1002E000FFFFD10000000000000000000000002E11
:1002F000FFFFFFFFE13FFFFFFFFFF303555555559C
:100300003000000000000000000000000000500568
:10031000000000000000F00B0C0300041200500568
:10032000040401001A002008080F00005600700B9A
:100330000C0F0000B0006007070F0000E500700B15
:100340000B0F00003801700B0B0F00008B01700BBE
:100350000C0F0000E501700B0B1000003D02700B4C
:100360000B0F00009002B00A0B1000FFE802700BA8
:100370000B0F00003B03700B0B0F00008E035005AA
:10038000040A0100A203F00B0C0B0000E403F00BC5
:100390000C0B00002604900C0D0F0000880440098F
:1003A000090F0000CC04300C0D1000003405B00D16
:1003B0000D0F00009605200B0C0F0000F005B00A91
:1003C0000B0F000043062012120F0000CA06700B2C
:1003D0000B0B0000070740090A0B00003E07B00A9C
:1003E0000B0B00007B07700B0B0F00FCCE07200BE4
:1003F0000B100000260860040410000046081011CD
:10040000110B0000A408200B0B0C0000E608200BC9
:100410000B0C00002809A006080B0000540900146A
:100420000A0A0501860900140C0D04FFD409001402
:10043000141300FE920A0014141400FC5A0B00144A
:10044000131401FD180C0014141400FDE00C00142A
:10045000141300FE9E0D0014141300FE5C0E001415
:10046000141400FD240F0014141400FDEC0F0014EC
:10047000131400FDAA100014141400FD72110014CE
:10048000131301FE27120014151400FEF9120014B4
:10049000141300FDB7130014141300FD7514001499
:1004A000141400FD3D150014141300FDFB15001479
:1004B000121301FDA6160014141300FD6417001496
:1004C000121301FE0F180014131200FEBA180014C4
:1004D000131301FD6F190014141400FD371A0014D2
:1004E000141400FDFF1A0014141200FEB31B0014B4
:1004F000141300FE711C0014131300FE261D0014BB
:10050000141400FDEE1D0014121401FDA21E0014AF
:10051000141400FD6A1F0014141300FD2820001499
:10052000131400FDE6200014141400FDAE21001485
:10053000141400FD76220014141400FD3E23001450
:10054000131400FDFC230014141300FEBA2400143D
:10055000141400FD82250014141400FD4A26001412
:10056000141400FD12270014141400FDDA270014DF
:10057000141400FDA2280014101302FD3A290014DF
:10058000131401FDF8290014131400FDB62A0014F9
:10059000141400FD7E2B0014141400FD462C0014CE
:1005A000141400FD0E2D0014131201FEB92D0014B9
:1005B000141300FE772E0014141500FC492F0014AC
:1005C000131400FD07300014141400FDCF30001484
:1005D000141500FCA1310014141400FD693200143C
:1005E000131401FD27330014141400FDEF3300141D
:1005F000141300FDAD340014141300FD6B3500140A
:10060000141300FE29360014141300FDE7360014FD
:10061000141400FCAF370014141200FE63380014E9
:10062000141400FD2B390014141400FDF3390014C8
:10063000141400FDBB3A0014141400FD833B001495
:10064000141400FD4B3C0014141300FE093D00146B
:100650001413FFFEC73D0014141500FD993E00144D
:10066000141400FD613F0014141200FF1540001423
:10067000141500FDE7400014141400FDAF410014F0
:10068000141400FD77420014141400FD3F430014BD
:10069000141400FD07440014141200FEBB4400149F
:1006A000141300FD79450014121301FE24460014B2
:1006B000141200FED8460014141400FDA0470014C4
:1006C000121401FD54480014121401FD08490014CD
:1006D000131301FDBD4900140C0C04FF054A00145E
:1006E0000C0404031D4A00140C08040100000D0052
:1006F0000E000F001000110012001300140015006E
:1007000016001700180019001A001C001E00210016
:1007100025002B002E00300033003700410043003D
:1007200045004700480049004D004E004F00520070
:10073000B700D7001B4E6E4E844E8E4ED64E3C4FA9
:100740005351E6518852E552375341536653AD53E6
:10075000B153D753EC534856CD56DA56DE560857A8
:1007600037576B576358A65B2F5C185E735EE05E6D
:10077000195F425FA35FA65FEF612B628C62E76245
:100780008763AD649965C565D665FF661A670168BC
:10079000016B436B456B076C2B6D186EB16E64710A
:1007A0002772677389738F73E3732C75E1774C78C5
:1007B0006179B279777BDB7CBF7E4E7FE57F3581C7
:1007C0008F8220884888818B908B9E8B4F8FB08F33
:1007D000FA8FAD91AF916894C895D4954297EBFE8E
:1007E000EDFEFDFE20000000FEFE0100EC06040808
:1007F000000000007C000300B4B8030804030408F0
:10080000E4070408000000000000010808040020BC
:10081000897A0208157A02081600040000FC01001B
:10082000F80704080000000000000000004AC9307A
:100830000004EA00007FFFFF5000DFF0000FF7091F
:10084000FE007FF80003FF305FF11EFE00000FFC8A
:100850007DFE08FF6000009FFFFF61FFD0000000E9
:100860009FFF70AFF50000000002003FFC00000099
:100870000000000BFF30000000000004FFB04982C0
:1008800000000000DFF2AFFFF50000006FF95FFE2F
:10089000FFF100000EFF1AFD02FF600007FF80CF8E
:1008A000A00EF80001FFE009FE46FF50007FF600B1
:1008B0002FFFFFD00005EC00004CFEA10009DDDD9C
:1008C000DDDDDDC21FFFFFFFFFFFF80BFFFFFFFFB6
:1008D000FFE3067107FFC0AFFF03EF7000018DFF5C
:1008E000C60000003EFFFFFFC00000EFFFFFFFFA61
:1008F0000007FFFA24DFFF300DFFE0003FFF901FED
:10090000FF90000DFFD04FFF60000AFFF05FFF5027
:100910000009FFF26FFF500008FFF35FFF5000096E
:10092000FFF24FFF60000AFFF01FFF90000DFFD0A5
:100930000DFFE0003FFF9007FFFA23DFFF3000EFDD
:10094000FFFFFFFA00003EFFFFFFC00000018DFF28
:10095000C600001CFFFFB06FFFFFF22FFFFFF30187
:1009600037FFF30005FFF30005FFF30005FFF30079
:1009700005FFF30005FFF30005FFF30005FFF3009B
:1009800005FFF30005FFF30005FFF30005FFF3008B
:1009900004FFF20000CFA0000036630000004DFF0E
:1009A000FFD30006FFFFFFFF301FFFFFFFFFB07FF9
:1009B000FF804FFFF0BFFC000AFFF2AFF5000BFF16
:1009C000F01650002FFFB0000000CFFF30000008ED
:1009D000FFFA0000004FFFE1000003FFFF400000AE
:1009E0002EFFF6000001DFFF9000000CFFFD21113B
:1009F000009FFFFFFFFFF4DFFFFFFFFFF96FFFFF27
:100A0000FFFFE300018CFEB4000006FFFFFFF600CD
:100A100003FFFFFFFFF1009FFF738FFF7007FF4091
:100A200000EFF9000520002FFF600000028EFFE0BC
:100A3000000001FFFFE20000001FFFFFA000000018
:100A40005BFFFFA000000000BFFF305B300003FF32
:100A5000F72FFE10005FFF71FFFD303DFFF30AFF2F
:100A6000FFFFFFFC001DFFFFFFFD100007CEFFC7CB
:100A700000000000003DFD5000000001EFFFF1000C
:100A8000000008FFFFF40000002FFEFFF50000004B
:100A9000BFF6FFF5000004FFC2FFF500000DFF5296
:100AA000FFF500006FFD02FFF50001EFF502FFF515
:100AB0000008FFD002FFF5002FFFFFFFFFFFB09FF0
:100AC000FFFFFFFFFFF55FFFFFFFFFFFF201333383
:100AD00034FFF70000000002FFF50000000001FFF6
:100AE000F40000000000AFC00000000000000000A3
:100AF000008FFFFFFFA0001FFFFFFFFF2003FFFF8E
:100B0000FFFFD0005FFF3333200007FFC00000006D
:100B1000009FFC674000000CFFFFFFE60000DFFFC6
:100B2000FFFFF5000AFE97BFFFE000010000BFFFD6
:100B30003000000006FFF5000000008FFF40593034
:100B4000000DFFF12FFFA33AFFFD01FFFFFFFFFFA5
:100B50005007FFFFFFFF8000029CFFEA300000000B
:100B6000000BE6000000000BFFF00000000AFFFB96
:100B700000000008FFFD10000004FFFE1000000050
:100B8000EFFF200000008FFFDDC810001FFFFFFFF8
:100B9000FE3007FFFFFFFFFE10CFFF701AFFF70FB9
:100BA000FFC0001FFFC1FFFA0000DFFE0FFFD000F3
:100BB0001FFFC0CFFF944CFFF705FFFFFFFFFF10A3
:100BC00008FFFFFFFF400004AEFFD920004EFFFFEB
:100BD000FFFFFD19FFFFFFFFFFF75FFFFFFFFFFFB5
:100BE000401333333FFFD000000006FFF500000044
:100BF00000EFFD000000007FFF600000001FFFE02D
:100C000000000008FFF600000001FFFE00000000E9
:100C10009FFF600000002FFFE00000000AFFF700C8
:100C2000000003FFFE00000000BFFF700000000D89
:100C3000FFE0000000006EE4000000000000000083
:100C4000000000000254100000005DFFFFB2000031
:100C50005FFFFFFFE2000EFFFFFFFFA003FFF901B0
:100C6000CFFF004FFF3006FFF001FFF800BFFC0090
:100C700006FFFFFFFF30000CFFFFFF90000CFFFF9F
:100C8000FFFFA008FFF911AFFF40EFFE0001FFFAE0
:100C90000FFFB0000FFFC0FFFD0002FFFB0BFFF8CE
:100CA00012CFFF704FFFFFFFFFF1008FFFFFFFF537
:100CB00000004AEFFD920000017CFFD9200004EF04
:100CC000FFFFFF4002FFFFFFFFFF10AFFFB45DFF1C
:100CD000F80FFFD0002FFFC1FFFA0000DFFE0FFF6B
:100CE000C0000FFFC0BFFF601AFFF904FFFFFFFF46
:100CF000FF4006FFFFFFFFD000028CCEFFF5000093
:100D00000004FFFC00000002FFFF20000001EFFFD5
:100D100060000000DFFF900000004FFFB000000007
:100D200000BFA000000000017CEB70000005FFFF89
:100D3000FFE40004FFFFFFFFF300DFFC303DFFC0D6
:100D40004FFF10003FFF38FFD55555FFF7AFFFFFAE
:100D5000FFFFFF9AFFFFFFFFFFF47FFE0000000090
:100D600002FFF900017ED10BFFFFCDFFFF401CFF0A
:100D7000FFFFFFB00006BEFFEB60000000000000B8
:100D800000000029EFFA4000005FFFFFFF90003FE6
:100D9000FFFFFFFF700CFFF947FFFF12FFF8000491
:100DA000FFF66FFF20000DFFA7FFF00000AFFC6F04
:100DB000FF10000CFFB3FFF50001FFF80EFFE30189
:100DC000BFFF307FFFFFFFFFB000AFFFFFFFD1008D
:100DD000005BEFFC700007ED29FC10FFFEFFF71F22
:100DE000FFFFFF41FFFFF9201FFFE20001FFF700B7
:100DF000001FFF600001FFF600001FFF600001FF01
:100E0000F600001FFF600000FFF5000008FB000077
:100E1000000AB100001BA06FFD1001DFF51DFFD11E
:100E20001DFFD101DFFDDFFD10001DFFFFD1000020
:100E300003FFFF3000001DFFFFD10001DFFEEFFDCB
:100E4000101DFFE22EFFD06FFE2002EFF51CD20036
:100E5000002DC100000022000000000007FF60001C
:100E60000000000DFFC0000000000AFF900000001D
:100E7000000066000000000000000000001BDDDD37
:100E8000DDDDDDB15FFFFFFFFFFFF51DFFFFFFFFB2
:100E9000FFD100000000000000000000440000003E
:100EA000000008FF80000000000DFFC000000000EF
:100EB00006FF6000000000001100000000000000BC
:100EC000003666666666650007FFFFFFF7FFFFFFF7
:100ED000FFFFFF500BFFFFFFFAFFFFFFFFFFFF4089
:100EE0000289DFF981133333333332000000BFE06E
:100EF00000000000000000000000BFE00000000053
:100F0000000000000000BFE0045555555555551030
:100F100002ABEFFBAFFFFFFFFFFFFFD008FFFFFFBC
:100F2000FFFFFFFFFFFFFFE004DEFFFED65AFF6575
:100F3000FFC555200000BFE00008FF20EFB0000013
:100F40000000BFE00008FF20EFB000000000BFE09D
:100F5000000AFF10EFB000000000BFE5C80CFF0062
:100F6000EFB02DA00000BFFFFF0FFD00EFB06FF14D
:100F70000006EFFFF76FFA00EFB07FF006FFFFFB10
:100F800021EFF400EFB08FF00CFFFB303EFFB0001C
:100F9000EFB09FF004B82019FFFD1000EFEAEFD08A
:100FA000000002FFFFB10000CFFFFF90000002FF32
:100FB000E60000002BDEEB100000005600000000F1
:100FC0000000000000000000000000000000000021
:100FD000000000000000012357930000AFEEEEEF89
:100FE000FFFFFFFFFC0000DFFFFFFFFFFFFFFFF938
:100FF000000047777778FFD6554210003BBBBBBB5C
:10100000BCFFEBBBBBBBB3AFFFFFFFFFFFFFFFFFAF
:10101000FFFA5EEEEEEEEEFFFEEEEEEEE6000444CC
:101020004445FFE44444420000BFFFFFFFFFFFFFD1
:10103000FFFF3000EFFFFFFFFFFFFFFFFF6000EF4C
:10104000C11112FFD11115FF6000EFFFFFFFFFFF7D
:10105000FFFFFF6000EFFFFFFFFFFFFFFFFF6000EC
:10106000EFC22223FFD22226FF6000EFFFFFFFFF27
:10107000FFFFFFFF5000AFFFFFFFFFFFFFFFFE205E
:101080000034444445FFE44444430003FFFFFFFFB2
:10109000FFFFFFFFFF4002EFFFFFFFFFFFFFFFFF2C
:1010A000300455555556FFE5555555518FFFFFFFF7
:1010B000FFFFFFFFFFFFFB6FFFFFFFFFFFFFFFFFD4
:1010C000FFF800000087000000000006FF4000005D
:1010D000000007FF500000000007FF500000000064
:1010E00007FF50000009BBBDFFDBBB805FFFFFFFB8
:1010F000FFFFF43FFFFFFFFFFFF1012338FF7332D3
:1011000010000007FF500000000007FF5000000023
:101110000007FF500000000002CB10000009BBBB1D
:10112000BBBBBB805FFFFFFFFFFFF43FFFFFFFFF85
:10113000FFF1012333333332100022222222220016
:101140002FFFFFFFFFFFE16FFFFFFFFFFFF41ACC50
:10115000CCCCCCCC900000000000000000000000CF
:101160000000001ACCCCCCCCCC906FFFFFFFFFFF6F
:10117000F42EFFFFFFFFFFD1000000000000000081
:1011800000000000000000000000401111110000EC
:101190009100600E0E030005A60060060504010024
:1011A000B000B00D0E1100002701D008081100009A
:1011B0006B01B00D0C120100D701B00D0D11000034
:1011C0004602B00D0E110000BD02B00D0D12000060
:1011D0003203B00D0D110000A103E00C0D1200FF51
:1011E0001604B00D0D1200008B04B00D0D1100009F
:1011F000FA04E00C0D0D00004F05500D0D0E00001F
:10120000AA050008090D0000E50500180C0B0601F1
:10121000270600180E0F05FF90060018181700FC8F
:10122000A4070018161601FE960800180E0D0500FA
:10123000F10800180E0405040D0900180E0A050136
:101240000000080009000B000C000D000E000F004C
:101250001000110012001300140040004A004D005D
:10126000B200D2008473A891E6FEE8FEF8FE00000A
:1012700025000000F9FE01004012040800000000F3
:10128000170003002C0804088011040870120408D9
:10129000000000000000010810040020897A020804
:1012A000157A02081800040000FC010084120408EA
:1012B000000000000000000000049B940000004EAD
:1012C000C200000BFFFFFB00000EFF800008FFD8EC
:1012D000DFF90007FFF30000DFF201FFF001FFFA82
:1012E00000000FFF000EFF109FFF200000CFFA59F3
:1012F000FFE02FFF90000007FFFFFFF80BFFF1005A
:1013000000000BFFFFFC03FFF70000000007CFC742
:1013100000CFFE00000000000000005FFF50000052
:1013200000000000000EFFC00000000000000007E9
:10133000FFF40155100000000001FFFB08FFFF90C3
:10134000000000009FFF28FFFFFFA00000002FFF0C
:1013500091FFFDCFFF3000000BFFF15FFD00AFF804
:10136000000004FFF707FF9005FFB00000CFFE006C
:101370005FFB009FF900005FFF6001FFFCCFFF40B3
:10138000000BFFD00008FFFFFFA000006EE300008D
:1013900006CFFD7000000006BEFEC7000000002D55
:1013A000FFFFFFFE3000001EFFFFFFFFFF30000ABF
:1013B000FFFFFDFFFFFD0002FFFFC101BFFFF500C2
:1013C0008FFFF20001FFFFB00CFFFC000009FFFFE0
:1013D00000FFFF9000006FFFF22FFFF7000004FFF7
:1013E000FF53FFFF6000003FFFF74FFFF6000002D2
:1013F000FFFF83FFFF6000003FFFF72FFFF70000B4
:1014000004FFFF50FFFF9000006FFFF20CFFFC0095
:101410000009FFFF008FFFF20001EFFFB002FFFFA6
:10142000C100BFFFF5000AFFFFFDFFFFFD00001E2A
:10143000FFFFFFFFFF3000002DFFFFFFFE30000029
:101440000006BEFEC700000008EFFFFE603FFFFF82
:10145000FFE02FFFFFFFF008EFFFFFF000006FFF3E
:10146000F000006FFFF000006FFFF000006FFFF072
:1014700000006FFFF000006FFFF000006FFFF00052
:10148000006FFFF000006FFFF000006FFFF0000042
:101490006FFFF000006FFFF000006FFFF000006FC3
:1014A000FFF000006FFFF000005FFFE000000AFEA9
:1014B0005000000036410000000019EFFFFC400022
:1014C000004EFFFFFFFF70002FFFFFFFFFFF400BED
:1014D000FFFFC9EFFFFC01FFFFA001EFFFF05FFF7F
:1014E000F10008FFFF36FFFA00008FFFF22FFF30F8
:1014F000000CFFFE0037400005FFFF8000000001E8
:10150000FFFFE100000000CFFFF6000000009FFF9A
:10151000FB000000007FFFFE100000005FFFFF30B7
:101520000000004FFFFF500000003FFFFF80000061
:10153000002EFFFFA00000001EFFFFFDDDDDCA172B
:10154000FFFFFFFFFFFFFA8FFFFFFFFFFFFFB1CF9E
:10155000FFFFFFFFFFD3000016BEFEA40000000641
:10156000FFFFFFFFA000006FFFFFFFFFF80001FF7C
:10157000FFFFFFFFFF1004FFFF6006FFFF5002FFA9
:10158000F50000DFFF70005A500000EFFF50000030
:1015900000002BFFFE000000003CFFFFF5000000F4
:1015A00000EFFFFF6000000000EFFFFFF60000000B
:1015B000004DFFFFFF600000000016EFFFF100008C
:1015C0000000004FFFF705EF4000000FFFFA0FFF8C
:1015D000E200003FFFF90EFFFD2000BFFFF508FF0E
:1015E000FFFCCEFFFFE001EFFFFFFFFFFF50002DEC
:1015F000FFFFFFFFF60000005BEFFEC710000000DA
:1016000000005DFE9100000000004FFFFFA0000001
:1016100000000DFFFFFF0000000007FFFFFFF200CA
:10162000000001FFFCFFFF30000000AFFF4FFFF3A1
:101630000000003FFF92FFFF3000000DFFF12FFF81
:10164000F3000006FFF902FFFF300001EFFF102F4B
:10165000FFF300009FFF8002FFFF30003FFFF1001B
:101660002FFFF3000CFFFFFFFFFFFFEA15FFFFFF57
:10167000FFFFFFFFF97FFFFFFFFFFFFFFFA1CFFF8E
:10168000FFFFFFFFFFD20000000002FFFF3000005D
:101690000000002FFFF3000000000002FFFF200009
:1016A000000000001FFFF10000000000007EE700C6
:1016B00000000000000000000000009FFFFFFFFF8F
:1016C000800003FFFFFFFFFFF20007FFFFFFFFFFA8
:1016D000F10009FFFFFFFFFE60000BFFF6000000B6
:1016E00000000DFFF400000000000FFFF2120000E8
:1016F00000001FFFFFFFFB4000003FFFFFFFFFF860
:1017000000004FFFFFFFFFFF50001FFFB77CFFFFF0
:10171000E00001410000BFFFF300000000005FFF98
:10172000F600000000004FFFF600000000007FFF01
:10173000F502A9100000CFFFF20DFFF71008FFFF20
:10174000D00FFFFFFDFFFFFF600AFFFFFFFFFFFC61
:101750000000AFFFFFFFFFB10000028BEFFD940020
:101760000000000001BF9000000000001CFFF70017
:1017700000000000CFFFF7000000000AFFFFC000DC
:101780000000008FFFFD1000000004FFFFE20000DA
:1017900000001EFFFF30000000009FFFF8651000F2
:1017A0000002FFFFFFFFFB20000AFFFFFFFFFFF427
:1017B000001FFFFFFFFFFFFE106FFFFE514DFFFFF9
:1017C00080AFFFF30001FFFFD0DFFFD00000AFFFCD
:1017D000F0EFFFC000009FFFF1CFFFF10000DFFF3F
:1017E000F08FFFFB2019FFFFA02FFFFFFFFFFFFF80
:1017F0004008FFFFFFFFFFFA00008FFFFFFFFF9091
:101800000000029CFFFD9300001CFFFFFFFFFFFF95
:10181000C17FFFFFFFFFFFFFF86FFFFFFFFFFFFF2D
:10182000F90AEFFFFFFFFFFFF30000000000EFFFEA
:10183000B00000000008FFFF30000000001FFFFBA9
:1018400000000000009FFFF30000000002FFFFC047
:10185000000000000AFFFF40000000003FFFFC0006
:1018600000000000BFFFF40000000004FFFFC00004
:101870000000000CFFFF40000000005FFFFC0000C4
:10188000000000DFFFF40000000006FFFFC00000C2
:1018900000000EFFFF50000000004FFFFD000000A1
:1018A00000004FFFF3000000000009EF600000009F
:1018B00000000000000000000000000045410000A2
:1018C000000003BFFFFFC40000005FFFFFFFFF70C9
:1018D0000001FFFFFFFFFFF40008FFFFC8BFFFFB91
:1018E000000CFFFB0009FFFF000DFFF70004FFFFE6
:1018F000100BFFF90005FFFE0005FFFF403DFFF85C
:101900000000AFFFFFFFFFD000000DFFFFFFFF2033
:101910000001CFFFFFFFFFE3000CFFFFDABFFFFE78
:10192000105FFFF90004FFFF80AFFFF00000CFFF62
:10193000E0CFFFE00000BFFFF0BFFFF10000EFFFCE
:10194000E07FFFF90008FFFFB02FFFFFEBEFFFFF85
:101950005008FFFFFFFFFFFC00009FFFFFFFFFB1EC
:101960000000039DFFFDA40000000049DFED93008F
:1019700000002CFFFFFFFFA00003FFFFFFFFFFFAA7
:10198000000DFFFFFFFFFFFF405FFFFD403CFFFF3B
:10199000B0AFFFF20000EFFFF0DFFFD00000AFFFBD
:1019A000F1DFFFD000009FFFF1AFFFF10000EFFF7C
:1019B000E05FFFFC302BFFFFA00DFFFFFFFFFFFFED
:1019C0005003EFFFFFFFFFFE00002BFFFFFFFFF6BE
:1019D0000000001576EFFFD0000000000BFFFF4075
:1019E00000000000AFFFF90000000008FFFFD0007A
:1019F0000000007FFFFE2000000003FFFFF4000056
:101A0000000005FFFF5000000000009FE5000000FF
:101A10000000000005ACFFEC9300000007EFFFFFA3
:101A2000FFFF800001CFFFFFFFFFFFF1000DFFFF71
:101A3000FFFFFFFFF200AFFFFFB6556AEF9003FF15
:101A4000FFE300000000000AFFFF4000000000006C
:101A50000EFFFC0000000000003FFFF70000000048
:101A600000005FFFF40000000000007FFFF20000B4
:101A7000000000007FFFF30000000000005FFFF6A1
:101A80000000000000002FFFFA0000000000000E20
:101A9000FFFF10000000000008FFFFC00000000072
:101AA0000001FFFFFD510027DFC0006FFFFFFFFFB8
:101AB000FFFFF70008FFFFFFFFFFFFF600005EFFDC
:101AC000FFFFFFFFC000000059DEFFEDA500000092
:101AD0000000000000000000000090151515000037
:101AE000DD002011111500009001000B0A15000007
:101AF000F90120110F1601009E022011101500009F
:101B00004603201111150000F903201110160000E2
:101B1000A90420111015010051051010101600FF26
:101B20000106201110160100B10620111015010048
:101B3000590750121215000000000B000C000D0098
:101B40000E000F00100011001200130014001E0000
:101B5000250000001F000100381B040800000000E1
:101B60000C000300B8120408D01A0408501B040823
:101B7000000000000000010818040020897A020813
:101B8000157A02081700010000FB0100641B04081D
:101B9000000000000000000004AA4005FFFF50CF35
:101BA000FFFD0DFFFFE09FFFFA01AEEA100000000D
:101BB00016BDFEDA4000000000005EFFFFFFFFC21E
:101BC000000000007FFFFFFFFFFFF30000005FFF4A
:101BD000FFFFFFFFFFE200000EFFFFFFFFFFFFFF21
:101BE000A00007FFFFFE5118FFFFFF3000DFFFFFDF
:101BF000300008FFFFF9003FFFFFA000000EFFFFCD
:101C0000E007FFFFF50000009FFFFF30AFFFFF2060
:101C1000000006FFFFF60CFFFFF00000003FFFFF93
:101C200090EFFFFE00000001FFFFFB0FFFFFD00061
:101C300000000FFFFFC1FFFFFD00000000FFFFFEDF
:101C40001FFFFFD00000000FFFFFE0FFFFFD0000BF
:101C50000000FFFFFC0EFFFFE00000001FFFFFB0D1
:101C6000DFFFFF00000003FFFFF90AFFFFF20000A3
:101C7000006FFFFF607FFFFF50000009FFFFF303CD
:101C8000FFFFFB000000EFFFFE000DFFFFF3000071
:101C90008FFFFF90007FFFFFE5128FFFFFF3000033
:101CA000EFFFFFFFFFFFFFFB000005FFFFFFFFFF50
:101CB000FFFF20000007FFFFFFFFFFFF30000000D5
:101CC00005EFFFFFFFFC3000000000016BDFFDA40B
:101CD00000000002BFFFFFFE700DFFFFFFFFF20FCD
:101CE000FFFFFFFFF60EFFFFFFFFF704FFFFFFFF01
:101CF000F7000225FFFFF7000003FFFFF7000003D6
:101D0000FFFFF7000003FFFFF7000003FFFFF700EE
:101D10000003FFFFF7000003FFFFF7000003FFFFD2
:101D2000F7000003FFFFF7000003FFFFF7000003C9
:101D3000FFFFF7000003FFFFF7000003FFFFF700BE
:101D40000003FFFFF7000003FFFFF7000003FFFFA2
:101D5000F7000003FFFFF7000003FFFFF700000399
:101D6000FFFFF7000003FFFFF7000002FFFFF60090
:101D70000000EFFFF20000004DFD500000000001E8
:101D800010000000000000005AEFFFB60000000045
:101D9000003DFFFFFFFFE300000006FFFFFFFFFF26
:101DA000FF4000004FFFFFFFFFFFFFF10000DFFFDC
:101DB000FFFFFFFFFFF80005FFFFFE514DFFFFFE95
:101DC000000AFFFFF40002FFFFFF100EFFFFB0004C
:101DD00000CFFFFF300FFFFF500000AFFFFF300FBD
:101DE000FFFE000000DFFFFF1008FFF6000003FF0A
:101DF000FFFC0000475000000BFFFFF60000000052
:101E000000006FFFFFE0000000000002FFFFFF6026
:101E100000000000000DFFFFFC000000000000AF0C
:101E2000FFFFF2000000000007FFFFFF600000005E
:101E300000004FFFFFFA000000000002FFFFFFD08C
:101E400000000000001EFFFFFE200000000001DF78
:101E5000FFFFF400000000000CFFFFFF7000000017
:101E60000000AFFFFFFA000000000007FFFFFFFFC8
:101E7000FFFFFFFC201FFFFFFFFFFFFFFFFFC03F33
:101E8000FFFFFFFFFFFFFFFFF00FFFFFFFFFFFFF61
:101E9000FFFFC004DFFFFFFFFFFFFFFC200000018A
:101EA0006ADFEC820000000019FFFFFFFFF800006E
:101EB000002DFFFFFFFFFFF900000DFFFFFFFFFFF9
:101EC000FFF40007FFFFFFFFFFFFFFC000CFFFFF92
:101ED000A436FFFFFF100DFFFF600006FFFFF500B7
:101EE0009FFF9000002FFFFF50009D80000004FF27
:101EF000FFF2000000000000CFFFFD000000000026
:101F000017EFFFFF60000000008FFFFFFFB0000031
:101F100000004FFFFFFFB00000000005FFFFFFFEC5
:101F200050000000002FFFFFFFFF80000000003C7A
:101F3000FFFFFFFF6000000000005CFFFFFE0000ED
:101F4000000000000BFFFFF60045000000003FFF0F
:101F5000FFA2DFF800000001FFFFFDAFFFF300006C
:101F6000004FFFFFCBFFFFE100000AFFFFF97FFFFB
:101F7000FFE50008FFFFFF41FFFFFFFFEFFFFFFF4F
:101F8000D008FFFFFFFFFFFFFFF4000BFFFFFFFF85
:101F9000FFFFF7000008FFFFFFFFFFE50000000163
:101FA0007BEFFEDA500000000000000009EFEA209D
:101FB00000000000000000CFFFFFE1000000000073
:101FC0000007FFFFFFF90000000000001EFFFFFFF9
:101FD000FD0000000000008FFFFFFFFF0000000079
:101FE0000001FFFFFFFFFF00000000000AFFFFAF3E
:101FF000FFFF00000000002FFFF98FFFFF0000002F
:102000000000BFFFF28FFFFF0000000004FFFFA0F1
:102010008FFFFF000000000CFFFF308FFFFF00006C
:1020200000005FFFFC008FFFFF00000000DFFFF4F7
:10203000008FFFFF00000006FFFFD0008FFFFF00B2
:1020400000000EFFFF50008FFFFF0000008FFFFE1B
:1020500000008FFFFF000001FFFFF922229FFFFF1A
:10206000200009FFFFFFFFFFFFFFFFFE302FFFFFF4
:10207000FFFFFFFFFFFFFFE06FFFFFFFFFFFFFFF1F
:10208000FFFFF23FFFFFFFFFFFFFFFFFFFE007EF54
:10209000FFFFFFFFFFFFFFFD400000000000008F7B
:1020A000FFFF00000000000000008FFFFF000000A5
:1020B00000000000008FFFFF000000000000000093
:1020C0008FFFFE00000000000000005FFFFB00002B
:1020D00000000000000009EFB20000000000000056
:1020E00000000000000005EFFFFFFFFFFD500001B2
:1020F000FFFFFFFFFFFFFF10006FFFFFFFFFFFFF6E
:10210000F30008FFFFFFFFFFFFFF1000AFFFFFFF1F
:10211000FFFFFF60000CFFFF82222222000000EF81
:10212000FFF40000000000000FFFFF20000000008F
:102130000002FFFFF00000000000004FFFFFBCEDB9
:10214000A500000006FFFFFFFFFFFD4000008FFF1E
:10215000FFFFFFFFFF500009FFFFFFFFFFFFFF2012
:10216000007FFFFFEEFFFFFFFA0001CFE92001BF74
:10217000FFFFF0000000000000EFFFFF4000000044
:10218000000008FFFFF70000000000006FFFFF9055
:10219000000000000007FFFFF7000000000000AF94
:1021A000FFFF6038700000000EFFFFF34FFFD30009
:1021B0000007FFFFFF0AFFFFFA3028FFFFFFA0BF65
:1021C000FFFFFFFFFFFFFFF306FFFFFFFFFFFFFF24
:1021D000F9000AFFFFFFFFFFFFFB000006EFFFFF14
:1021E000FFFFF80000000048BEFFDB7100000000A8
:1021F000000000004DE70000000000000004FFFFA9
:10220000800000000000003FFFFFE0000000000031
:1022100002EFFFFFC000000000000DFFFFFF3000D5
:1022200000000000AFFFFFF5000000000006FFFF08
:10223000FF7000000000002FFFFFFA000000000008
:1022400000CFFFFFB0000000000006FFFFFD100000
:10225000000000001EFFFFFBCDA6100000007FFF66
:10226000FFFFFFFFF8000000EFFFFFFFFFFFFFC0D1
:102270000006FFFFFFFFFFFFFFFA000BFFFFFFFF5E
:10228000FFFFFFFF400FFFFFFD4016FFFFFFB04FB6
:10229000FFFFF100004FFFFFF07FFFFF8000000C09
:1022A000FFFFF39FFFFF50000009FFFFF69FFFFFB6
:1022B00050000008FFFFF67FFFFF8000000CFFFFCB
:1022C000F34FFFFFE100004FFFFFF00FFFFFFE6342
:1022D00048FFFFFFB009FFFFFFFFFFFFFFFF4001C7
:1022E000EFFFFFFFFFFFFFFA00003FFFFFFFFFFFD1
:1022F000FFC0000002CFFFFFFFFFF9000000000455
:102300009CEFFEB710000007EFFFFFFFFFFFFFFE8F
:10231000903FFFFFFFFFFFFFFFFFF85FFFFFFFFFA3
:10232000FFFFFFFFFD3FFFFFFFFFFFFFFFFFFB087A
:10233000FFFFFFFFFFFFFFFFF50002222222224FD7
:10234000FFFFD00000000000009FFFFF60000000C2
:10235000000002FFFFFE00000000000009FFFFF781
:102360000000000000002FFFFFF000000000000050
:10237000AFFFFF80000000000002FFFFFF10000021
:102380000000000AFFFFF90000000000002FFFFF1F
:10239000F2000000000000AFFFFFA00000000000FE
:1023A00002FFFFFF3000000000000AFFFFFB0000FB
:1023B000000000002FFFFFF4000000000000AFFF4E
:1023C000FFC0000000000003FFFFFF5000000000FE
:1023D000000BFFFFFD0000000000003FFFFFF600C4
:1023E0000000000000BFFFFFE0000000000003FF4E
:1023F000FFFF70000000000008FFFFFE000000006B
:1024000000000AFFFFF700000000000006FFFFD0F9
:10241000000000000000007EFC2000000000000022
:1024200000000000000000000000000000000000AC
:102430000000000000006AEFFD9400000000005E54
:10244000FFFFFFFFC200000006FFFFFFFFFFFF309E
:1024500000003FFFFFFFFFFFFFE00000AFFFFFFFB7
:10246000FFFFFFF70000FFFFFE5018FFFFFC000317
:10247000FFFFF70000BFFFFF0004FFFFF300006F46
:10248000FFFF1003FFFFF400006FFFFF0000FFFFDE
:10249000F80000BFFFFC00009FFFFF5018FFFFF592
:1024A00000000DFFFFFFFFFFFFB0000001DFFFFF97
:1024B000FFFFFB00000003DFFFFFFFFFFC20000029
:1024C0005FFFFFFFFFFFFFF30002FFFFFFFCDFFFE7
:1024D000FFFE100CFFFFFB1001BFFFFF802FFFFF6F
:1024E000E000001FFFFFE06FFFFF9000000BFFFF09
:1024F000F27FFFFF7000000AFFFFF46FFFFF900004
:10250000000EFFFFF34FFFFFE000005FFFFFF10F42
:10251000FFFFFB2004EFFFFFC009FFFFFFFEFFFFEF
:10252000FFFF6001FFFFFFFFFFFFFFFD00004FFF08
:10253000FFFFFFFFFFE2000003DFFFFFFFFFFB10D5
:10254000000000049CEFFEC830000000000049CFEE
:10255000FEB710000000004DFFFFFFFFF900000074
:1025600008FFFFFFFFFFFFD000008FFFFFFFFFFF0F
:10257000FFFB0003FFFFFFFFFFFFFFFF400BFFFF1D
:10258000FFB68DFFFFFFB01FFFFFF500009FFFFFAD
:10259000F05FFFFFB000000EFFFFF48FFFFF600051
:1025A000000AFFFFF69FFFFF50000008FFFFF67FC5
:1025B000FFFF7000000AFFFFF44FFFFFB000001E96
:1025C000FFFFF10FFFFFF60000AFFFFFD009FFFF95
:1025D000FFD9AEFFFFFF9001EFFFFFFFFFFFFFFFFF
:1025E00030004FFFFFFFFFFFFFFD000003DFFFFF95
:1025F000FFFFFFF500000005ADFDCFFFFFD000009D
:1026000000000000DFFFFF5000000000000AFFFF95
:10261000FB0000000000008FFFFFF2000000000040
:1026200006FFFFFF6000000000004FFFFFFA000000
:1026300000000002FFFFFFD000000000000DFFFFC0
:10264000FF2000000000002FFFFFF400000000004A
:10265000000EFFFF5000000000000002BFD5000088
:10266000000000000000009FF9008FFFF80DFFFF41
:10267000E0DFFFFE08FFFF9009EEA0000000000071
:10268000000000000000000000000000000000004A
:10269000003993004FFFF50CFFFFD0DFFFFF09FF6C
:1026A000FFA01AEEA10000000000000000000000E2
:1026B0000000200A070602001500B015151C0000D6
:1026C0003B01F00D0C1C0000E301B015141D0100CE
:1026D0000503B015131C01000F04B015161C0000F3
:1026E0004305B015131D01005706B015141C010059
:1026F0006F075014141D00FF9108B015141D010040
:10270000B309B015141C0100CB0A200A07130200FC
:1027100000000102030405060708090A0B00000077
:102720002E0000000D00010000000000102704082A
:102730000D000000981B0408A826040820270408A0
:10274000000000000000010820040020897A02082F
:10275000157A02081E00010000F90200342704085F
:102760000000000000000000000000005ADFFFEB46
:1027700072000000000000007EFFFFFFFFFFA100CD
:10278000000000000BFFFFFFFFFFFFFE4000000006
:1027900000CFFFFFFFFFFFFFFFF400000009FFFF76
:1027A000FFFFFFFFFFFFFE1000004FFFFFFFFFFFD7
:1027B000FFFFFFFFA00000CFFFFFFFD645AFFFFFE9
:1027C000FFF30003FFFFFFFB000006FFFFFFFA001F
:1027D00008FFFFFFF1000000AFFFFFFF000DFFFF4C
:1027E000FF900000002FFFFFFF501FFFFFFF300092
:1027F00000000CFFFFFF904FFFFFFF0000000009EB
:10280000FFFFFFC07FFFFFFD0000000005FFFFFF8F
:10281000F09FFFFFFC0000000004FFFFFFF2BFFF7E
:10282000FFFA0000000002FFFFFFF3CFFFFFFA00F6
:1028300000000001FFFFFFF5DFFFFFFA00000000CE
:1028400001FFFFFFF6DFFFFFFA0000000001FFFFBE
:10285000FFF6CFFFFFFA0000000001FFFFFFF5BF0A
:10286000FFFFFA0000000002FFFFFFF39FFFFFFCE5
:102870000000000004FFFFFFF27FFFFFFD000000EB
:102880000005FFFFFFF04FFFFFFF0000000009FF02
:10289000FFFFC01FFFFFFF300000000CFFFFFF9095
:1028A0000DFFFFFF900000002FFFFFFF5008FFFF0C
:1028B000FFF1000000AFFFFFFF0003FFFFFFFB0081
:1028C0000006FFFFFFFA0000CFFFFFFFD645AFFF76
:1028D000FFFFF300004FFFFFFFFFFFFFFFFFFFA021
:1028E000000009FFFFFFFFFFFFFFFFFE10000000D9
:1028F000CFFFFFFFFFFFFFFFF4000000000BFFFF13
:10290000FFFFFFFFFE4000000000007EFFFFFFFF13
:10291000FFA1000000000000005ADFFFEB72000082
:10292000000004CFFFFFFFFC305FFFFFFFFFFFE170
:10293000BFFFFFFFFFFFF4CFFFFFFFFFFFF68FFF9B
:10294000FFFFFFFFF71DFFFFFFFFFFF7003566CF1B
:10295000FFFFF7000000BFFFFFF7000000BFFFFF11
:10296000F7000000BFFFFFF7000000BFFFFFF70008
:102970000000BFFFFFF7000000BFFFFFF7000000EF
:10298000BFFFFFF7000000BFFFFFF7000000BFFF21
:10299000FFF7000000BFFFFFF7000000BFFFFFF7D9
:1029A000000000BFFFFFF7000000BFFFFFF70000BF
:1029B00000BFFFFFF7000000BFFFFFF7000000BFF0
:1029C000FFFFF7000000BFFFFFF7000000BFFFFFA1
:1029D000F7000000BFFFFFF7000000BFFFFFF70098
:1029E0000000BFFFFFF7000000BFFFFFF70000007F
:1029F000BFFFFFF7000000AFFFFFF60000008FFFF2
:102A0000FFF40000003FFFFFD000000005CFEA20E8
:102A10000000000038BEDB83000000000000007EE4
:102A2000FFFFFFFFD600000000003DFFFFFFFFFF9C
:102A3000FFB100000005FFFFFFFFFFFFFFFD1000DB
:102A4000003FFFFFFFFFFFFFFFFFB00000DFFFFFC2
:102A5000FFFFFFFFFFFFF30006FFFFFFFFA8CFFF11
:102A6000FFFFFA000CFFFFFFE20006FFFFFFFF0081
:102A70001FFFFFFF400000AFFFFFFF205FFFFFFBD6
:102A80000000005FFFFFFF407FFFFFF50000002F09
:102A9000FFFFFF507FFFFFF00000003FFFFFFF3010
:102AA0004FFFFF900000008FFFFFFF000AFFFE10A6
:102AB000000000EFFFFFFA0000366100000008FF91
:102AC000FFFFF3000000000000003FFFFFFFC00019
:102AD000000000000000DFFFFFFF300000000000EA
:102AE0000009FFFFFFFA000000000000006FFFFF79
:102AF000FFE100000000000003FFFFFFFF500000A7
:102B0000000000001EFFFFFFFA00000000000000B0
:102B1000CFFFFFFFD00000000000000BFFFFFFFF12
:102B2000200000000000009FFFFFFFF400000000F5
:102B3000000008FFFFFFFF700000000000006FFFB3
:102B4000FFFFFA00000000000005FFFFFFFFC000CC
:102B500000000000003FFFFFFFFE1000000000002B
:102B600002EFFFFFFFF63333333310000DFFFFFF9B
:102B7000FFFFFFFFFFFFFD307FFFFFFFFFFFFFFFB6
:102B8000FFFFFFE0BFFFFFFFFFFFFFFFFFFFFFF3C0
:102B9000AFFFFFFFFFFFFFFFFFFFFFF25FFFFFFF42
:102BA000FFFFFFFFFFFFFFD006DFFFFFFFFFFFFF7D
:102BB000FFFFEA200000000049CEFEC940000000EF
:102BC00000000018EFFFFFFFFFD300000000005ED1
:102BD000FFFFFFFFFFFFF6000000006FFFFFFFFF9A
:102BE000FFFFFFF40000003FFFFFFFFFFFFFFFFFBD
:102BF000E000000BFFFFFFFFFFFFFFFFFF60000291
:102C0000FFFFFFFFA77BFFFFFFFC00005FFFFFFC54
:102C1000200006FFFFFFF00002FFFFFD1000000E86
:102C2000FFFFFF30000CFFFE20000000BFFFFFF1A0
:102C3000000019CA200000000EFFFFFF0000000086
:102C40000000000008FFFFFF9000000000000000EF
:102C50003BFFFFFFF300000000000008EFFFFFFF55
:102C6000F80000000000000CFFFFFFFFFA0000006A
:102C700000000005FFFFFFFFFA0000000000000059
:102C80005FFFFFFFFFFA10000000000002FFFFFFE0
:102C9000FFFFFE20000000000005EFFFFFFFFFFE2A
:102CA0001000000000000048CFFFFFFFFB00000005
:102CB00000000000002CFFFFFFF4000000000000F7
:102CC00000001EFFFFFFA000157000000000008F35
:102CD000FFFFFE006FFFD10000000006FFFFFFF1C5
:102CE0002FFFFFA0000000008FFFFFFF06FFFFFF88
:102CF000600000000DFFFFFFD04FFFFFFF600000EE
:102D000006FFFFFFF900FFFFFFFFB41039FFFFFFD1
:102D1000FF4009FFFFFFFFFFFFFFFFFFFFD0001E87
:102D2000FFFFFFFFFFFFFFFFFFF400005FFFFFFF5C
:102D3000FFFFFFFFFFF70000005FFFFFFFFFFFFF48
:102D4000FFF7000000002AFFFFFFFFFFFFC30000A6
:102D5000000000016ADEFFEDA72000000000000077
:102D60000000000004775100000000000000000097
:102D7000005EFFFFF90000000000000000004FFFB0
:102D8000FFFFFA00000000000000000EFFFFFFFF41
:102D9000F20000000000000007FFFFFFFFFF7000CF
:102DA000000000000001FFFFFFFFFFF9000000002E
:102DB0000000009FFFFFFFFFFFA0000000000000D9
:102DC0003FFFFFFFFFFFFB0000000000000BFFFFC5
:102DD000F7FFFFFFB0000000000004FFFFFB4FFF04
:102DE000FFFB000000000000DFFFFF34FFFFFFB02B
:102DF00000000000006FFFFFC04FFFFFFB0000005E
:102E000000000EFFFFF404FFFFFFB0000000000809
:102E1000FFFFFC004FFFFFFB0000000002FFFFFF71
:102E20005004FFFFFFB000000000AFFFFFD0004FD5
:102E3000FFFFFB000000003FFFFFF50004FFFFFF66
:102E4000B00000000CFFFFFD00004FFFFFFB000083
:102E50000005FFFFFF600004FFFFFFB0000000EF70
:102E6000FFFFE000004FFFFFFB0000007FFFFFF6C9
:102E7000000004FFFFFFB000001FFFFFFFFFFFFF88
:102E8000FFFFFFFFFB2009FFFFFFFFFFFFFFFFFF2B
:102E9000FFFFFF22FFFFFFFFFFFFFFFFFFFFFFFF1F
:102EA000F93FFFFFFFFFFFFFFFFFFFFFFFFFB0FF47
:102EB000FFFFFFFFFFFFFFFFFFFFFFF706FFFFFF23
:102EC000FFFFFFFFFFFFFFFFFC000156666666661F
:102ED000668FFFFFFD63000000000000000004FF9C
:102EE000FFFFB00000000000000000004FFFFFFBEC
:102EF00000000000000000000004FFFFFFB0000021
:102F0000000000000000003FFFFFFA00000000008A
:102F10000000000002FFFFFF800000000000000032
:102F200000000DFFFFF300000000000000000000A3
:102F30002BEFC400000000000000000000000000B3
:102F40000000000000AFFFFFFFFFFFFFEA200000CE
:102F500009FFFFFFFFFFFFFFFFD000000FFFFFFF94
:102F6000FFFFFFFFFFF400004FFFFFFFFFFFFFFF2A
:102F7000FFF400006FFFFFFFFFFFFFFFFFE0000017
:102F80008FFFFFFFFFFFFFFFFF500000AFFFFFF6C7
:102F90006666666651000000CFFFFFD000000000AB
:102FA00000000000EFFFFFA0000000000000000094
:102FB000FFFFFF800000000000000002FFFFFF6035
:102FC0000000000000000004FFFFFFBBDEDB72001A
:102FD00000000007FFFFFFFFFFFFFFB20000000936
:102FE000FFFFFFFFFFFFFFFF6000000AFFFFFFFF83
:102FF000FFFFFFFFF500000BFFFFFFFFFFFFFFFFDD
:10300000FF100008FFFFFFFDDFFFFFFFFF90000143
:10301000DFFFA400019FFFFFFFF00000033100006D
:103020000009FFFFFFF40000000000000001FFFFA7
:10303000FFF80000000000000000DFFFFFFA0000C2
:10304000000000000000CFFFFFFB000000000000B8
:103050000000EFFFFFF90000000000000001FFFF8B
:10306000FFF80004300000000006FFFFFFF505FF39
:10307000FB100000000DFFFFFFF22FFFFFF7000025
:10308000009FFFFFFFE06FFFFFFFE8446CFFFFFFC3
:10309000FF706FFFFFFFFFFFFFFFFFFFFF101FFF2E
:1030A000FFFFFFFFFFFFFFFFF60007FFFFFFFFFF30
:1030B000FFFFFFFF9000007FFFFFFFFFFFFFFFF814
:1030C000000000029FFFFFFFFFFFFB400000000029
:1030D0000047ADEFEDB72000000000000000000049
:1030E000004740000000000000000000008FFFB11A
:1030F0000000000000000000009FFFFFA000000093
:1031000000000000007FFFFFFF1000000000000033
:10311000006FFFFFFFF1000000000000004FFFFF05
:10312000FFF8000000000000002FFFFFFFFC000080
:1031300000000000001DFFFFFFFD10000000000068
:10314000000BFFFFFFFE2000000000000006FFFF55
:10315000FFFF3000000000000002FFFFFFFF400003
:10316000000000000000CFFFFFFF60000000000033
:1031700000006FFFFFFF90000000000000000EFF46
:10318000FFFFFBEFEB710000000007FFFFFFFFFFF9
:10319000FFFFF910000000EFFFFFFFFFFFFFFFFE42
:1031A0002000007FFFFFFFFFFFFFFFFFFF20000D5C
:1031B000FFFFFFFFFFFFFFFFFFFD0003FFFFFFFF1C
:1031C000FFDEFFFFFFFFF6008FFFFFFFF60003CFDC
:1031D000FFFFFFD00CFFFFFFF4000000CFFFFFFF59
:1031E00020FFFFFFFA00000003FFFFFFF72FFFFFA4
:1031F000FF500000000DFFFFFFA4FFFFFFF30000E2
:103200000000AFFFFFFC3FFFFFFF300000000BFF9F
:10321000FFFFC1FFFFFFF600000000EFFFFFF90F07
:10322000FFFFFFC00000005FFFFFFF60AFFFFFFF79
:103230008000003EFFFFFFF205FFFFFFFFD867BFE2
:10324000FFFFFFFC000EFFFFFFFFFFFFFFFFFFFF81
:1032500040005FFFFFFFFFFFFFFFFFFFB000009F89
:10326000FFFFFFFFFFFFFFFFD10000008FFFFFFF09
:10327000FFFFFFFFC1000000004CFFFFFFFFFFFE4C
:10328000700000000000037BDEFFEC850000000002
:1032900002AEFFFFFFFFFFFFFFFFFFD7000DFFFFA5
:1032A000FFFFFFFFFFFFFFFFFF702FFFFFFFFFFF8D
:1032B000FFFFFFFFFFFFE02FFFFFFFFFFFFFFFFF0D
:1032C000FFFFFFF10EFFFFFFFFFFFFFFFFFFFFFF0D
:1032D000D005FFFFFFFFFFFFFFFFFFFFFF600014B0
:1032E000666666666666CFFFFFFE000000000000AF
:1032F000000001FFFFFFF7000000000000000009D0
:10330000FFFFFFE000000000000000002FFFFFFFB4
:10331000700000000000000000AFFFFFFE00000092
:10332000000000000003FFFFFFF8000000000000A5
:1033300000000BFFFFFFF100000000000000004F45
:10334000FFFFFF800000000000000000CFFFFFFF34
:10335000100000000000000005FFFFFFF800000063
:1033600000000000000DFFFFFFF100000000000062
:1033700000005FFFFFFF900000000000000000DF82
:10338000FFFFFF100000000000000006FFFFFFF934
:1033900000000000000000000EFFFFFFF200000030
:1033A00000000000007FFFFFFFA000000000000001
:1033B0000001FFFFFFFF200000000000000008FFE9
:1033C000FFFFFA00000000000000001FFFFFFFF2F7
:1033D00000000000000000009FFFFFFFA0000000B1
:1033E0000000000002FFFFFFFF30000000000000AF
:1033F000000AFFFFFFFB00000000000000002FFF9D
:10340000FFFFF300000000000000009FFFFFFFB07F
:103410000000000000000000CFFFFFFF30000000B0
:103420000000000000AFFFFFF900000000000000F6
:1034300000004FFFFFE1000000000000000000045A
:10344000CEFB200000000000000000000000000093
:1034500000000000000000000000000379BA8510A1
:10346000000000000000018EFFFFFFFFA30000002E
:10347000000004EFFFFFFFFFFFF90000000004FF62
:10348000FFFFFFFFFFFFFB00000001FFFFFFFFFF4B
:10349000FFFFFFF8000000AFFFFFFFFFFFFFFFFF90
:1034A000F200000FFFFFFFFB8AEFFFFFFF80000528
:1034B000FFFFFFF30000BFFFFFFD00007FFFFFF9EC
:1034C000000002FFFFFFF00009FFFFFF6000000E99
:1034D000FFFFFF20008FFFFFF5000000CFFFFFF090
:1034E0000005FFFFFF8000000FFFFFFE00001FFF31
:1034F000FFFE000006FFFFFF8000009FFFFFFC3083
:1035000027FFFFFFF2000000DFFFFFFFFFFFFFFFCD
:10351000F700000002DFFFFFFFFFFFFFF9000000E0
:103520000003FFFFFFFFFFFFFC0000000006FFFF9E
:10353000FFFFFFFFFFFD20000008FFFFFFFFFFFF71
:10354000FFFFFF300005FFFFFFFFFEEFFFFFFFFE65
:103550001001FFFFFFFF810019FFFFFFF9008FFF40
:10356000FFFF50000009FFFFFFF10DFFFFFFC0004C
:1035700000001FFFFFFF50FFFFFFF800000000EFFB
:10358000FFFFF81FFFFFFF600000000DFFFFFFA01F
:10359000FFFFFFF800000001FFFFFFF90EFFFFFF34
:1035A000C00000006FFFFFFF60AFFFFFFF50000093
:1035B0001EFFFFFFF305FFFFFFFF82016EFFFFFF0E
:1035C000FE000EFFFFFFFFFFFFFFFFFFFF80006F0A
:1035D000FFFFFFFFFFFFFFFFFFE00000AFFFFFFF68
:1035E000FFFFFFFFFFF3000000AFFFFFFFFFFFFF44
:1035F000FFE4000000005DFFFFFFFFFFFF91000000
:10360000000000038BDEFFEC9610000000000000BD
:103610000016ADFFEC9500000000000004CFFFFF96
:10362000FFFFFE80000000001BFFFFFFFFFFFFFF0A
:10363000D20000001EFFFFFFFFFFFFFFFFE10000C1
:103640000DFFFFFFFFFFFFFFFFFFC00009FFFFFFB0
:10365000FFFFFFFFFFFFFF5002FFFFFFFFE968DFF3
:10366000FFFFFFFD008FFFFFFFA000006FFFFFFFC8
:10367000F20DFFFFFFD00000008FFFFFFF70FFFF84
:10368000FFF700000000FFFFFFFA3FFFFFFF4000D1
:1036900000000CFFFFFFC3FFFFFFF300000000AFBF
:1036A000FFFFFC1FFFFFFF500000000DFFFFFFA00A
:1036B000EFFFFFFA00000002FFFFFFF809FFFFFF26
:1036C000F3000000BFFFFFFF404FFFFFFFF7201494
:1036D000CFFFFFFFF000CFFFFFFFFFFFFFFFFFFF68
:1036E000FB0003FFFFFFFFFFFFFFFFFFFF50000690
:1036F000FFFFFFFFFFFFFFFFFFE0000005FFFFFFF1
:10370000FFFFFFFFFFF7000000019FFFFFFFFFFF2C
:10371000FFFE00000000000479978FFFFFFF70009C
:103720000000000000002FFFFFFFD000000000009D
:1037300000001DFFFFFFF3000000000000000CFF71
:10374000FFFFF9000000000000000AFFFFFFFD007E
:1037500000000000000009FFFFFFFF300000000034
:10376000000007FFFFFFFF6000000000000005FFF2
:10377000FFFFFF9000000000000002FFFFFFFFB00E
:10378000000000000000009FFFFFFFD100000000CC
:1037900000000008FFFFFFD1000000000000000053
:1037A0002FFFFFE20000000000000000003BFEA130
:1037B00000000000000000057300003EFFFB000E4B
:1037C000FFFFF903FFFFFFE05FFFFFFF02FFFFFFC7
:1037D000D00BFFFFF50009DFD5000000000000005E
:1037E00000000000000000000000000000000000D9
:1037F0000000000000000000000000010000008E3A
:10380000FD5000AFFFFF502FFFFFFD05FFFFFFF052
:103810003FFFFFFE00CFFFFF70019EFD7000000024
:1038200000000000000000000000601B1A220100E0
:10383000BA01A0110E220100A802601B1823020089
:103840004C04601B19220100F505601B1B230000BE
:10385000CE07601B182301007209601B19230100A9
:10386000280BB0191A2300FFEF0C601B192301006D
:10387000A50E601B192201004E10C00C0917020092
:10388000300000000B0001000000000000000000FC
:103890000000020068270408203804088038040863
:1038A000000000000000010828040020897A0208B6
:1038B000157A02082400010000F702009438040879
:1038C00000000000000000000000000000000000F8
:1038D000000269BDEFFFEDB96200000000000000CA
:1038E000000000000000000000000028DFFFFFFFD4
:1038F000FFFFFFFFE82000000000000000000000C4
:1039000000000000003BFFFFFFFFFFFFFFFFFFFF86
:10391000FC30000000000000000000000000001A61
:10392000FFFFFFFFFFFFFFFFFFFFFFFFFA10000099
:1039300000000000000000000003EFFFFFFFFFFF9A
:10394000FFFFFFFFFFFFFFFFE4000000000000009B
:10395000000000005FFFFFFFFFFFFFFFFFFFFFFF13
:10396000FFFFFFFF6000000000000000000006FFF6
:10397000FFFFFFFFFFFFFFFFFFFFFFFFFFFFFFF75F
:103980000000000000000000004FFFFFFFFFFFFFEE
:10399000FFFFFFFFFFFFFFFFFFFFFF6000000000D2
:1039A00000000002FFFFFFFFFFFFFFFFFFFFFFFF21
:1039B000FFFFFFFFFFFFF4000000000000000DFF0D
:1039C000FFFFFFFFFFFFFFFFFFFFFFFFFFFFFFFF07
:1039D000FFFE100000000000008FFFFFFFFFFFFF51
:1039E000FFFFFFFFFFFFFFFFFFFFFFFFFFA0000044
:1039F00000000002FFFFFFFFFFFFFFFFFFFFFFFFD1
:103A0000FFFFFFFFFFFFFFFFF400000000000AFFC1
:103A1000FFFFFFFFFFFFFFFFFFEFFFFFFFFFFFFFC6
:103A2000FFFFFFFC00000000002FFFFFFFFFFFFF74
:103A3000FFFFD7200026DFFFFFFFFFFFFFFFFF5044
:103A4000000000009FFFFFFFFFFFFFFFF9000000E5
:103A50000008FFFFFFFFFFFFFFFFC000000000FFA7
:103A6000FFFFFFFFFFFFFF7000000000006FFFFF80
:103A7000FFFFFFFFFFF300000006FFFFFFFFFFFF58
:103A8000FFFA00000000000009FFFFFFFFFFFFFF3B
:103A9000F90000000BFFFFFFFFFFFFFFF100000038
:103AA00000000000EFFFFFFFFFFFFFFF0000001F0F
:103AB000FFFFFFFFFFFFFF80000000000000006F1E
:103AC000FFFFFFFFFFFFFF4000005FFFFFFFFFFF63
:103AD000FFFF10000000000000000EFFFFFFFFFFCF
:103AE000FFFF900000AFFFFFFFFFFFFFFB000000A4
:103AF000000000000008FFFFFFFFFFFFFFE00000E5
:103B0000DFFFFFFFFFFFFFF60000000000000000E6
:103B100003FFFFFFFFFFFFFFF20001FFFFFFFFFFBB
:103B2000FFFFF2000000000000000000FFFFFFFFA9
:103B3000FFFFFFF50005FFFFFFFFFFFFFFE00000B5
:103B400000000000000000BFFFFFFFFFFFFFF900C3
:103B500008FFFFFFFFFFFFFFB000000000000000B4
:103B600000007FFFFFFFFFFFFFFC000AFFFFFFFFDA
:103B7000FFFFFF800000000000000000004FFFFF7B
:103B8000FFFFFFFFFF000DFFFFFFFFFFFFFF6000D4
:103B900000000000000000002FFFFFFFFFFFFFFFFD
:103BA000200FFFFFFFFFFFFFFF40000000000000AD
:103BB0000000000FFFFFFFFFFFFFFF401FFFFFFFA1
:103BC000FFFFFFFF300000000000000000000EFFBC
:103BD000FFFFFFFFFFFF603FFFFFFFFFFFFFFF1043
:103BE0000000000000000000000DFFFFFFFFFFFFCE
:103BF000FF804FFFFFFFFFFFFFFF000000000000FE
:103C0000000000000BFFFFFFFFFFFFFFA06FFFFFA3
:103C1000FFFFFFFFFF000000000000000000000A9F
:103C2000FFFFFFFFFFFFFFC07FFFFFFFFFFFFFFF63
:103C3000000000000000000000000AFFFFFFFFFF7F
:103C4000FFFFD08FFFFFFFFFFFFFFF00000000001E
:103C5000000000000009FFFFFFFFFFFFFFE09FFFE4
:103C6000FFFFFFFFFFFF000000000000000000005A
:103C700009FFFFFFFFFFFFFFF0AFFFFFFFFFFFFFA9
:103C8000FF0000000000000000000008FFFFFFFF31
:103C9000FFFFFFF0AFFFFFFFFFFFFFFF000000008F
:103CA00000000000000008FFFFFFFFFFFFFFF09F84
:103CB000FFFFFFFFFFFFFF0000000000000000000B
:103CC0000009FFFFFFFFFFFFFFF08FFFFFFFFFFF78
:103CD000FFFF0000000000000000000009FFFFFFE0
:103CE000FFFFFFFFE07FFFFFFFFFFFFFFF00000080
:103CF000000000000000000AFFFFFFFFFFFFFFD0F1
:103D00006FFFFFFFFFFFFFFF00000000000000004B
:103D100000000AFFFFFFFFFFFFFFC04FFFFFFFFF95
:103D2000FFFFFF000000000000000000000BFFFF8D
:103D3000FFFFFFFFFFA03FFFFFFFFFFFFFFF1000A0
:103D400000000000000000000DFFFFFFFFFFFFFF6D
:103D5000801FFFFFFFFFFFFFFF300000000000009B
:103D60000000000EFFFFFFFFFFFFFF600FFFFFFFE0
:103D7000FFFFFFFF400000000000000000000FFFF9
:103D8000FFFFFFFFFFFF400DFFFFFFFFFFFFFF6093
:103D90000000000000000000002FFFFFFFFFFFFFFA
:103DA000FF200AFFFFFFFFFFFFFF80000000000071
:103DB000000000004FFFFFFFFFFFFFFF0008FFFFB5
:103DC000FFFFFFFFFFB00000000000000000007FC9
:103DD000FFFFFFFFFFFFFC0005FFFFFFFFFFFFFFEF
:103DE000E0000000000000000000BFFFFFFFFFFF39
:103DF000FFF90001FFFFFFFFFFFFFFF200000000DF
:103E00000000000000EFFFFFFFFFFFFFF50000DFF5
:103E1000FFFFFFFFFFFFF6000000000000000003AF
:103E2000FFFFFFFFFFFFFFF20000AFFFFFFFFFFFFD
:103E3000FFFB000000000000000008FFFFFFFFFF85
:103E4000FFFFE000005FFFFFFFFFFFFFFF1000002C
:103E500000000000000EFFFFFFFFFFFFFF900000CB
:103E60001FFFFFFFFFFFFFFF8000000000000000BA
:103E70006FFFFFFFFFFFFFFF4000000BFFFFFFFF93
:103E8000FFFFFFF100000000000000EFFFFFFFFF59
:103E9000FFFFFF00000006FFFFFFFFFFFFFFFA002C
:103EA000000000000009FFFFFFFFFFFFFFF9000017
:103EB0000000FFFFFFFFFFFFFFFF7000000000009A
:103EC0006FFFFFFFFFFFFFFFF3000000009FFFFFFA
:103ED000FFFFFFFFFFF90000000008FFFFFFFFFFEB
:103EE000FFFFFFC0000000002FFFFFFFFFFFFFFFED
:103EF000FFD7200026DFFFFFFFFFFFFFFFFF50007F
:103F00000000000AFFFFFFFFFFFFFFFFFFFFEFFFC3
:103F1000FFFFFFFFFFFFFFFFFC000000000002FFAC
:103F2000FFFFFFFFFFFFFFFFFFFFFFFFFFFFFFFFA1
:103F3000FFFFFFF40000000000008FFFFFFFFFFF06
:103F4000FFFFFFFFFFFFFFFFFFFFFFFFFFFFA000DF
:103F500000000000000DFFFFFFFFFFFFFFFFFFFF5E
:103F6000FFFFFFFFFFFFFFFFFE100000000000004B
:103F700002FFFFFFFFFFFFFFFFFFFFFFFFFFFFFF4E
:103F8000FFFFFFF400000000000000004FFFFFFFF4
:103F9000FFFFFFFFFFFFFFFFFFFFFFFFFFFF6000CF
:103FA0000000000000000006FFFFFFFFFFFFFFFF13
:103FB000FFFFFFFFFFFFFFFFF70000000000000012
:103FC0000000005FFFFFFFFFFFFFFFFFFFFFFFFF9E
:103FD000FFFFFF600000000000000000000003EF92
:103FE000FFFFFFFFFFFFFFFFFFFFFFFFFFE40000FA
:103FF000000000000000000000001AFFFFFFFFFFAC
:10400000FFFFFFFFFFFFFFFA1000000000000000AD
:104010000000000000003BFFFFFFFFFFFFFFFFFF6E
:10402000FFFC300000000000000000000000000065
:10403000000028DFFFFFFFFFFFFFFFE92000000077
:104040000000000000000000000000000000026905
:10405000BDEFFFEDB96200000000000000000000AD
:1040600000004ADFFFFFFFFFFFFFFFEC60000002E0
:10407000DFFFFFFFFFFFFFFFFFFFFFD20003FFFF98
:10408000FFFFFFFFFFFFFFFFFFFFD000DFFFFFFF8E
:10409000FFFFFFFFFFFFFFFFFF604FFFFFFFFFFF7F
:1040A000FFFFFFFFFFFFFFFB08FFFFFFFFFFFFFF1B
:1040B000FFFFFFFFFFFFE09FFFFFFFFFFFFFFFFF8F
:1040C000FFFFFFFFFF08FFFFFFFFFFFFFFFFFFFFF7
:1040D000FFFFFFF15FFFFFFFFFFFFFFFFFFFFFFF9E
:1040E000FFFF11FFFFFFFFFFFFFFFFFFFFFFFFFFCE
:1040F000F108FFFFFFFFFFFFFFFFFFFFFFFFFF10C4
:104100000BFFFFFFFFFFFFFFFFFFFFFFFFF10007B8
:10411000EFFFFFFFFFFFFFFFFFFFFFFF1000002487
:10412000455555DFFFFFFFFFFFFFF10000000000D6
:10413000000CFFFFFFFFFFFFFF100000000000006A
:10414000CFFFFFFFFFFFFFF10000000000000CFFAA
:10415000FFFFFFFFFFFF10000000000000CFFFFF88
:10416000FFFFFFFFF10000000000000CFFFFFFFF5A
:10417000FFFFFF10000000000000CFFFFFFFFFFF68
:10418000FFF10000000000000CFFFFFFFFFFFFFF3A
:1041900010000000000000CFFFFFFFFFFFFFF10055
:1041A00000000000000CFFFFFFFFFFFFFF100000FA
:1041B00000000000CFFFFFFFFFFFFFF10000000045
:1041C00000000CFFFFFFFFFFFFFF100000000000DA
:1041D00000CFFFFFFFFFFFFFF10000000000000C19
:1041E000FFFFFFFFFFFFFF10000000000000CFFFF8
:1041F000FFFFFFFFFFF10000000000000CFFFFFFCA
:10420000FFFFFFFF10000000000000CFFFFFFFFFD7
:10421000FFFFF10000000000000CFFFFFFFFFFFFA9
:10422000FF10000000000000CFFFFFFFFFFFFFF1C5
:104230000000000000000CFFFFFFFFFFFFFF100069
:104240000000000000CFFFFFFFFFFFFFF1000000B4
:104250000000000CFFFFFFFFFFFFFF100000000049
:104260000000CFFFFFFFFFFFFFF100000000000094
:104270000CFFFFFFFFFFFFFF10000000000000CF5A
:10428000FFFFFFFFFFFFF10000000000000CFFFF39
:10429000FFFFFFFFFF10000000000000CFFFFFFF47
:1042A000FFFFFFF10000000000000CFFFFFFFFFF19
:1042B000FFFF10000000000000CFFFFFFFFFFFFF27
:1042C000F10000000000000CFFFFFFFFFFFFFF10E8
:1042D000000000000000CFFFFFFFFFFFFFF1000024
:1042E000000000000CFFFFFFFFFFFFFF10000000B9
:1042F000000000CFFFFFFFFFFFFFF1000000000004
:10430000000CFFFFFFFFFFFFFF1000000000000098
:10431000CFFFFFFFFFFFFFF10000000000000CFFD8
:10432000FFFFFFFFFFFF10000000000000CFFFFFB6
:10433000FFFFFFFFF10000000000000CFFFFFFFF88
:10434000FFFFFF10000000000000CFFFFFFFFFFF96
:10435000FFF10000000000000CFFFFFFFFFFFFFF68
:1043600010000000000000CFFFFFFFFFFFFFF10083
:1043700000000000000CFFFFFFFFFFFFFF10000028
:1043800000000000CFFFFFFFFFFFFFF10000000073
:1043900000000CFFFFFFFFFFFFFF10000000000008
:1043A00000CFFFFFFFFFFFFFF10000000000000C47
:1043B000FFFFFFFFFFFFFF10000000000000CFFF26
:1043C000FFFFFFFFFFF10000000000000CFFFFFFF8
:1043D000FFFFFFFF10000000000000CFFFFFFFFF06
:1043E000FFFFF10000000000000CFFFFFFFFFFFFD8
:1043F000FF10000000000000CFFFFFFFFFFFFFF1F4
:104400000000000000000BFFFFFFFFFFFFFF0000A8
:104410000000000000AFFFFFFFFFFFFFD000000023
:1044200000000006FFFFFFFFFFFFF9000000000093
:1044300000001FFFFFFFFFFFFF3000000000000033
:10444000008FFFFFFFFFFF90000000000000000052
:104450008FFFFFFFFFA00000000000000000002908
:10446000CEFFD93000000000000000000000000076
:10447000000021000000000000000000000000001B
:10448000000000000000000047BEFFFFEB841000AA
:104490000000000000000000000000000000005BC1
:1044A000FFFFFFFFFFFFFFC610000000000000003D
:1044B00000000000000018EFFFFFFFFFFFFFFFFFFD
:1044C000FF920000000000000000000000008FFFCD
:1044D000FFFFFFFFFFFFFFFFFFFFF90000000000ED
:1044E000000000000004EFFFFFFFFFFFFFFFFFFFE2
:1044F000FFFFFFFD30000000000000000008FFFF8C
:10450000FFFFFFFFFFFFFFFFFFFFFFFFFF50000068
:1045100000000000000AFFFFFFFFFFFFFFFFFFFF9B
:10452000FFFFFFFFFFFF500000000000000BFFFF38
:10453000FFFFFFFFFFFFFFFFFFFFFFFFFFFFFF404A
:10454000000000000009FFFFFFFFFFFFFFFFFFFF6C
:10455000FFFFFFFFFFFFFFFE100000000006FFFF50
:10456000FFFFFFFFFFFFFFFFFFFFFFFFFFFFFFFF5B
:10457000FA0000000001FFFFFFFFFFFFFFFFFFFF4A
:10458000FFFFFFFFFFFFFFFFFFF300000000AFFF93
:10459000FFFFFFFFFFFFFFFFFFFFFFFFFFFFFFFF2B
:1045A000FFFFB00000003FFFFFFFFFFFFFFFFFFF27
:1045B000FFFFFFFFFFFFFFFFFFFFFF1000000AFFED
:1045C000FFFFFFFFFFFFFFFFB89CFFFFFFFFFFFFA5
:1045D000FFFFFFF7000001FFFFFFFFFFFFFFFFF7F7
:1045E000000002AFFFFFFFFFFFFFFFFFC000007FE3
:1045F000FFFFFFFFFFFFFFE2000000006FFFFFFF74
:10460000FFFFFFFFFF00000CFFFFFFFFFFFFFFF2B8
:1046100000000000008FFFFFFFFFFFFFFFF400011D
:10462000FFFFFFFFFFFFFFF5000000000000EFFFAE
:10463000FFFFFFFFFFFF60004FFFFFFFFFFFFFFCDB
:1046400000000000000007FFFFFFFFFFFFFFF90071
:1046500007FFFFFFFFFFFFFF400000000000002FEB
:10466000FFFFFFFFFFFFFFA000AFFFFFFFFFFFFF08
:10467000D000000000000000FFFFFFFFFFFFFFFC75
:10468000000CFFFFFFFFFFFFF7000000000000002D
:104690000EFFFFFFFFFFFFFFB000EFFFFFFFFFFF79
:1046A000FF2000000000000000FFFFFFFFFFFFFFF2
:1046B000FA000DFFFFFFFFFFFFC000000000000039
:1046C000001FFFFFFFFFFFFFFF7000BFFFFFFFFFA7
:1046D000FFF60000000000000004FFFFFFFFFFFFE7
:1046E000FFF40007FFFFFFFFFFFE000000000000D7
:1046F00000009FFFFFFFFFFFFFFF00001EFFFFFF07
:10470000FFFF50000000000000000EFFFFFFFFFF52
:10471000FFFFB000004FFFFFFFFFA0000000000000
:10472000000006FFFFFFFFFFFFFFF50000003BFF5B
:10473000FFFF900000000000000000EFFFFFFFFF00
:10474000FFFFFE000000000157772000000000007E
:104750000000009FFFFFFFFFFFFFFF800000000041
:1047600000000000000000000000004FFFFFFFFFFE
:10477000FFFFFFF10000000000000000000000004B
:104780000000000EFFFFFFFFFFFFFFF90000000029
:10479000000000000000000000000009FFFFFFFF14
:1047A000FFFFFFFF100000000000000000000000FD
:1047B00000000005FFFFFFFFFFFFFFFF800000007C
:1047C000000000000000000000000001EFFFFFFFFC
:1047D000FFFFFFFFE00000000000000000000000FD
:1047E00000000000CFFFFFFFFFFFFFFFF50000000C
:1047F0000000000000000000000000008FFFFFFF2D
:10480000FFFFFFFFFB0000000000000000000000B1
:10481000000000005FFFFFFFFFFFFFFFFF20000021
:104820000000000000000000000000002FFFFFFF5C
:10483000FFFFFFFFFF70000000000000000000000D
:10484000000000001DFFFFFFFFFFFFFFFFC0000093
:104850000000000000000000000000000BFFFFFF50
:10486000FFFFFFFFFFF2000000000000000000005B
:104870000000000009FFFFFFFFFFFFFFFFF5000042
:1048800000000000000000000000000006FFFFFF25
:10489000FFFFFFFFFFF90000000000000000000024
:1048A0000000000004FFFFFFFFFFFFFFFFFD00000F
:1048B00000000000000000000000000003FFFFFFF8
:1048C000FFFFFFFFFFFF20000000000000000000CE
:1048D0000000000001EFFFFFFFFFFFFFFFFF4000B0
:1048E00000000000000000000000000001DFFFFFEA
:1048F000FFFFFFFFFFFF800000000000000000003E
:104900000000000000CFFFFFFFFFFFFFFFFFA00040
:1049100000000000000000000000000000BFFFFFDA
:10492000FFFFFFFFFFFFC0000000000000000000CD
:1049300000000000009FFFFFFFFFFFFFFFFFE100FF
:10494000000000000000000000000000008FFFFFDA
:10495000FFFFFFFFFFFFF30000000000000000006A
:1049600000000000007FFFFFFFFFFFFFFFFFF400DC
:10497000000000000000000000000000006FFFFFCA
:10498000FFFFFFFFFFFFF700000000000000000036
:1049900000000000005FFFFFFFFFFFFFFFFFF900C7
:1049A000000000000000000000000000003FFFFFCA
:1049B000FFFFFFFFFFFFFB00000000000000000002
:1049C00000000000002EFFFFFFFFFFFFFFFFFD10B4
:1049D000000000000000000000000000001EFFFFBB
:1049E000FFFFFFFFFFFFFE200000000000000000AF
:1049F00000000000000DFFFFFFFFFFFFFFFFFF4073
:104A0000000000000000000000000000000BFFFF9D
:104A1000FFFFFFFFFFFFFF6000000000000000003D
:104A200000000000000AFFFFFFFFFFFFFFFFFFFE87
:104A3000EEEEEEEEEEEEEEEEEDCA60000007FFFFEA
:104A4000FFFFFFFFFFFFFFFFFFFFFFFFFFFFFFFF76
:104A5000FFFFFFE50003FFFFFFFFFFFFFFFFFFFF7B
:104A6000FFFFFFFFFFFFFFFFFFFFFFFFF600BFFF9E
:104A7000FFFFFFFFFFFFFFFFFFFFFFFFFFFFFFFF46
:104A8000FFFFFFFFFFF12FFFFFFFFFFFFFFFFFFF14
:104A9000FFFFFFFFFFFFFFFFFFFFFFFFFFFF65FFC0
:104AA000FFFFFFFFFFFFFFFFFFFFFFFFFFFFFFFF16
:104AB000FFFFFFFFFFFFF94FFFFFFFFFFFFFFFFFBC
:104AC000FFFFFFFFFFFFFFFFFFFFFFFFFFFFFFB342
:104AD000FFFFFFFFFFFFFFFFFFFFFFFFFFFFFFFFE6
:104AE000FFFFFFFFFFFFFFF90FFFFFFFFFFFFFFFCC
:104AF000FFFFFFFFFFFFFFFFFFFFFFFFFFFFFFFFC6
:104B000050BFFFFFFFFFFFFFFFFFFFFFFFFFFFFFA4
:104B1000FFFFFFFFFFFFFFFFF103FFFFFFFFFFFFAF
:104B2000FFFFFFFFFFFFFFFFFFFFFFFFFFFFFFFF95
:104B3000F70004EFFFFFFFFFFFFFFFFFFFFFFFFF97
:104B4000FFFFFFFFFFFFFFFFF80000017BEFFFFF0C
:104B5000FFFFFFFFFFFFFFFFFFFFFFFFFFFFFFFD67
:104B6000930000000000000000000000000013445B
:104B70003100000000000000000000000000000004
:104B8000000000000049BEFFFFFFFDA6200000005E
:104B900000000000000000000000000017CFFFFF31
:104BA000FFFFFFFFFFFC60000000000000000000AE
:104BB000000000004AFFFFFFFFFFFFFFFFFFFFFEB7
:104BC0006000000000000000000000002BFFFFFF5D
:104BD000FFFFFFFFFFFFFFFFFFFC100000000000D2
:104BE0000000000008FFFFFFFFFFFFFFFFFFFFFFC8
:104BF000FFFFFFE3000000000000000001CFFFFF07
:104C0000FFFFFFFFFFFFFFFFFFFFFFFFFF30000081
:104C100000000000002DFFFFFFFFFFFFFFFFFFFF71
:104C2000FFFFFFFFFFFFE200000000000000DFFFCA
:104C3000FFFFFFFFFFFFFFFFFFFFFFFFFFFFFFFC87
:104C40000000000000000AFFFFFFFFFFFFFFFFFF63
:104C5000FFFFFFFFFFFFFFFFFF7000000000005F8E
:104C6000FFFFFFFFFFFFFFFFFFFFFFFFFFFFFFFF54
:104C7000FFFFE10000000000DFFFFFFFFFFFFFFF7D
:104C8000FFFFFFFFFFFFFFFFFFFFFFF70000000038
:104C900006FFFFFFFFFFFFFFFFFFFFFFFFFFFFFF1D
:104CA000FFFFFFFFFE000000000CFFFFFFFFFFFF04
:104CB000FFFFFFFFFFFFFFFFFFFFFFFFFFFF4000C2
:104CC00000001FFFFFFFFFFFFFFFFFA510014AFFCE
:104CD000FFFFFFFFFFFFFF900000006FFFFFFFFFE0
:104CE000FFFFFFA1000000003EFFFFFFFFFFFFFFEF
:104CF000D00000007FFFFFFFFFFFFFF60000000075
:104D00000003FFFFFFFFFFFFFFF10000005FFFFF59
:104D1000FFFFFFFF50000000000000AFFFFFFFFF9C
:104D2000FFFFF40000002FFFFFFFFFFFF600000071
:104D3000000000004FFFFFFFFFFFFFF60000000D27
:104D4000FFFFFFFFFFA0000000000000001FFFFFAB
:104D5000FFFFFFFFF500000006FFFFFFFFFC000064
:104D60000000000000000FFFFFFFFFFFFFF3000047
:104D70000000BFFFFFFFC100000000000000002F87
:104D8000FFFFFFFFFFFFF10000000008FFFFE7004B
:104D900000000000000000006FFFFFFFFFFFFFE0CA
:104DA00000000000000343000000000000000000BD
:104DB00000CFFFFFFFFFFFFF90000000000000009A
:104DC00000000000000000000006FFFFFFFFFFFFE3
:104DD000FF40000000000000000000000000000094
:104DE00000006FFFFFFFFFFFFFFE0000000000005C
:104DF000000000000000000000001AFFFFFFFFFF9E
:104E0000FFFFF700000000000000000000000000AD
:104E100000004AFFFFFFFFFFFFFFFFE00000000070
:104E200000000000000000000005BFFFFFFFFFFFC3
:104E3000FFFFFFFF50000000000000000000000026
:104E40000005EFFFFFFFFFFFFFFFFFFFF90000007E
:104E5000000000000000000000007FFFFFFFFFFFD8
:104E6000FFFFFFFFFFB00000000000000000000097
:104E7000000003FFFFFFFFFFFFFFFFFFFFFA00003F
:104E800000000000000000000000000BFFFFFFFF1B
:104E9000FFFFFFFFFFFF8000000000000000000098
:104EA000000000000FFFFFFFFFFFFFFFFFFFF90003
:104EB000000000000000000000000000000FFFFFE5
:104EC000FFFFFFFFFFFFFFFFC30000000000000027
:104ED0000000000000000FFFFFFFFFFFFFFFFFFFCC
:104EE000FFFF900000000000000000000000000C28
:104EF000FFFFFFFFFFFFFFFFFFFFFFFC20000000A1
:104F0000000000000000000006FFFFFFFFFFFFFFA2
:104F1000FFFFFFFFFFE200000000000000000000B4
:104F20000000CFFFFFFFFFFFFFFFFFFFFFFFFE209F
:104F300000000000000000000000001BFFFFFFFF5A
:104F4000FFFFFFFFFFFFFFFFD10000000000000098
:104F500000000000005CFFFFFFFFFFFFFFFFFFFFFF
:104F6000FFFB000000000000000000000000001532
:104F70009CFFFFFFFFFFFFFFFFFFFF60000000003F
:104F80000000000000000000000005AFFFFFFFFF71
:104F9000FFFFFFFFE0000000000000000000000035
:104FA0000000000002CFFFFFFFFFFFFFFFF7000040
:104FB000000000000000000000000000000009FFE9
:104FC000FFFFFFFFFFFFFE000000000000000000E9
:104FD0000000000000000000BFFFFFFFFFFFFFFF19
:104FE0004000000000000000000000000000000081
:104FF000002FFFFFFFFFFFFFFF8000000001000008
:10500000000000000000000000000BFFFFFFFFFF9A
:10501000FFFFD0000039DFF90000000000000000B1
:1050200000000007FFFFFFFFFFFFFFF0002CFFFF66
:10503000FFC10000000000000000000005FFFFFFAE
:10504000FFFFFFFFF203FFFFFFFFFC000000000077
:10505000000000000005FFFFFFFFFFFFFFF40EFF51
:10506000FFFFFFFF8000000000000000000007FFBE
:10507000FFFFFFFFFFFFF46FFFFFFFFFFFF30000E5
:10508000000000000000000AFFFFFFFFFFFFFFF12C
:10509000BFFFFFFFFFFFFD00000000000000000059
:1050A0000EFFFFFFFFFFFFFFF0DFFFFFFFFFFFFF30
:1050B0009000000000000000004FFFFFFFFFFFFF17
:1050C000FFB0AFFFFFFFFFFFFFF700000000000091
:1050D0000000CFFFFFFFFFFFFFFF806FFFFFFFFF1D
:1050E000FFFFFF8000000000000007FFFFFFFFFF41
:1050F000FFFFFF302FFFFFFFFFFFFFFFFB10000050
:105100000000007FFFFFFFFFFFFFFFFE000DFFFF1E
:10511000FFFFFFFFFFFFF8200000004BFFFFFFFF36
:10512000FFFFFFFFF90007FFFFFFFFFFFFFFFFFF8C
:10513000FDA989BEFFFFFFFFFFFFFFFFFFF2000198
:10514000FFFFFFFFFFFFFFFFFFFFFFFFFFFFFFFF6F
:10515000FFFFFFFFFFFFB000008FFFFFFFFFFFFF1C
:10516000FFFFFFFFFFFFFFFFFFFFFFFFFFFFFF301E
:1051700000000EFFFFFFFFFFFFFFFFFFFFFFFFFF2E
:10518000FFFFFFFFFFFFFFF900000004FFFFFFFF2D
:10519000FFFFFFFFFFFFFFFFFFFFFFFFFFFFFFFF1F
:1051A000D0000000008FFFFFFFFFFFFFFFFFFFFFAA
:1051B000FFFFFFFFFFFFFFFFFF20000000000AFFCF
:1051C000FFFFFFFFFFFFFFFFFFFFFFFFFFFFFFFFEF
:1051D000FFF40000000000009FFFFFFFFFFFFFFF44
:1051E000FFFFFFFFFFFFFFFFFFFE3000000000009A
:1051F0000006FFFFFFFFFFFFFFFFFFFFFFFFFFFFB7
:10520000FFFFC100000000000000002BFFFFFFFFB8
:10521000FFFFFFFFFFFFFFFFFFFFE60000000000B2
:1052200000000000003BFFFFFFFFFFFFFFFFFFFF4D
:10523000FFFFE71000000000000000000000002752
:10524000CFFFFFFFFFFFFFFFFFFEA40000000000F5
:1052500000000000000000000000479BDEFFFFFE92
:10526000CA852000000000000000000000000000CF
:10527000000000000000000000017BDFFEDB830077
:10528000000000000000000000000000000000001E
:10529000000000001AFFFFFFFFFFFC4000000000BD
:1052A0000000000000000000000000000000003EC0
:1052B000FFFFFFFFFFFFFF80000000000000000075
:1052C000000000000000000000002FFFFFFFFFFFB4
:1052D000FFFFFF8000000000000000000000000051
:1052E00000000000000DFFFFFFFFFFFFFFFFFF506A
:1052F00000000000000000000000000000000000AE
:1053000006FFFFFFFFFFFFFFFFFFFD0000000000A3
:10531000000000000000000000000001EFFFFFFFA0
:10532000FFFFFFFFFFFFF40000000000000000008F
:10533000000000000000008FFFFFFFFFFFFFFFFFE6
:10534000FFFF9000000000000000000000000000CF
:1053500000002FFFFFFFFFFFFFFFFFFFFFFD00002B
:10536000000000000000000000000000000AFFFF35
:10537000FFFFFFFFFFFFFFFFFFF000000000000046
:10538000000000000000000003FFFFFFFFFFFFFF21
:10539000FFFFFFFFFF2000000000000000000000F2
:1053A00000000000CFFFFFFFFFFFFFFFFFFFFFFF39
:1053B000F300000000000000000000000000005F9B
:1053C000FFFFFFFFFFFFFFFFFFFFFFFF40000000A9
:1053D000000000000000000000000DFFFFFFFFFFC5
:1053E000FFFFFFFFFFFFFFF40000000000000000D0
:1053F000000000000007FFFFFFFFFFFFFFFFFFFFB0
:10540000FFFFFF400000000000000000000000005F
:1054100001EFFFFFFFFFFF9FFFFFFFFFFFFFF40014
:105420000000000000000000000000008FFFFFFFF0
:10543000FFFFD3FFFFFFFFFFFFFF40000000000062
:10544000000000000000002FFFFFFFFFFFF53FFFFF
:10545000FFFFFFFFFFF4000000000000000000005D
:1054600000000AFFFFFFFFFFFD03FFFFFFFFFFFF3D
:10547000FF40000000000000000000000003FFFFEC
:10548000FFFFFFFF603FFFFFFFFFFFFFF400000093
:10549000000000000000000000CFFFFFFFFFFFE062
:1054A00003FFFFFFFFFFFFFF4000000000000000C0
:1054B000000000005FFFFFFFFFFFF6003FFFFFFF60
:1054C000FFFFFFF400000000000000000000000DDE
:1054D000FFFFFFFFFFFE0003FFFFFFFFFFFFFF4097
:1054E0000000000000000000000007FFFFFFFFFFBA
:1054F000FF70003FFFFFFFFFFFFFF4000000000010
:10550000000000000001FFFFFFFFFFFFE00003FFBE
:10551000FFFFFFFFFFFF4000000000000000000051
:10552000009FFFFFFFFFFFF800003FFFFFFFFFFFAF
:10553000FFF4000000000000000000002FFFFFFF4C
:10554000FFFFFF100003FFFFFFFFFFFFFF40000012
:10555000000000000000000BFFFFFFFFFFFF8000C6
:10556000003FFFFFFFFFFFFFF4000000000000000E
:10557000000003FFFFFFFFFFFFF1000003FFFFFF3D
:10558000FFFFFFFF40000000000000000000CFFF11
:10559000FFFFFFFFF90000003FFFFFFFFFFFFFF4E9
:1055A0000000000000000000005FFFFFFFFFFFFFA2
:1055B00020000003FFFFFFFFFFFFFF40000000008F
:1055C000000000000EFFFFFFFFFFFFA00000003FF4
:1055D000FFFFFFFFFFFFF4000000000000000007D6
:1055E000FFFFFFFFFFFFF200000003FFFFFFFFFFD1
:1055F000FFFF400000000000000001FFFFFFFFFF71
:10560000FFFA000000003FFFFFFFFFFFFFF4000074
:105610000000000000009FFFFFFFFFFFFF300000C1
:105620000003FFFFFFFFFFFFFF400000000000003E
:10563000002FFFFFFFFFFFFFB0000000003FFFFF54
:10564000FFFFFFFFF4000000000000000BFFFFFF62
:10565000FFFFFFF40000000003FFFFFFFFFFFFFF5D
:105660004000000000000004FFFFFFFFFFFFFC0000
:10567000000000003FFFFFFFFFFFFFF400000000FD
:10568000000000CFFFFFFFFFFFFF4000000000030E
:10569000FFFFFFFFFFFFFF400000000000006FFF63
:1056A000FFFFFFFFFFC000000000003FFFFFFFFF04
:1056B000FFFFF40000000000000EFFFFFFFFFFFFF0
:1056C000F5000000000003FFFFFFFFFFFFFF4000A9
:1056D0000000000007FFFFFFFFFFFFFD00000000CC
:1056E00000003FFFFFFFFFFFFFF40000000000018C
:1056F000FFFFFFFFFFFFFF60000000000003FFFF50
:10570000FFFFFFFFFF4000000000009FFFFFFFFFC3
:10571000FFFFFFFFFFFFFFFFFFFFFFFFFFFFFFFF99
:10572000FFFDA40000002FFFFFFFFFFFFFFFFFFFB3
:10573000FFFFFFFFFFFFFFFFFFFFFFFFFFFFFC106B
:10574000000BFFFFFFFFFFFFFFFFFFFFFFFFFFFF5C
:10575000FFFFFFFFFFFFFFFFFFFFFE1006FFFFFF42
:10576000FFFFFFFFFFFFFFFFFFFFFFFFFFFFFFFF49
:10577000FFFFFFFFFFFFFB00EFFFFFFFFFFFFFFF4C
:10578000FFFFFFFFFFFFFFFFFFFFFFFFFFFFFFFF29
:10579000FFFFF35FFFFFFFFFFFFFFFFFFFFFFFFFC5
:1057A000FFFFFFFFFFFFFFFFFFFFFFFFFFFF97FF71
:1057B000FFFFFFFFFFFFFFFFFFFFFFFFFFFFFFFFF9
:1057C000FFFFFFFFFFFFFFFFFFFC6FFFFFFFFFFF7C
:1057D000FFFFFFFFFFFFFFFFFFFFFFFFFFFFFFFFD9
:1057E000FFFFFFFFFFB4FFFFFFFFFFFFFFFFFFFF14
:1057F000FFFFFFFFFFFFFFFFFFFFFFFFFFFFFFFFB9
:10580000F80FFFFFFFFFFFFFFFFFFFFFFFFFFFFF9F
:10581000FFFFFFFFFFFFFFFFFFFFFFFF209FFFFFD7
:10582000FFFFFFFFFFFFFFFFFFFFFFFFFFFFFFFF88
:10583000FFFFFFFFFFFFFFA000CFFFFFFFFFFFFF06
:10584000FFFFFFFFFFFFFFFFFFFFFFFFFFFFFFFF68
:10585000FFFFC000007DFFFFFFFFFFFFFFFFFFFF17
:10586000FFFFFFFFFFFFFFFFFFFFFFFFFE700000D6
:10587000000134444444444444444444444446FFC2
:10588000FFFFFFFFFFFF7442000000000000000068
:10589000000000000000000000003FFFFFFFFFFFCE
:1058A000FFF4000000000000000000000000000005
:1058B000000000000003FFFFFFFFFFFFFF400000AC
:1058C00000000000000000000000000000000000D8
:1058D000003FFFFFFFFFFFFFF4000000000000009B
:1058E00000000000000000000000000003FFFFFFB8
:1058F000FFFFFFFF4000000000000000000000006C
:1059000000000000000000003FFFFFFFFFFFFFF46A
:105910000000000000000000000000000000000087
:1059200000000003FFFFFFFFFFFFFF40000000003B
:105930000000000000000000000000000000003F28
:10594000FFFFFFFFFFFFF400000000000000000069
:105950000000000000000000000003FFFFFFFFFF49
:10596000FFFF4000000000000000000000000000F9
:105970000000000000002FFFFFFFFFFFFFF300000B
:105980000000000000000000000000000000000017
:105990000002FFFFFFFFFFFFFF20000000000000EC
:1059A000000000000000000000000000000FFFFFEA
:1059B000FFFFFFFFE000000000000000000000000B
:1059C000000000000000000000BFFFFFFFFFFFF924
:1059D00000000000000000000000000000000000C7
:1059E0000000000003FFFFFFFFFFFE1000000000AB
:1059F00000000000000000000000000000000000A7
:105A000005FFFFFFFFFD2000000000000000000078
:105A1000000000000000000000000000017CEFFE1C
:105A2000B6000000000000000000000000000000C0
:105A30000000000000000000000000000000000066
:105A40000000000000000455555555555555555555
:105A500055555554310000000000000000008FFF34
:105A6000FFFFFFFFFFFFFFFFFFFFFFFFFFFD7000D6
:105A7000000000000000CFFFFFFFFFFFFFFFFFFF60
:105A8000FFFFFFFFFFFFFFC10000000000008FFFCE
:105A9000FFFFFFFFFFFFFFFFFFFFFFFFFFFFFFFF16
:105AA000B000000000001FFFFFFFFFFFFFFFFFFF30
:105AB000FFFFFFFFFFFFFFFFFF300000000007FFB9
:105AC000FFFFFFFFFFFFFFFFFFFFFFFFFFFFFFFFE6
:105AD000FFF80000000000BFFFFFFFFFFFFFFFFF18
:105AE000FFFFFFFFFFFFFFFFFFFFB0000000000F01
:105AF000FFFFFFFFFFFFFFFFFFFFFFFFFFFFFFFFB6
:105B0000FFFFFA0000000001FFFFFFFFFFFFFFFFA4
:105B1000FFFFFFFFFFFFFFFFFFFFFF800000000010
:105B20003FFFFFFFFFFFFFFFFFFFFFFFFFFFFFFF45
:105B3000FFFFFFF40000000005FFFFFFFFFFFFFF76
:105B4000FFFFFFFFFFFFFFFFFFFFFFFD0000000063
:105B5000007FFFFFFFFFFFFFFFFFFFFFFFFFFFFFD4
:105B6000FFFFFFFF400000000009FFFFFFFFFFFFF6
:105B7000FFFFFFFFFFFFFFFFFFFFFFFF60000000D1
:105B80000000BFFFFFFFFFFFFFFFFFFFFFFFFFFF63
:105B9000FFFFFFD92000000000000EFFFFFFFFFF06
:105BA000FFE0000000000000000000000000000016
:105BB000000000FFFFFFFFFFFFFC000000000000EF
:105BC00000000000000000000000002FFFFFFFFFAA
:105BD000FFFFA00000000000000000000000000027
:105BE00000000004FFFFFFFFFFFFF70000000000C0
:105BF0000000000000000000000000006FFFFFFF39
:105C0000FFFFFF5000000000000000000000000047
:105C10000000000008FFFFFFFFFFFFF20000000090
:105C200000000000000000000000000000AFFFFFC7
:105C3000FFFFFFFF00000000000000000000000068
:105C400000000000000CFFFFFFFFFFFFE00000006E
:105C50000000000000000000000000000000EFFF56
:105C6000FFFFFFFFFB00000000000000000000003D
:105C70000000000000000FFFFFFFFFFFFF9000008B
:105C8000122000000000000000000000000002FFE1
:105C9000FFFFFFFFFFFB8ACDFFFFFDB730000000D5
:105CA000000000000000005FFFFFFFFFFFFFFFFF9D
:105CB000FFFFFFFFFFE930000000000000000007C9
:105CC000FFFFFFFFFFFFFFFFFFFFFFFFFFFFFFB330
:105CD00000000000000000009FFFFFFFFFFFFFFF2C
:105CE000FFFFFFFFFFFFFFFFFA00000000000000C2
:105CF0000BFFFFFFFFFFFFFFFFFFFFFFFFFFFFFFA8
:105D0000FFFD30000000000000DFFFFFFFFFFFFF8E
:105D1000FFFFFFFFFFFFFFFFFFFFFF40000000004E
:105D2000000FFFFFFFFFFFFFFFFFFFFFFFFFFFFF72
:105D3000FFFFFFFF300000000000FFFFFFFFFFFF3D
:105D4000FFFFFFFFFFFFFFFFFFFFFFFFFE10000051
:105D500000000FFFFFFFFFFFFFFFFFFFFFFFFFFF41
:105D6000FFFFFFFFFFFB0000000000FFFFFFFFFF42
:105D7000FFFFFFFFFFFFFFFFFFFFFFFFFFFFF4003D
:105D80000000000FFFFFFFFFFFFFFFFFFFFFFFFF10
:105D9000FFFFFFFFFFFFFFD000000000BFFFFFFF7E
:105DA000FFFFFFFFFFFFFFFFFFFFFFFFFFFFFFFF03
:105DB0005000000004FFFFFFFFFFFFA52000159F1C
:105DC000FFFFFFFFFFFFFFFFFB0000000008FFFFDA
:105DD000FFFFD600000000001AFFFFFFFFFFFFFFDC
:105DE000FFF10000000005BFFFEA500000000000C6
:105DF0000009FFFFFFFFFFFFFFFF60000000000042
:105E0000000000000000000000000CFFFFFFFFFF8B
:105E1000FFFFFA000000000000000000000000008A
:105E20000000003FFFFFFFFFFFFFFFE0000000005A
:105E3000000000000000000000000000CFFFFFFF96
:105E4000FFFFFFFF10000000000000000000000046
:105E50000000000008FFFFFFFFFFFFFFF40000004D
:105E6000000000000000000000000000004FFFFFE5
:105E7000FFFFFFFFFF6000000000000000000000C7
:105E8000000000000003FFFFFFFFFFFFFFF800001E
:105E900000000000000000000000000000001FFFE4
:105EA000FFFFFFFFFFFF8000000000000000000078
:105EB00000000000000002FFFFFFFFFFFFFFF700F0
:105EC0000000000000000000000000000000004F83
:105ED000FFFFFFFFFFFFFF60000000000000000069
:105EE0000000000000000006FFFFFFFFFFFFFFF5BE
:105EF00000000000000000000000000000000000A2
:105F0000AFFFFFFFFFFFFFFF3000000000000000B9
:105F100000000000000000000EFFFFFFFFFFFFFF7A
:105F2000F100000000000000000000000000000080
:105F300002FFFFFFFFFFFFFFFE000000478300009E
:105F40000000000000000000008FFFFFFFFFFFFFC8
:105F5000FFB00007EFFFFC30000000000000000071
:105F6000000EFFFFFFFFFFFFFFF8000BFFFFFFFF2B
:105F700090000000000000000007FFFFFFFFFFFF90
:105F8000FFFF400AFFFFFFFFFFE4000000000000EA
:105F90000002FFFFFFFFFFFFFFFFF002FFFFFFFF19
:105FA000FFFFFB10000000000002EFFFFFFFFFFFFC
:105FB000FFFFFB008FFFFFFFFFFFFFFF92000000CE
:105FC0000004EFFFFFFFFFFFFFFFFF500BFFFFFF8E
:105FD000FFFFFFFFFFFB6200016BFFFFFFFFFFFF03
:105FE000FFFFFFE000DFFFFFFFFFFFFFFFFFFFFFFF
:105FF000EFFFFFFFFFFFFFFFFFFFFFF8000BFFFFBB
:10600000FFFFFFFFFFFFFFFFFFFFFFFFFFFFFFFFA0
:10601000FFFFFFFE10007FFFFFFFFFFFFFFFFFFFFF
:10602000FFFFFFFFFFFFFFFFFFFFFFFF700001FF0C
:10603000FFFFFFFFFFFFFFFFFFFFFFFFFFFFFFFF70
:10604000FFFFFFFFC0000009FFFFFFFFFFFFFFFF93
:10605000FFFFFFFFFFFFFFFFFFFFFFFFF20000005A
:106060001DFFFFFFFFFFFFFFFFFFFFFFFFFFFFFF22
:10607000FFFFFFFFF4000000002EFFFFFFFFFFFF08
:10608000FFFFFFFFFFFFFFFFFFFFFFFFF500000027
:1060900000002DFFFFFFFFFFFFFFFFFFFFFFFFFFE0
:1060A000FFFFFFFFF400000000000009FFFFFFFFFB
:1060B000FFFFFFFFFFFFFFFFFFFFFFFFC20000002A
:1060C0000000000003BFFFFFFFFFFFFFFFFFFFFF18
:1060D000FFFFFFFE7000000000000000000028EF3E
:1060E000FFFFFFFFFFFFFFFFFFFFFFE810000000C3
:1060F000000000000000000037BEFFFFFFFFFFFFB1
:10610000FFFFE95000000000000000000000000058
:10611000000002479BDEFFEECA8520000000000061
:10612000000000000000000000000000000000006F
:1061300000000357610000000000000000000000A4
:1061400000000000000000000000000AFFFFF9103E
:10615000000000000000000000000000000000003F
:10616000000000001CFFFFFFFE40000000000000D8
:10617000000000000000000000000000001DFFFF04
:10618000FFFFFF30000000000000000000000000E2
:106190000000000000001DFFFFFFFFFFFE000000E9
:1061A0000000000000000000000000000000000CE3
:1061B000FFFFFFFFFFFFF7000000000000000000EE
:1061C00000000000000000000BFFFFFFFFFFFFFFCB
:1061D000D0000000000000000000000000000000EF
:1061E000000AFFFFFFFFFFFFFFFF1000000000009D
:1061F0000000000000000000000008FFFFFFFFFF9C
:10620000FFFFFFF0000000000000000000000000A1
:1062100000000007FFFFFFFFFFFFFFFFFA00000085
:1062200000000000000000000000000005FFFFFF6C
:10623000FFFFFFFFFFFF3000000000000000000034
:10624000000000000003FFFFFFFFFFFFFFFFFF80D4
:10625000000000000000000000000000000001EF4E
:10626000FFFFFFFFFFFFFFFFC00000000000000076
:106270000000000000000000CFFFFFFFFFFFFFFF56
:10628000FFD100000000000000000000000000003E
:10629000009FFFFFFFFFFFFFFFFFE2000000000085
:1062A000000000000000000000006FFFFFFFFFFF84
:1062B000FFFFFFF4000000000000000000000000ED
:1062C0000000002FFFFFFFFFFFFFFFFFF5000000B2
:1062D0000000000000000000000000000DFFFFFFB4
:1062E000FFFFFFFFFFF800000000000000000000BB
:1062F000000000000009FFFFFFFFFFFFFFFFFA00A3
:10630000000000000000000000000000000005FF89
:10631000FFFFFFFFFFFFFFFB000000000000000089
:106320000000000000000001EFFFFFFFFFFFFFFF84
:10633000FD00000000000000000000000000000060
:1063400000BFFFFFFFFFFFFFFFFE10000000000087
:10635000000000000000000000005FFFFFFFFFFFE3
:10636000FFFFFF3000000000000000000000000000
:106370000000001EFFFFFFFFFFFFFFFF40000000C7
:106380000000000000000000000000000AFFFFFF06
:10639000FFFFFFFFFF700000000000000000000092
:1063A000000000000003FFFFFFFFFFFFFFFFA00052
:1063B000000000000000000000000000000000CF0E
:1063C000FFFFFFFFFFFFFFC0000000000000000014
:1063D00000000000000000006FFFFFFFFFFFFFFF55
:1063E000E46ADEFEC9620000000000000000000058
:1063F000000EFFFFFFFFFFFFFFFFFFFFFFFFFFFD9F
:106400008200000000000000000007FFFFFFFFFF08
:10641000FFFFFFFFFFFFFFFFFFFFFB30000000005B
:1064200000000000EFFFFFFFFFFFFFFFFFFFFFFF88
:10643000FFFFFFFFFFA1000000000000007FFFFF43
:10644000FFFFFFFFFFFFFFFFFFFFFFFFFFFFFFE477
:106450000000000000000EFFFFFFFFFFFFFFFFFF37
:10646000FFFFFFFFFFFFFFFFFFF60000000000053A
:10647000FFFFFFFFFFFFFFFFFFFFFFFFFFFFFFFF2C
:10648000FFFFFFF60000000000CFFFFFFFFFFFFF50
:10649000FFFFFFFFFFFFFFFFFFFFFFFFFFF4000015
:1064A00000003FFFFFFFFFFFFFFFFFFFFFFFFFFFBA
:1064B000FFFFFFFFFFFFFFF100000009FFFFFFFFED
:1064C000FFFFFFFFFFFFFFFFFFFFFFFFFFFFFFFFDC
:1064D000FFB0000000EFFFFFFFFFFFFFFFFFFFFF28
:1064E000FFFFFFFFFFFFFFFFFFFFFF5000004FFF19
:1064F000FFFFFFFFFFFFFFFFFFFFFFFFFFFFFFFFAC
:10650000FFFFFFFFFD000009FFFFFFFFFFFFFFFF91
:10651000FFFFB868AFFFFFFFFFFFFFFFFFFFF500C2
:1065200000EFFFFFFFFFFFFFFFFFE500000005DFBB
:10653000FFFFFFFFFFFFFFFFC0002FFFFFFFFFFF79
:10654000FFFFFFA000000000009FFFFFFFFFFFFF15
:10655000FFFF2006FFFFFFFFFFFFFFFFA00000007F
:106560000000008FFFFFFFFFFFFFFFF7009FFFFF0F
:10657000FFFFFFFFFFD000000000000000BFFFFF93
:10658000FFFFFFFFFFC00DFFFFFFFFFFFFFFF50055
:1065900000000000000002FFFFFFFFFFFFFFFF0001
:1065A000FFFFFFFFFFFFFFFE0000000000000000F4
:1065B0000AFFFFFFFFFFFFFFF32FFFFFFFFFFFFFBC
:1065C000FFA000000000000000005FFFFFFFFFFFD2
:1065D000FFFF64FFFFFFFFFFFFFFF600000000006A
:1065E00000000001FFFFFFFFFFFFFFF95FFFFFFF5C
:1065F000FFFFFFFF4000000000000000000EFFFF53
:10660000FFFFFFFFFFB7FFFFFFFFFFFFFFF20000ED
:1066100000000000000000CFFFFFFFFFFFFFFD6F45
:10662000FFFFFFFFFFFFFF30000000000000000041
:106630000CFFFFFFFFFFFFFFD5FFFFFFFFFFFFFF87
:10664000F4000000000000000000FFFFFFFFFFFF5C
:10665000FFFB3FFFFFFFFFFFFFFF70000000000098
:106660000000002FFFFFFFFFFFFFFF90FFFFFFFF76
:10667000FFFFFFFB000000000000000006FFFFFF1F
:10668000FFFFFFFFF60EFFFFFFFFFFFFFFF0000021
:10669000000000000000CFFFFFFFFFFFFFFF20AF63
:1066A000FFFFFFFFFFFFFF70000000000000004F32
:1066B000FFFFFFFFFFFFFFF006FFFFFFFFFFFFFFF2
:1066C000FF200000000000001DFFFFFFFFFFFFFF95
:1066D000FA002FFFFFFFFFFFFFFFFD20000000007B
:1066E000001CFFFFFFFFFFFFFFFF6000DFFFFFFF5A
:1066F000FFFFFFFFFE60000000006EFFFFFFFFFFD7
:10670000FFFFFFF10007FFFFFFFFFFFFFFFFFFEAB3
:1067100075557AEFFFFFFFFFFFFFFFFFFA00001F35
:10672000FFFFFFFFFFFFFFFFFFFFFFFFFFFFFFFF79
:10673000FFFFFFFFFFFF3000009FFFFFFFFFFFFF96
:10674000FFFFFFFFFFFFFFFFFFFFFFFFFFFFFFB0A8
:10675000000001FFFFFFFFFFFFFFFFFFFFFFFFFF45
:10676000FFFFFFFFFFFFFFFFF300000007FFFFFF3A
:10677000FFFFFFFFFFFFFFFFFFFFFFFFFFFFFFFF29
:10678000FFF8000000000CFFFFFFFFFFFFFFFFFF0F
:10679000FFFFFFFFFFFFFFFFFFFFFC000000000007
:1067A0001EFFFFFFFFFFFFFFFFFFFFFFFFFFFFFFDA
:1067B000FFFFFFFE2000000000002EFFFFFFFFFF95
:1067C000FFFFFFFFFFFFFFFFFFFFFFFFFE300000A7
:1067D000000000003EFFFFFFFFFFFFFFFFFFFFFF86
:1067E000FFFFFFFFFFFE20000000000000001BFF76
:1067F000FFFFFFFFFFFFFFFFFFFFFFFFFFFFFB109C
:10680000000000000000000006EFFFFFFFFFFFFF99
:10681000FFFFFFFFFFFFFFE6000000000000000099
:106820000000007EFFFFFFFFFFFFFFFFFFFFFFFEF7
:106830007000000000000000000000000004AEFF37
:10684000FFFFFFFFFFFFFFFEA400000000000000AD
:1068500000000000000000000258BCEFFFFFECA8A1
:106860005200000000000000000000028CEFFFFF5B
:10687000FFFFFFFFFFFFFFFFFFFFFFFFFFFFFFFF28
:10688000FDA30000007FFFFFFFFFFFFFFFFFFFFFF3
:10689000FFFFFFFFFFFFFFFFFFFFFFFF900006FF6F
:1068A000FFFFFFFFFFFFFFFFFFFFFFFFFFFFFFFFF8
:1068B000FFFFFFFFFFFFFA000EFFFFFFFFFFFFFFDD
:1068C000FFFFFFFFFFFFFFFFFFFFFFFFFFFFFFFFD8
:1068D000FF403FFFFFFFFFFFFFFFFFFFFFFFFFFF47
:1068E000FFFFFFFFFFFFFFFFFFFFFFB06FFFFFFF97
:1068F000FFFFFFFFFFFFFFFFFFFFFFFFFFFFFFFFA8
:10690000FFFFFFFFFFF16FFFFFFFFFFFFFFFFFFF35
:10691000FFFFFFFFFFFFFFFFFFFFFFFFFFFFFFF492
:106920005FFFFFFFFFFFFFFFFFFFFFFFFFFFFFFF17
:10693000FFFFFFFFFFFFFFFFFFF32FFFFFFFFFFF43
:10694000FFFFFFFFFFFFFFFFFFFFFFFFFFFFFFFF57
:10695000FFFFFFF00EFFFFFFFFFFFFFFFFFFFFFF47
:10696000FFFFFFFFFFFFFFFFFFFFFFFFFFB006FF7F
:10697000FFFFFFFFFFFFFFFFFFFFFFFFFFFFFFFF27
:10698000FFFFFFFFFFFFFF50009FFFFFFFFFFFFF25
:10699000FFFFFFFFFFFFFFFFFFFFFFFFFFFFFFFF07
:1069A000FE000004CFFFFFFFFFFFFFFFFFFFFFFF21
:1069B000FFFFFFFFFFFFFFFFFFFFF60000000034B7
:1069C0005555555555555555555555555DFFFFFF71
:1069D000FFFFFFFFE00000000000000000000000DB
:1069E0000000000000004FFFFFFFFFFFFFFF6000FF
:1069F0000000000000000000000000000000000097
:106A0000CFFFFFFFFFFFFFFE0000000000000000BF
:106A100000000000000000000004FFFFFFFFFFFF78
:106A2000FFF7000000000000000000000000000070
:106A30000000000DFFFFFFFFFFFFFFE00000000070
:106A4000000000000000000000000000005FFFFFE9
:106A5000FFFFFFFFFF7000000000000000000000CB
:106A600000000000000000DFFFFFFFFFFFFFFF004E
:106A70000000000000000000000000000000000016
:106A800006FFFFFFFFFFFFFFF8000000000000000F
:106A9000000000000000000000000EFFFFFFFFFFED
:106AA000FFFFF100000000000000000000000000F7
:106AB000000000007FFFFFFFFFFFFFFF80000000DE
:106AC0000000000000000000000000000000EFFFD8
:106AD000FFFFFFFFFFFF10000000000000000000AC
:106AE0000000000000000008FFFFFFFFFFFFFFF9AC
:106AF0000000000000000000000000000000000096
:106B0000001FFFFFFFFFFFFFFFF10000000000007C
:106B100000000000000000000000009FFFFFFFFFDA
:106B2000FFFFFF90000000000000000000000000D8
:106B30000000000001FFFFFFFFFFFFFFFF2000003C
:106B4000000000000000000000000000000009FF3D
:106B5000FFFFFFFFFFFFF900000000000000000042
:106B600000000000000000002FFFFFFFFFFFFFFFFD
:106B7000F200000000000000000000000000000023
:106B80000000AFFFFFFFFFFFFFFFA00000000000BD
:106B9000000000000000000000000003FFFFFFFFF6
:106BA000FFFFFFFF200000000000000000000000C9
:106BB00000000000000BFFFFFFFFFFFFFFFA0000D7
:106BC0000000000000000000000000000000004F76
:106BD000FFFFFFFFFFFFFFF30000000000000000C9
:106BE000000000000000000000CFFFFFFFFFFFFFDC
:106BF000FFB00000000000000000000000000000E6
:106C0000000004FFFFFFFFFFFFFFFF300000000058
:106C10000000000000000000000000000DFFFFFF6A
:106C2000FFFFFFFFFB00000000000000000000006D
:106C30000000000000005FFFFFFFFFFFFFFFF30009
:106C40000000000000000000000000000000000044
:106C5000DFFFFFFFFFFFFFFFC0000000000000009C
:106C600000000000000000000006FFFFFFFFFFFF24
:106C7000FFFF4000000000000000000000000000D6
:106C80000000000EFFFFFFFFFFFFFFFC0000000001
:106C9000000000000000000000000000007FFFFF77
:106CA000FFFFFFFFFFF400000000000000000000F5
:106CB00000000000000001EFFFFFFFFFFFFFFFC02B
:106CC00000000000000000000000000000000000C4
:106CD00008FFFFFFFFFFFFFFFF5000000000000064
:106CE000000000000000000000001FFFFFFFFFFF8A
:106CF000FFFFFD0000000000000000000000000099
:106D0000000000009FFFFFFFFFFFFFFFF5000000F6
:106D10000000000000000000000000000001FFFF74
:106D2000FFFFFFFFFFFFD000000000000000000099
:106D3000000000000000000AFFFFFFFFFFFFFFFF51
:106D400060000000000000000000000000000000E3
:106D5000002FFFFFFFFFFFFFFFFE0000000000000D
:106D60000000000000000000000000AFFFFFFFFF78
:106D7000FFFFFFF600000000000000000000000020
:106D80000000000003FFFFFFFFFFFFFFFFE0000028
:106D900000000000000000000000000000000BFFE9
:106DA000FFFFFFFFFFFFFF7000000000000000007A
:106DB00000000000000000004FFFFFFFFFFFFFFF8B
:106DC000FE000000000000000000000000000000C5
:106DD0000000CFFFFFFFFFFFFFFFF70000000000F4
:106DE000000000000000000000000004FFFFFFFFA3
:106DF000FFFFFFFFE00000000000000000000000B7
:106E000000000000000DFFFFFFFFFFFFFFFF70000D
:106E10000000000000000000000000000000005F13
:106E2000FFFFFFFFFFFFFFFF10000000000000005A
:106E3000000000000000000000DFFFFFFFFFFFFF79
:106E4000FFF800000000000000000000000000004B
:106E5000000006FFFFFFFFFFFFFFFFF10000000043
:106E60000000000000000000000000000EFFFFFF17
:106E7000FFFFFFFFFF800000000000000000000097
:106E80000000000000007FFFFFFFFFFFFFFFFF107B
:106E900000000000000000000000000000000000F2
:106EA000DFFFFFFFFFFFFFFFF90000000000000011
:106EB00000000000000000000001FFFFFFFFFFFFD7
:106EC000FFFFF100000000000000000000000000D3
:106ED00000000004FFFFFFFFFFFFFFFF9000000026
:106EE0000000000000000000000000000005FFFF9F
:106EF000FFFFFFFFFFFF1000000000000000000088
:106F00000000000000000002FFFFFFFFFFFFFFF690
:106F10000000000000000000000000000000000071
:106F20000000EFFFFFFFFFFFFFD0000000000000A8
:106F30000000000000000000000000007FFFFFFFD5
:106F4000FFFFFF3000000000000000000000000014
:106F50000000000000000BFFFFFFFFFFF600000035
:106F60000000000000000000000000000000000021
:106F700000AFFFFFFFFF5000000000000000000016
:106F80000000000000000000000000039CEFFE92E3
:106F900000000000000000000000000000000000F1
:106FA00000000000000000000000000000000000E1
:106FB00000000000000000000000000000000000D1
:106FC000000000000001243100000000000000006B
:106FD0000000000000000000000000000159CFFF89
:106FE000FFFFC95200000000000000000000000088
:106FF00000000000017CFFFFFFFFFFFFFFFD7100AD
:10700000000000000000000000000000002AFFFF58
:10701000FFFFFFFFFFFFFFFFFA200000000000005E
:107020000000000000009FFFFFFFFFFFFFFFFFFFCA
:10703000FFFFFF910000000000000000000002DFE1
:10704000FFFFFFFFFFFFFFFFFFFFFFFFFFE300006A
:107050000000000000000004FFFFFFFFFFFFFFFF34
:10706000FFFFFFFFFFFFFFF6000000000000000031
:1070700004FFFFFFFFFFFFFFFFFFFFFFFFFFFFFF1B
:10708000FFF60000000000000002EFFFFFFFFFFF1F
:10709000FFFFFFFFFFFFFFFFFFFFFFF30000000008
:1070A000000000CFFFFFFFFFFFFFFFFFFFFFFFFF1D
:1070B000FFFFFFFFFFE10000000000006FFFFFFF88
:1070C000FFFFFFFFFFFFFFFFFFFFFFFFFFFFFF903F
:1070D00000000000000EFFFFFFFFFFFFFFFFFFFFAC
:1070E000FFFFFFFFFFFFFFFFFF200000000005FF85
:1070F000FFFFFFFFFFFFFFFFFFFFFFFFFFFFFFFFA0
:10710000FFFFF90000000000BFFFFFFFFFFFFFFFD0
:10711000FFFFFFFFFFFFFFFFFFFFFFFFF00000008B
:10712000000FFFFFFFFFFFFFFFFE7310137DFFFF48
:10713000FFFFFFFFFFFF5000000005FFFFFFFFFF05
:10714000FFFFFA0000000008FFFFFFFFFFFFFFFA4C
:10715000000000008FFFFFFFFFFFFFFC00000000AA
:107160000009FFFFFFFFFFFFFFD00000000BFFFF44
:10717000FFFFFFFFFF3000000000001FFFFFFFFFC9
:10718000FFFFFF10000000DFFFFFFFFFFFFFD00049
:1071900000000000009FFFFFFFFFFFFFF300000063
:1071A0000EFFFFFFFFFFFFFA00000000000005FFD9
:1071B000FFFFFFFFFFFF50000000FFFFFFFFFFFF8B
:1071C000FF800000000000002FFFFFFFFFFFFFF522
:1071D0000000000EFFFFFFFFFFFFF80000000000AF
:1071E0000001FFFFFFFFFFFFFF30000000CFFFFFA8
:1071F000FFFFFFFF900000000000003FFFFFFFFFC8
:10720000FFFFF100000009FFFFFFFFFFFFFC000090
:107210000000000005FFFFFFFFFFFFFE0000000071
:107220005FFFFFFFFFFFFFF0000000000000AFFF67
:10723000FFFFFFFFFFA000000001FFFFFFFFFFFFB8
:10724000FF7000000000001FFFFFFFFFFFFFF500C1
:107250000000000AFFFFFFFFFFFFFE10000000001C
:107260000BFFFFFFFFFFFFFE00000000003FFFFFDE
:10727000FFFFFFFFFD200000001AFFFFFFFFFFFFE1
:10728000FF8000000000009FFFFFFFFFFFFFFFA542
:1072900032359FFFFFFFFFFFFFFFE100000000000E
:1072A00001EFFFFFFFFFFFFFFFFFFFFFFFFFFFFFFC
:1072B000FFFFFFF500000000000003FFFFFFFFFFDE
:1072C000FFFFFFFFFFFFFFFFFFFFFFFFF8000000D2
:1072D0000000000004FFFFFFFFFFFFFFFFFFFFFFB5
:1072E000FFFFFFFFFFF9000000000000000003EFB8
:1072F000FFFFFFFFFFFFFFFFFFFFFFFFFFFFF800A4
:10730000000000000000000001BFFFFFFFFFFFFFC3
:10731000FFFFFFFFFFFFFFE4000000000000000090
:1073200000002CFFFFFFFFFFFFFFFFFFFFFFFFFF3E
:10733000FF700000000000000000007FFFFFFFFF63
:10734000FFFFFFFFFFFFFFFFFFFFFFD20000000076
:1073500000000000AFFFFFFFFFFFFFFFFFFFFFFF89
:10736000FFFFFFFFFFF500000000000001CFFFFF5F
:10737000FFFFFFFFFFFFFFFFFFFFFFFFFFFFFFF725
:10738000000000000000CFFFFFFFFFFFFFFFFFFF37
:10739000FFFFFFFFFFFFFFFFFFF60000000000CF31
:1073A000FFFFFFFFFFFFFFFFFFFFFFFFFFFFFFFFED
:1073B000FFFFFFF4000000008FFFFFFFFFFFFFFF54
:1073C000FFFFFFFFFFFFFFFFFFFFFFFFFFE10000E9
:1073D000003FFFFFFFFFFFFFFFFFFA520125AFFF56
:1073E000FFFFFFFFFFFFFFB000000CFFFFFFFFFFED
:1073F000FFFFFF91000000001AFFFFFFFFFFFFFFEC
:10740000FF300005FFFFFFFFFFFFFFFF5000000000
:10741000000008FFFFFFFFFFFFFFFB0000CFFFFFA3
:10742000FFFFFFFFFF700000000000000BFFFFFFE9
:10743000FFFFFFFFF2002FFFFFFFFFFFFFFFD00066
:107440000000000000003FFFFFFFFFFFFFFF70078D
:10745000FFFFFFFFFFFFFFF500000000000000003E
:10746000CFFFFFFFFFFFFFFC00AFFFFFFFFFFFFFAE
:10747000FF000000000000000008FFFFFFFFFFFF0B
:10748000FFF00DFFFFFFFFFFFFFFC0000000000047
:107490000000004FFFFFFFFFFFFFFF30FFFFFFFF78
:1074A000FFFFFFFA000000000000000003FFFFFFE5
:1074B000FFFFFFFFF50FFFFFFFFFFFFFFF80000053
:1074C0000000000000002FFFFFFFFFFFFFFF61FF34
:1074D000FFFFFFFFFFFFF9000000000000000004B5
:1074E000FFFFFFFFFFFFFFF70FFFFFFFFFFFFFFFA4
:1074F000B000000000000000007FFFFFFFFFFFFF63
:10750000FF60EFFFFFFFFFFFFFFD00000000000036
:1075100000000BFFFFFFFFFFFFFFF40BFFFFFFFF6C
:10752000FFFFFFF10000000000000001FFFFFFFF70
:10753000FFFFFFFF209FFFFFFFFFFFFFFF70000027
:1075400000000000007FFFFFFFFFFFFFFFF005FFCF
:10755000FFFFFFFFFFFFFE000000000000001EFF16
:10756000FFFFFFFFFFFFFC001FFFFFFFFFFFFFFF0D
:10757000F90000000000000BFFFFFFFFFFFFFFFF0F
:107580008000DFFFFFFFFFFFFFFFF80000000000AB
:107590000AFFFFFFFFFFFFFFFFF30008FFFFFFFFF2
:1075A000FFFFFFFFFC300000005DFFFFFFFFFFFF5C
:1075B000FFFFFE00002FFFFFFFFFFFFFFFFFFFEBBE
:1075C000989BFFFFFFFFFFFFFFFFFFFF800000BF53
:1075D000FFFFFFFFFFFFFFFFFFFFFFFFFFFFFFFFBB
:1075E000FFFFFFFFFFF1000003FFFFFFFFFFFFFFB3
:1075F000FFFFFFFFFFFFFFFFFFFFFFFFFFFFF900A0
:10760000000009FFFFFFFFFFFFFFFFFFFFFFFFFF7E
:10761000FFFFFFFFFFFFFFFE100000001EFFFFFF48
:10762000FFFFFFFFFFFFFFFFFFFFFFFFFFFFFFFF6A
:10763000FF50000000003FFFFFFFFFFFFFFFFFFFC5
:10764000FFFFFFFFFFFFFFFFFFFF800000000000C4
:107650005FFFFFFFFFFFFFFFFFFFFFFFFFFFFFFFDA
:10766000FFFFFFA00000000000005FFFFFFFFFFF23
:10767000FFFFFFFFFFFFFFFFFFFFFFFF9000000086
:10768000000000002DFFFFFFFFFFFFFFFFFFFFFFD8
:10769000FFFFFFFFFF60000000000000000008FF88
:1076A000FFFFFFFFFFFFFFFFFFFFFFFFFFFB2000CC
:1076B0000000000000000000019FFFFFFFFFFFFF30
:1076C000FFFFFFFFFFFFA30000000000000000001D
:1076D00000000005BFFFFFFFFFFFFFFFFFFFC71018
:1076E000000000000000000000000000000003692E
:1076F000BCEFFFFFEDB963000000000000000000D8
:1077000000000000000000000000258ADEDCA74128
:107710000000000000000000000000000000000069
:10772000000059EFFFFFFFFFFFFD94000000000085
:107730000000000000000000000029EFFFFFFFFF35
:10774000FFFFFFFFFE8100000000000000000000BE
:10775000000002BFFFFFFFFFFFFFFFFFFFFFFFF97A
:10776000100000000000000000000008FFFFFFFF05
:10777000FFFFFFFFFFFFFFFFFFFF600000000000B3
:10778000000000002DFFFFFFFFFFFFFFFFFFFFFFD7
:10779000FFFFFFFFB100000000000000004FFFFFEF
:1077A000FFFFFFFFFFFFFFFFFFFFFFFFFFFFD20015
:1077B0000000000000005FFFFFFFFFFFFFFFFFFF73
:1077C000FFFFFFFFFFFFFFFFE20000000000004F90
:1077D000FFFFFFFFFFFFFFFFFFFFFFFFFFFFFFFFB9
:1077E000FFFFD100000000002FFFFFFFFFFFFFFFA2
:1077F000FFFFFFFFFFFFFFFFFFFFFFFFB0000000E5
:10780000000DFFFFFFFFFFFFFFFFFFFFFFFFFFFF79
:10781000FFFFFFFFFFFF7000000007FFFFFFFFFFFC
:10782000FFFFFFFFFFFFFFFFFFFFFFFFFFFFFFFF68
:1078300010000001FFFFFFFFFFFFFFFFFFFFFFFF43
:10784000FFFFFFFFFFFFFFFFFFF90000009FFFFFAB
:10785000FFFFFFFFFFFFFFFFFFFFFFFFFFFFFFFF38
:10786000FFFFFFF100001FFFFFFFFFFFFFFFFFFF14
:10787000FDB9BDFFFFFFFFFFFFFFFFFFFF80000718
:10788000FFFFFFFFFFFFFFFFFF820000028FFFFFF0
:10789000FFFFFFFFFFFFFE0000DFFFFFFFFFFFFF17
:1078A000FFFC10000000001BFFFFFFFFFFFFFFFFBA
:1078B000F4002FFFFFFFFFFFFFFFFB0000000000B1
:1078C0000009FFFFFFFFFFFFFFFF9006FFFFFFFF25
:1078D000FFFFFFFE100000000000000CFFFFFFFF95
:1078E000FFFFFFFD00AFFFFFFFFFFFFFFF60000096
:1078F00000000000003FFFFFFFFFFFFFFFF10EFF52
:10790000FFFFFFFFFFFFE00000000000000000BFDE
:10791000FFFFFFFFFFFFFF41FFFFFFFFFFFFFFFA3A
:10792000000000000000000006FFFFFFFFFFFFFF58
:10793000F73FFFFFFFFFFFFFFF60000000000000B8
:1079400000001FFFFFFFFFFFFFFFA5FFFFFFFFFF7F
:10795000FFFFF4000000000000000000EFFFFFFF49
:10796000FFFFFFFC7FFFFFFFFFFFFFFF2000000086
:1079700000000000000CFFFFFFFFFFFFFFD6FFFF2E
:10798000FFFFFFFFFFF3000000000000000000CF3A
:10799000FFFFFFFFFFFFFD4FFFFFFFFFFFFFFF4068
:1079A00000000000000000000EFFFFFFFFFFFFFFD0
:1079B000B1FFFFFFFFFFFFFFF60000000000000027
:1079C0000001FFFFFFFFFFFFFFF90EFFFFFFFFFFBB
:1079D000FFFFA000000000000000005FFFFFFFFFAE
:1079E000FFFFFF70BFFFFFFFFFFFFFFE0000000073
:1079F000000000000AFFFFFFFFFFFFFFF407FFFF8B
:107A0000FFFFFFFFFFF50000000000000002FFFF86
:107A1000FFFFFFFFFFFF103FFFFFFFFFFFFFFFD054
:107A200000000000000000AFFFFFFFFFFFFFFFD0DE
:107A300000EFFFFFFFFFFFFFFF90000000000000CE
:107A40007FFFFFFFFFFFFFFFF90009FFFFFFFFFFC1
:107A5000FFFFFF9000000000008FFFFFFFFFFFFF10
:107A6000FFFF50002FFFFFFFFFFFFFFFFFE620009B
:107A70000016DFFFFFFFFFFFFFFFFFF00000BFFF6B
:107A8000FFFFFFFFFFFFFFFFECCCEFFFFFFFFFFF5C
:107A9000FFFFFFFFFB000003FFFFFFFFFFFFFFFFF4
:107AA000FFFFFFFFFFFFFFFFFFFFFFFFFFFF600084
:107AB000000AFFFFFFFFFFFFFFFFFFFFFFFFFFFFCA
:107AC000FFFFFFFFFFFFFFF10000001EFFFFFFFFB2
:107AD000FFFFFFFFFFFFFFFFFFFFFFFFFFFFFFFFB6
:107AE000FA000000003FFFFFFFFFFFFFFFFFFFFF67
:107AF000FFFFFFFFFFFFFFFFFFFF40000000005FF1
:107B0000FFFFFFFFFFFFFFFFFFFFFFFFFFFFFFFF85
:107B1000FFFFFFD000000000005FFFFFFFFFFFFF3F
:107B2000FFFFFFFFFFFFFFFFFFFFFFFFF60000006B
:107B30000000004EFFFFFFFFFFFFFFFFFFFFFFFF03
:107B4000FFFFFFFFFFFE000000000000001AFFFF24
:107B5000FFFFFFFFFFFFFFFFFFFFFFFFFFFFFF70C4
:107B60000000000000000003BFFFFFFFFFFFFFFF5A
:107B7000FFFFFFFFFFFFFFFFE1000000000000002C
:107B8000000028DFFFFFFFFFFFFFFFFFFFFFFFFFFA
:107B9000FFF70000000000000000000000269CDF4E
:107BA000FEB846FFFFFFFFFFFFFFFE0000000000E2
:107BB000000000000000000000000002FFFFFFFFC7
:107BC000FFFFFFFF60000000000000000000000059
:107BD0000000000000DFFFFFFFFFFFFFFFC000000D
:107BE0000000000000000000000000000000AFFFE7
:107BF000FFFFFFFFFFFFF300000000000000000098
:107C0000000000000000008FFFFFFFFFFFFFFFF9F3
:107C10000000000000000000000000000000000064
:107C20005FFFFFFFFFFFFFFFFE10000000000000EE
:107C30000000000000000000003FFFFFFFFFFFFF0B
:107C4000FFFF5000000000000000000000000000E6
:107C500000002EFFFFFFFFFFFFFFFFA0000000005E
:107C600000000000000000000000000DFFFFFFFF0B
:107C7000FFFFFFFFE1000000000000000000000027
:107C8000000000000BFFFFFFFFFFFFFFFFF40000FD
:107C9000000000000000000000000000000AFFFFDC
:107CA000FFFFFFFFFFFFF8000000000000000000E2
:107CB00000000000000008FFFFFFFFFFFFFFFFFCC8
:107CC00000000000000000000000000000000006AE
:107CD000FFFFFFFFFFFFFFFFFE100000000000009E
:107CE000000000000000000004FFFFFFFFFFFFFF97
:107CF000FFFF400000000000000000000000000046
:107D00000003FFFFFFFFFFFFFFFFFF700000000009
:107D10000000000000000000000002EFFFFFFFFF76
:107D2000FFFFFFFFA00000000000000000000000B7
:107D300000000000DFFFFFFFFFFFFFFFFFC00000AC
:107D400000000000000000000000000000AFFFFF86
:107D5000FFFFFFFFFFFFE100000000000000000048
:107D60000000000000003FFFFFFFFFFFFFFFFFF3E9
:107D700000000000000000000000000000000009FA
:107D8000FFFFFFFFFFFFFFFFF40000000000000007
:107D9000000000000000000000BFFFFFFFFFFFFF2A
:107DA000FFF50000000000000000000000000000DF
:107DB000000009FFFFFFFFFFFFFFF70000000000CA
:107DC0000000000000000000000000005FFFFFFF57
:107DD000FFFFFFF8000000000000000000000000AE
:107DE000000000000000DFFFFFFFFFFFF9000000C0
:107DF0000000000000000000000000000000000380
:107E0000FFFFFFFFFFFA000000000000000000007D
:107E100000000000000000000003DFFFFFFFF8008B
:107E20000000000000000000000000000000000052
:107E3000000000005ADFEC8200000000000000009B
:107E40000000000000000000000010000000000022
:107E5000028DFFEA4000000008FFFFFFFFC10000A5
:107E600009FFFFFFFFFFE10005FFFFFFFFFFFFB07E
:107E700000DFFFFFFFFFFFFF402FFFFFFFFFFFFFC0
:107E8000FA06FFFFFFFFFFFFFFE07FFFFFFFFFFF9F
:107E9000FFFF07FFFFFFFFFFFFFFF04FFFFFFFFFA9
:107EA000FFFFFC01FFFFFFFFFFFFFF700BFFFFFF66
:107EB000FFFFFFF2003FFFFFFFFFFFF800006FFF33
:107EC000FFFFFFFB0000003CFFFFFFE7000000009A
:107ED00002577630000000000000000000000000A3
:107EE0000000000000000000000000000000000092
:107EF0000000000000000000000000000000000082
:107F00000000000000000000000000000000000071
:107F10000000000000000000000000000000000061
:107F20000000000000000000000000000000000051
:107F30000000000000000000000000000000000041
:107F40000000000000000000000000000000000031
:107F50000000000000000000000000000000000021
:107F60000049CDB71000000004DFFFFFFF800000D4
:107F700006FFFFFFFFFFB00003FFFFFFFFFFFF90C3
:107F800000CFFFFFFFFFFFFF201FFFFFFFFFFFFFEF
:107F9000F805FFFFFFFFFFFFFFD07FFFFFFFFFFFA1
:107FA000FFFF07FFFFFFFFFFFFFFF05FFFFFFFFF88
:107FB000FFFFFC01FFFFFFFFFFFFFF700AFFFFFF56
:107FC000FFFFFFF1001EFFFFFFFFFFF600002DFF88
:107FD000FFFFFFF600000005ADFFEC810000000090
:107FE00000000000000000000000103936480200C8
:107FF0009807C0241D4702009E0B10393149040028
:108000009B12103932480300A31910393748010078
:108010005F211039314903005C28103933490300CE
:10802000A22F8035344801FFF2361039334903005E
:10803000383E1039334903007E45901A113005004F
:10804000300000000B0001000000000000000000F4
:1080500000000200C8380408E07F040840800408DB
:10806000000000000000010830040020897A0208A6
:10807000157A02084A00010000EE05005480040849
:1080800000000000000000000000DFFFFFF400041B
:10809000FFFFFFB0000BFFFFFF20003FFFFFF900D5
:1080A00000AFFFFFF10001FFFFFFB66208FFFFFF17
:1080B000FFB00FFFFFFFFC005CCCEFFFD100000022
:1080C000DFFE10000002FFE200000007FF300000AA
:1080D000000DF4000000002F5000000000760000AA
:1080E0000000004000000000000000000000000050
:1080F000000000100C1002FE8FE6000001000100DD
:108100000000000000000000000002008880040859
:10811000E8800408F880040800000000000001085E
:1081200038040020897A0208157A0208100002003B
:10813000000000000C8104080000000000000000A6
:108140000000000000029B600000000000002FFF04
:10815000FA0000049710009FFFFF50009FFFD0001F
:10816000CFFFFFC005FFFFF700DFFFFFF10DFFFFAF
:10817000FA00CFFFFFF33FFFFFFB00AFFFFFF25F0F
:10818000FFFFF9006FFFFFF05FFFFFF7002FFFFF1A
:10819000D04FFFFFF2000DFFFFB02FFFFFD0000810
:1081A000FFFF900FFFFF8000029987400FFFFF2025
:1081B00000000000000689A9000000699A40000044
:1081C00000000000BFFF702765400000009FFF60B7
:1081D0005FFFD00000004FFF205FFFC000000005E0
:1081E00083001FFF7000000000000004A8000000D2
:1081F000000000000000009FFFFFFFFFF2000001F1
:10820000FFFFFFFFFF80000008FFFFFFFFFE0000F1
:10821000000EFFFFFFFFF60000007FFFFFFFFFD013
:10822000000000EFFFFFFFFF40000005FFFFFFFF22
:10823000FA0000000CFFFFFFFFF20000004FFFFFFD
:10824000FFFFE9999100BFFFFFFFFFFFFF5002FF13
:10825000FFFFFFFFFFF70009FFFFFFFFFFFF8000A9
:108260001FFFFFFFFFFFF900001222229FFFFFA068
:108270000000000000DFFFFB000000000002FFFF25
:10828000C0000000000007FFFD1000000000000D0E
:10829000FFE10000000000002FFE200000000000B1
:1082A000007FF300000000000000DF40000000003D
:1082B000000002F500000000000000076000000060
:1082C00000000000040000000000000000000000AA
:1082D0000000000000000018121403FFB400001892
:1082E000121803FD0000190076E600001A000100D4
:1082F000E48204080000000002000300408104083A
:10830000CC820408E8820408000000000000010894
:1083100040040020897A0208157A02081800030038
:1083200000000000FC8204080000000000000000C3
:10833000000100000000000000000036400005EFD2
:10834000F8000000000000002DFFFE404FEADF9023
:10835000000000000001EFA58FF3BF200DF000002A
:108360000000001DF70003FBDF000AF10000000021
:1083700000BF800000DF9F804FD0000000000AFA9D
:10838000000000DF1DFFFF40000000008FC0000064
:1083900005FB018B920000000006FD1000005FF25B
:1083A000000000000000004FE2000007FF40000056
:1083B0000000000003FF3000009FE200000000000A
:1083C00000002EF400000BFD100000000000000172
:1083D000DF600001CFB0000000000000000CF800DA
:1083E000002DFA0000000000000000AFA00003EF25
:1083F00080000000000000000CFB00005FF60000A1
:108400000000000000009FF10007FF400000000096
:1084100000000005FFFB009FE200000000000000DC
:10842000003FF3AFCBFD100000000000000002EFA2
:10843000400CFFB000000000000000001DF5002E01
:10844000FF000000000000000021CF7003EF80005B
:108450000000000000002DFFF9005FF600000000A2
:1084600000000000CF9FF607FF4000000000000062
:108470000000FD03EFFFE20000000000000000002C
:10848000BF603FFE100000000000000000002EF65C
:1084900006F90000000000000000000002EF76F97D
:1084A00000000000000000000000002EFFF20000AD
:1084B0000000000000000000000178200000000023
:1084C00000000000000000000000020000000000AA
:1084D00000000009E10000000000000007FED000DD
:1084E000000000000004F93FA0000000000001ECC3
:1084F000005F700000000000BE10009F3000000010
:10850000007F300000CD000000003F70000002F945
:108510000000000CC000000006F4000007F200009C
:1085200000000BD00001F800000000002F70008F49
:108530001000000000009E000FD983000000000121
:10854000F606FFFFFD600000000AC0AFFFFFFFD48A
:108550000000005F0CFFFFFFFFFA100003F2BFFFF7
:10856000FFFFFFFF9436DF18FFFFFFFFFFFFFFFF56
:10857000F04FFFFFFFFFFFFFFFFA00DFFFFFFFFFEE
:10858000FFFFFF4003FFFFFFFFFFFFFFA00007FF0C
:10859000FFFFFFFFFFD0000006FFFFFFFFFFB1005E
:1085A000000003BFFFFFFE7000000000002688747B
:1085B000000000000000000000000001200000009A
:1085C000000000000000002EF50000000000000088
:1085D000000000DFFC0000000000000000000BFDB8
:1085E000EF3000000000000000008FE27FA00000DC
:1085F000000000000006FF401FF100000000000026
:10860000003FF6000AF8000000008E4002EF8000F4
:1086100003FE00000002FFF30DFB000000CF50003E
:10862000000BFDFEBFD00000005FC000003FE1BFB7
:10863000FE100000000EF30000CF700CFC000000E4
:108640000007FA0005FE0001DFA000000001FF1096
:108650000DF711114FF811111111BF804FFFFFFFDE
:10866000FFFFFFFFFFFFFFE02CDDDDDDDDDDDDDDFA
:10867000DDDDDDA0000000000000000000000000C3
:1086800000DFFFFFFFFFFFFFFFFFF80000CEEEEE71
:10869000EEEEEEEEEEEEE600000000000000000060
:1086A000000000000001DEEEEEEEEEEEEEE800006F
:1086B0000001FFFFFFFFFFFFFFFA000000000000C6
:1086C000000000000000000000000D90000000000D
:1086D00007F1000000036666FF6666666666EF7671
:1086E0006650007FFFFFFFFFFFFFFFFFFFFFFE0061
:1086F00007F322FC2222222222AF422BE0007F102D
:108700000A700000000005B000AE0007F100000094
:108710000000000000000AE0007F100000000000E0
:1087200000000000AE0009F422222222222222228E
:10873000222BE000FFFFFFFFFFFFFFFFFFFFFFFE19
:10874000000AF76666666666666666666650007F5D
:1087500010001100110000000000000007F100EF00
:10876000F22FFF00028DFFD810007F100EFF22FFB6
:10877000F006FFB89CFF5007F100EFF22FFF06FC58
:10878000200003DF407F100011001102FC000DA04B
:1087900000DE17F100222000008F1000EB0003F72D
:1087A0007F100EFF20000DB0000EB0000DC7F100CD
:1087B000EFF20000F80000FF9980AE7F100EFF205E
:1087C000000F80000FFFFE0AE7F10000000000DB51
:1087D0000000000000DBCFB99999999308F20000DE
:1087E00000004F6EFFFFFFFFFF501ED00000001E75
:1087F000E0000000000000004FD300005EF3000026
:108800000000000000004EFDABEFE30000000000A0
:108810000000000017BDDB60000000000000000049
:1088200000000001720000000000000000029FC074
:108830000000000000000003AFFF50000000000037
:108840000005CFFFFD00000000000006DFFFFFF67F
:10885000000000000017EFFFFFFFE000000000092C
:10886000FFFFFFFFFF70000000005FFFFFFFFFFF43
:108870001000000000CF4DFFFFFFF90000000003D3
:10888000F901DFFFFFF2000000000AF2001DFFFF08
:10889000A0000000002F900001DFFF30000000006A
:1088A0009F1000001DFC0000000001F90000005DA9
:1088B000F50000000008F100005DFF9000000000DE
:1088C0000E90005DFE7100000000006F105DFD6005
:1088D000000000000000D95DFC5000000000000016
:1088E00005FEFA30000000000000000CF920000036
:1088F0000000000000002810000000000000000040
:1089000000000002699999999999999620000000B0
:1089100002BFFFFFFFFFFFFFFFFFFB2000004EFF36
:10892000FFFFFFFFFFFFFFFFFFE40003FFFC52001C
:10893000000000000025CFFF300DFF700000000098
:108940000000000007FFD06FF900000000000000E9
:10895000000000AFF6BFF1000021000000000000A1
:10896000001FFBEFC00004FE000000000000000C30
:10897000FEFFA00019FF400000022221000AFFFFB5
:10898000A005FFFFFE1001EFFFFF500AFFFFA00848
:10899000FFFFFF2002FFFFFF800AFFFFA0017CFF17
:1089A000950000588887000AFFFFA00007FF10000D
:1089B00000000000000AFFFFA00000860000000089
:1089C0000000000AFFFFA0000000000000000000FF
:1089D000000AFFFFA0000000000000000000000AE5
:1089E000FFFFA0007813A30000266664000AFFFFC3
:1089F000A002FFDFFC0000EFFFFF400AFFFFA00026
:108A0000CFFFF70000CFFFFF300AFFFFA0005FFF9E
:108A1000E100005BCCC8000AFFFFA001FFFFFA00E5
:108A200000FFFFFF500AFFEFC001FF8CFB0000BFFB
:108A3000FFFE200CFEBFF1003400510000000000DA
:108A4000001FFB6FF900000000000000000000AFF5
:108A5000F60DFF70000000000000000007FFD003CB
:108A6000FFFC5100000000000025CFFF30004FFF49
:108A7000FFFFFFFFFFFFFFFFFFE4000002BFFFFF5C
:108A8000FFFFFFFFFFFFFB2000000002699999999B
:108A90009999999620000000000000000000000055
:108AA0000000001C1C1D00FC9601001C131905FE93
:108AB0008402001C181701009803001C1B1901FEFA
:108AC000EA04001C16150300D105001C1C1D00FC47
:108AD00000002000480091003501480253E60000E4
:108AE00049020100D08A04080000000006000300CB
:108AF00030830408988A0408DC8A04080000000017
:108B00000000010848040020897A0208157A02084A
:108B10001D00040000000000F08A040800000000AE
:108B20000000000000000000000000000000000045
:108B30000000000018EE300004FE7100000000008C
:108B400005EFFFFA77BFFFFE40000000007FFF99AE
:108B5000FFFFFF89FFF6000000009FD20038BB82B4
:108B6000002DF8000000007FA000000000000BF6C0
:108B7000000000009F9000000000000BF8000000C3
:108B800000EF60000144100008FE0000000AFF1022
:108B900001AFFFFA1001FFB00005DFF5001DFFABCC
:108BA000FFD0005FFC508FFF5000AFB1001CF800F9
:108BB00006FFF7BFC10000FF100002FE00001CFA14
:108BC000CF900003FC000000DF10000AFBCF9000F4
:108BD00002FD000000DF10000AFBAFE50000EF30EF
:108BE00000004500006EF95FFFB0006FE500000077
:108BF000000CFFF5008FF90009FFFF700000BFF7C0
:108C0000000006FF20005BEE600004FF5000000043
:108C1000CF80000000000009FB000000008FA000D2
:108C2000000000000BF7000000007F900000000033
:108C3000000BF6000000009FF7018EFFD7008FF8B1
:108C4000000000003EFFEEFFFFFFDEFFE30000003C
:108C50000001AFFFD6226EFFFA10000000000002F4
:108C600099000001A920000000000000340000006D
:108C700000000043000000000000DE0000000000D3
:108C800000ED000000001799EF999999999999FFC3
:108C900099710002EFFFFFFFFFFFFFFFFFFFFFFEE5
:108CA000200CF722DE222222222222ED228FB00F78
:108CB000C000AB000000000000CB000CF01FA000C3
:108CC0000000000000000000000BF01FB1111111A6
:108CD000111111111111111BF01FFFFFFFFFFFFFF9
:108CE000FFFFFFFFFFFFF01FE99999999999999963
:108CF0009999999EF01FA00000000000000000005C
:108D0000000BF01FA0000000000000000000000B9E
:108D1000F01FA0000000028888700000000BF01F08
:108D2000A000000006FFFFE00000000BF01FA00005
:108D3000000009D000000000000BF01FA0000000A0
:108D40000DA131000000000BF01FA00000000FDF9C
:108D5000FF600000000BF01FA00000003FB22CF2EB
:108D60000000000BF01FA0000000000004F600004F
:108D7000000BF01FA0000000251002F70000000B00
:108D8000F01FA00000004F6006F30000000BF01F72
:108D9000A00000000DF99FB00000000BF01FA00024
:108DA0000000018CC8000000000BF00FB0000000B4
:108DB000000000000000000BF00DF40000000000B7
:108DC00000000000004FC004FFFFFFFFFFFFFFFF98
:108DD000FFFFFFFF300029CCCCCCCCCCCCCCCCCC12
:108DE000CC9200000000000000000000000003CF53
:108DF000FFFFFFFFFFFFFFFC303FFFFFFBBBBBBBE5
:108E0000CFFFFFF2BFFFFF8000000008FFFFFAEF77
:108E1000FFFFFCCCCCCCCFFFFFFDEFFFFFFFFFFF40
:108E2000FFFFFFFFFDEE000000000000000000FD5E
:108E3000EE000000000000000000FDEE0000000059
:108E40000000000000FDEE00000000000000000037
:108E5000FDEE000000000000000000FDEE0000003C
:108E6000000000000000FDEE000000000000000017
:108E700000FDEFDDDDDDDDDDDDDDDDDDFDEFFFFF57
:108E8000FFFFFFFFFFFFFFFDEFFFFFFFFFFFFFFF04
:108E9000FFFFFDEFFFFFFFFFFFFFFFFFFFFDEFFF06
:108EA000FFFFFFFFFFFFFFFFFDEFFA29FFFFFFFFBF
:108EB000FF83EFFDEFF402FFFFFFFFFF008FFDEFE9
:108EC000FA18FFFFFFFFFF72DFFDEFFFFFFFFFFF5D
:108ED000FFFFFFFFFDCFFFFFFFFFFFFFFFFFFFFCD7
:108EE0006FFFFFFFFFFFFFFFFFFFF501FFF911110C
:108EF0001111119FFF0001FFF800000000009FFF0B
:108F00000000FFF600000000007FFE00005DA000F2
:108F1000000000001BD40000000000000379BBA883
:108F20005100000000000000000018EFFFFFFFFFED
:108F3000B30000000000000007EFFB7432369EFF14
:108F4000A2000000000001BFF810000000005DFE5C
:108F500040000000001DFC200000000000008FF514
:108F600000000000CFA00000000000000005FF305E
:108F700000000AFB00000002DF500000005FE1007B
:108F8000003FE10000000AFFF000000008FA0000C6
:108F9000CF5000000009FFD000000000EF2003FCCC
:108FA00000000000019A30000000006FA009F600E8
:108FB000000000000000000000000FF00DF10000B4
:108FC0000000000000000000000AF40FD0000000C4
:108FD00000008A300000000007F72FB000000000FA
:108FE00008FFE00000000005F93FA0000000000BB2
:108FF000FFF10000000004F93FA0000000000BFF9B
:10900000F20000000004F91FC0000000000BFFF296
:109010000000000006F80FF0000000000BFFF20057
:1090200000000009F50BF3000000000BFFF2000048
:1090300000000DF106F9000000000BFFF200000037
:10904000003FC000EF100000000BFFF20000000026
:10905000BF60007FA00000000BFFF100000004FDD6
:1090600000000DF600000007FFD00000001EF40015
:109070000003FF400000005710000001CF900000E7
:10908000005FF6000000000000002DFB0000000063
:1090900005FFB2000000000007FFA0000000000074
:1090A0003DFFA400000028EFF700000000000000D2
:1090B0006EFFFDCCDFFFFA10000000000000000092
:1090C0005AEFFFFFB7100000000000000000000092
:1090D000001210000000000000000000000000006E
:1090E00000320000000000000000000000005EFFF1
:1090F000B00000000000000000000002FFFFFA00C6
:1091000000000000000000000008FFFFFF0000005A
:109110000000000000000008FFFFFF00000000004A
:10912000000000000004FFFFFB0000000000000042
:10913000000000008FFFD1000000000000000000D0
:109140000000025400000000000000000005ADFF18
:10915000FE92000000000000000001DFFFFFFFFFA3
:1091600070000000000000000DFFFFFFFFFFF70090
:10917000000000000000AFFFFFFFFFFFFF5015AC35
:1091800080000004FFFF8FFFFFFFFFFEFFFFF200E4
:10919000000DFFF53FFFFFFFFFFFFFFFF100007F26
:1091A000FFB07FFFFFA4FFFFFFDA300001FFFF10D9
:1091B000BFFFFF504CB84100000006FFF601FFFF63
:1091C000FE0000000000000002FFB007FFFFF900F2
:1091D0000000000000000024000CFFFFFEA50000BE
:1091E000000000000000001FFFFFFFFFF90000006B
:1091F00000000000006FFFFFFFFFFF5000000006AF
:10920000CA2000CFFFFFFFFFFF900000002FFFFAF2
:1092100032FFFFE67AEFFFD00000003FFFFFFFFFC5
:10922000FF60002FFFF100000009FFFFFFFFFE00BD
:10923000000DFFF4000000002BFFFFFFF600000808
:10924000FFF800000000003BFFFFD0000004FFFC1F
:1092500000000000000039DE30000000FFFF0000C9
:1092600000000000000000000000CFFF40000000F0
:1092700000000000000000007FFF30000000000040
:1092800000000000000019A4000000000000000021
:109290000000882000000000000000000000000026
:1092A00000FF40000000000000000000000000007F
:1092B000FF4000000000000000000145555555FF2B
:1092C000755555541000000002BFFFFFFFFFFFFF60
:1092D000FFFFFFFB3000004FFFFFFFFFFFFFFFFF1F
:1092E000FFFFFFF50002FFE6100000000000000095
:1092F000016EFF200AFF20000000000000000000B7
:1093000002EFA00FF70000EF700000005EB0000059
:109310007FF02FF30000EF70000000CFF400003F5B
:10932000F23FF202AAFFCA8000007FE100002FF3A3
:109330003FF204FFFFFFD00000010000002FF33FC9
:10934000F203CCFFDCA000000003ED102FF33FF28E
:109350000000EF700000000009FF602FF33FF200F3
:1093600000EF700000000004FE202FF33FF2000029
:109370001200000000000000002FF33FF200000088
:1093800000000000000000002FF33FF2000000008A
:10939000000000000000002FF33FF20000055555CB
:1093A0005555555100002FF33FF200001FFFFFFFFE
:1093B000FFFFF500002FF33FF200001FFFFFFFFF4C
:1093C000FFF500002FF33FF200001FF40000001F24
:1093D000F500002FF31FFA6666AFF20000000EFCE6
:1093E0006666AFF10AFFFFFFFFB000000007FFFF56
:1093F000FFFFA0009EFFFFFA10000000007DFFFFAE
:10940000E900000038830000000009FFFF80000031
:10941000005FE56EF50AB300AF4005FA3FF500CFF7
:109420001002FC011000CF1002FC000000CF10025F
:10943000FC1DE400CF1002FC2FF400CF1BA2FC00A7
:109440000000CF1FE2FC011000CF1FE2FC2FF6004E
:10945000CF1FE2FC1BB200CF1FE2FC000002EF1F97
:10946000E2FE20000CF90FE09FC0004FC06FF50C2A
:10947000F4008F52FFFF25F8009F45FFFF44F900DD
:109480007F71FFFE17F7002FE13A921EF2000AFDEE
:109490003003DFA00000BFFFFFFB00000005CEECA3
:1094A00050000007EFFFFFFFE5005EFFFFFFFF90AA
:1094B0000F855555559E00E955555556F30F30000B
:1094C00000005E00E500000000F30F300000005EC9
:1094D00000E500000000F30F300000005E00E50032
:1094E000000000F30F300000005E00E50000000007
:1094F000F30F300000005E00E500000000F30F30C5
:109500000000005E00E500000000F30F30000000E6
:109510005E00E500000000F30F400000006E00E672
:1095200000000002F30BFFFFFFFFFE00EFFFFFFF55
:10953000FFD000333333333300333333333300005E
:10954000000000000000000000000000005555551C
:109550005555005555555555100DFFFFFFFFFE00A1
:10956000EFFFFFFFFFE10F300000005E00E50000AD
:109570000001F30F300000005E00E500000000F382
:109580000F300000005E00E500000000F30F300027
:1095900000005E00E500000000F30F300000005EF8
:1095A00000E500000000F30F300000005E00E50061
:1095B000000000F30F300000005E00E50000000036
:1095C000F30F300000006E00E500000001F30DFF16
:1095D000FFFFFFFA00AFFFFFFFFFE10055555555B4
:1095E00040000455555555100000000000000000D3
:1095F0000000001E1A1902FF4501001E1C1B01FE7F
:10960000BF02001E161C04FFF303001E1E1E00FCFA
:10961000B505001E1C1F01FC6707001E1E1900FF78
:10962000DE08001E0E1709007F09001E1A1902FF2E
:109630000000010002000B001C0035005900BC01B5
:1096400000E60000BD0101003096040800000000A3
:1096500008000300248B0408E895040840960408D9
:10966000000000000000010850040020897A020870
:10967000157A02081F000400000000005496040838
:1096800000000000000000000000000000000210C8
:10969000000000000000000000000000FA000000D0
:1096A0000000000000000000000FA000000000000B
:1096B00000000000000000FA0000000000000000B0
:1096C0004A1000000750000004A100000006FC1032
:1096D000000000000004FF2000000009FB0028CE6D
:1096E000DB6002FF300000000008308FE978BFD552
:1096F0000840000000000000BF50000019F6000004
:109700000000000000AE3000000008F4000000007F
:1097100000004F40000000000AE000000000000AC6
:10972000B000000000002F500000012220F60000D1
:1097300000000000C9022201FFFB1F4000000000E2
:109740000009B1FFFB078851F40000000000009BF6
:1097500008884000000F6000000000000B9000002F
:10976000000000CA000000000000F6000000000039
:1097700006F100000000007F1000000000000DB0A6
:10978000000000002F800000000000003F9000005B
:10979000001EC0000000000004B04F6000000CD1AB
:1097A0003C0000000003FF309D000003F308FC00B4
:1097B0000000007F4006F000005F0009F20000009A
:1097C0000000005F000006F0000000000000000044
:1097D00001FEDDDDFA00000000000000000002785C
:1097E0008886000000000000000000001EFFFF90BF
:1097F00000000000000000000000ABBBB60000004D
:10980000000000000000001DEEEE800000000000DF
:1098100000000000009AAAA600000000000000005E
:10982000000000AED6000000000000000000003282
:1098300000000000000000000000000006FFFE9491
:109840000000000000000000000003FFABFFFFA5C8
:10985000100000000000000000AF50015BFFFFB6E9
:10986000100000000000000FF00000005AEFFFC7DA
:10987000300000000005FB22222222226BFFFFD9CC
:109880004000008FFFFFFFFFFFFFFFFFFFFFFFE52F
:10989000007FFBBBBBBBBBBBBBBBBBBBBBCFF40E2F
:1098A000F200000000000000000000005FA0FD00CA
:1098B0000000000000000000000001FC0FD11111A9
:1098C0001111111111111111112FC0FFFFFFFFFF15
:1098D000FFFFFFFFFFFFFFFFFC0FFDDDDDDDDDDD37
:1098E000DDDDDDDDDDDDDFC0FD00000000000000AE
:1098F0000000000001FC0FD000000000000000008C
:109900000000001FC0FD000000000000000000007B
:109910000001FC0FD000000000000000000000006B
:109920001FC0FD000000000000000000000001FC5E
:109930000FD000000000000000000010001FC0FD5C
:109940000000000000000000007FE201FC0FD000DA
:10995000000000000000000EFF801FC0FD0000009E
:10996000000000000000AFF401FC0FD00000000078
:10997000000000000053001FC0EF30000000000096
:10998000000000000006FA06FFDDDDDDDDDDDDDDC7
:10999000DDDDDDDDFF3006EFFFFFFFFFFFFFFFFF37
:1099A000FFFFFD400000000000000000000000007C
:1099B00000000000000000000000000000000000A7
:1099C00000000017BDCB610027BDDA500000000089
:1099D0006FFECCFFE58FFECCFFE30000009FC400CC
:1099E000005DFFB300006EF500006FA00000000AEC
:1099F000700000001DF2000FC00000000000000019
:109A000000002FB006F5000000000000000000007C
:109A10009F20AF0000031000000000000003F60CC0
:109A2000D00003FE000002000000001F80CE0000F6
:109A30009FF80005FB00000002F809F1001FBCF1CF
:109A400000DFF80000005F504FFFFFF53F903F8BB5
:109A5000FFFE400BF000FFCAA900AF2AF119AAA22D
:109A600005F90003FD100002FBFB00000003FD00F0
:109A70000005FD100009FF40000003FE2000000566
:109A8000FD10001EC0000003FE2000000005FD10B8
:109A90000000000003FE200000000005FD10000093
:109AA0000003FE20000000000005FD10000003FE82
:109AB0002000000000000005FD100004FE20000052
:109AC000000000000005FD2005FE20000000000051
:109AD00000000005FFDEFD20000000000000000087
:109AE00000029CC700000000000000000000000011
:109AF00000000000000000201B1F02FDA301002049
:109B00001D1B01FF2B0300201B1702010000B100E9
:109B1000540100000EE60000550101000C9B0408F2
:109B2000000000000300030088960408EC9A040873
:109B3000149B0408000000000000010858040020E5
:109B4000897A0208157A02081F000300000000004D
:109B5000289B040800000000000000000000000036
:109B60000030000000030000000000000000006E54
:109B7000FB100001CFD6000000000000003EFFFFF8
:109B8000E9669FFFFFD2000000000006FFFFAFFF65
:109B9000FFFFFAFFFF50000000000CFF9003AFFF33
:109BA000FA201AFFB0000000000AFC0000001100BB
:109BB0000000DF80000000000AFC00000000000040
:109BC00000EF80000000000DFB000000000000001E
:109BD000DFC0000000004FF7000005774000009F45
:109BE000F300000002EFF10005EFFFFE50002FFD33
:109BF0002000028FFF50007FFEBBFFF60007FFE74B
:109C0000103FFFF60002FF90001BFF10007FFFF1E6
:109C10006FFA200009FC000000DF800002BFF58F12
:109C2000F300000DF60000008FC000004FF68FF229
:109C300000000EF50000006FD000004FF67FF4002A
:109C4000000CF80000005FA000005FF65FFF8000DE
:109C500007FE20000002000008FFF41BFFFC0000CC
:109C6000DFE62100000001DFFFB0002BFFA0002E87
:109C7000FFFFB000000BFFB1000000BFF300018E3A
:109C8000FFB000004FFA000000001FF900000011B3
:109C9000000000AFF1000000000BFC00000000001D
:109CA0000000DFA00000000009FC00000000000030
:109CB00000EF80000000000AFD100015885100012F
:109CC000EF90000000000CFFE608FFFFFF807FFF21
:109CD000B00000000002DFFFFFFFFFFFFFFFFC10EE
:109CE000000000000008FFFF93003AFFFF70000033
:109CF000000000000017C50000006C7000000000AC
:109D00000000000477630000000036774000000088
:109D100000002AFFFFFFE800007EFFFFFFA2000017
:109D20000006FFFFFFFFFFD22DFFFFFFFFFF6000D8
:109D3000007FFFFFFFFFFFFFFFFFFFFFFFFFF700B9
:109D400004FFFFFFFFFFFFFFFFFFFFFFFFFFFF40DD
:109D50000DFFFFFFFFFFFFFFFFFFFFFFFFFFFFD034
:109D60005FFFFFFFFFFFFFFFFFFFFFFFFFFFFFF5AD
:109D7000AFFFFFFFFFFFFFFFFFFFFFFFFFFFFFFA48
:109D8000DFFFFFFFFFFFFFFFFFFFFFFFFFFFFFFD05
:109D9000EFFFFFFFFFFFFFFFFFFFFFFFFFFFFFFEE4
:109DA000DFFFFFFFFFFFFFFFFFFFFFFFFFFFFFFDE5
:109DB000CFFFFFFFFFFFFFFFFFFFFFFFFFFFFFFBE7
:109DC0007FFFFFFFFFFFFFFFFFFFFFFFFFFFFFF72B
:109DD0002FFFFFFFFFFFFFFFFFFFFFFFFFFFFFF171
:109DE00009FFFFFFFFFFFFFFFFFFFFFFFFFFFF90E8
:109DF00001DFFFFFFFFFFFFFFFFFFFFFFFFFFD0092
:109E0000001EFFFFFFFFFFFFFFFFFFFFFFFFD1006F
:109E10000001DFFFFFFFFFFFFFFFFFFFFFFC100060
:109E200000000BFFFFFFFFFFFFFFFFFFFFA0000091
:109E3000000000AFFFFFFFFFFFFFFFFFF700000084
:109E400000000008FFFFFFFFFFFFFFFF40000000D2
:109E5000000000006FFFFFFFFFFFFFD200000000C7
:109E60000000000004FFFFFFFFFFFB1000000000E8
:109E700000000000003EFFFFFFFF90000000000018
:109E8000000000000002DFFFFFF6000000000000FD
:109E90000000000000001CFFFE4000000000000069
:109EA00000000000000000597100000000000000E8
:109EB0000000000011000000000000000002E200AD
:109EC000000000000000002FE30000000000000080
:109ED00002FFF4000000000000002FFFF600000069
:109EE00000000002FE9FF80000000000002FE07F4D
:109EF000F900007B000002FE005FFB001FFC100069
:109F00002FE0005FFC003EFD1002FE001DFF400040
:109F10002DFE202FE02DFE3000001CFF42FE3EFDF6
:109F2000200000000BFF7FFFFC10000000000AFF74
:109F3000FFFB00000000000008FFFA000000000026
:109F400000007FFFB00000000000009FFFFFC10085
:109F500000000000AFF8FFEFD200000000BFF42FB8
:109F6000E2EFE3000001CFE302FE01DFF40001DFD6
:109F7000E2002FE000BFF501EFD20002FE0005FF76
:109F8000B008C100002FE007FF900000000002FEB3
:109F900008FF8000000000002FEAFF6000000000C2
:109FA0000002FFFF500000000000002FFF400000F3
:109FB0000000000002FE20000000000000002D1044
:109FC0000000000000000000100000000000000081
:109FD0000000005500000000000000000000000C20
:109FE000FFC000000000000000000000CF66FC0081
:109FF00000000000000000000CF6006FC000000030
:10A000000000000000CF600006FC0000000000001F
:10A01000000BF60000006FB0000000000000BF6001
:10A0200000000007FB00000000000BF7000000002C
:10A03000007FB000000000BF70000000000007FBC0
:10A040000000000BF7000000000000007FB00000DF
:10A05000BF800000000000000008FB000BF80000BB
:10A06000000000000000008FB05F800000000000D2
:10A070000000000008F56F63000000000000000011
:10A080000036F61EFFC00000000000000003FFE1E4
:10A09000006F9000018999971000005500001F8003
:10A0A000000CFFFFFFA000000000001F80000EA0BA
:10A0B000000CC000000000001F80000EA0000CC0BB
:10A0C0000006F000001F80000EA0000CC00008F188
:10A0D00000001F80000EA0000CC00008F100001F4F
:10A0E00080000EA0000CC00008F100001F80000ED0
:10A0F000A0000CC00008F100000FA0000EA0000C92
:10A10000C0000AF0000009FBAAAFA0000CFAAABF29
:10A11000900000009EFFFF300003FFFFE9000000F9
:10A1200000000000000240000000000000000000ED
:10A130000000000FF70000000000000000001AB14E
:10A14000002FF9000382000000000005FFF6002F39
:10A15000F9000DFF60000000007FFFD1002FF90023
:10A160000AFFF700000006FFF800002FF900008F3B
:10A17000FF6000002FFF5000002FF9000005FFF3E3
:10A180000000CFF70000002FF90000007FFC000462
:10A19000FFC00000002FF90000000CFF400BFF3053
:10A1A0000000002FF900000003FFB01FFC000000BA
:10A1B000002FF900000000CFF14FF7000000002F42
:10A1C000F9000000007FF47FF4000000002FF90088
:10A1D0000000004FF79FF2000000002FF900000080
:10A1E000002FF89FF2000000002FF9000000002F60
:10A1F000F98FF3000000002FF9000000003FF86F16
:10A20000F5000000000CE4000000005FF63FF900DC
:10A210000000000000000000009FF30EFF0000009F
:10A2200000000000000000FFE008FF7000000000D8
:10A230000000000007FF8001FFF2000000000000A6
:10A2400000002FFF10007FFD100000000000000143
:10A25000DFF700000CFFD10000000000001DFFC070
:10A26000000001DFFE600000000006EFFD100000AE
:10A27000001CFFFD72000027DFFFC100000000008E
:10A280009FFFFFFEEFFFFFF900000000000003AF9B
:10A29000FFFFFFFFFA30000000000000000169CD61
:10A2A000DC9610000000000000000000000000002C
:10A2B000000000000000000001FFFFFF9000000010
:10A2C000000000000001FFFFFF9000000000000000
:10A2D00000004AFFFFFFE7100000000000004DFFF4
:10A2E000FFFFFFFFF8000000000009FFFC631125DD
:10A2F000AFFFD200000000AFFC3000000001AFFE55
:10A300002000000AFF90000001000006FFE10000AD
:10A310005FF8000000060000004FFA0001EFB000F7
:10A3200000002800000007FF4008FF100000004A5E
:10A3300000000000CFC00EF8000000007C0000000C
:10A34000004FF23FF3000000009E000000000EF7F7
:10A350006FF000000000CF000000000BFA8FD0006B
:10A36000000000EF2000000008FC8FC0000000008B
:10A37000FF3000000008FC7FD00000000057000004
:10A38000000008FB6FF00000000000000000000B60
:10A39000FA2FF30000000000000000000EF60DF997
:10A3A0000000000000000000005FF207FF10000046
:10A3B000000000000000CFB000EFC000000000006F
:10A3C000000008FF40005FF9000000000000005F8F
:10A3D000FA00000AFFA0000000000007FFD1000003
:10A3E00000BFFD4000000002BFFD2000000009FF8B
:10A3F000FD843247BFFFB100000000003CFFFFFFBB
:10A40000FFFFE60000000000000039DFFFFEA500AE
:10A41000000000000000000000110000000000002B
:10A4200000000000007800000000000000000000B4
:10A43000000007FF80000000000000000000000096
:10A440005FFFF50000000000000000000002FFA90F
:10A45000FF200000000000000000000DFD00DFD024
:10A460000000000000000000009FF2002FF9000033
:10A4700000000000000004FF600006FF3000000044
:10A48000000000000DFA000000BFD0000000000036
:10A4900000008FF10000001FF70000000000000125
:10A4A000FF7000000007FF10000000000009FD0021
:10A4B00000000000DF9000000000001FF500000019
:10A4C00000005FF100000000008FD00000000000DD
:10A4D0000DF80000000000EF60000000000006FE24
:10A4E0000000000004FF00000000000000FF30003A
:10A4F000000009FB015000000000005800000000AF
:10A500000CF60CF600001AFFF910006CDA200FF3BD
:10A510002FF20000DFC9CFD005FECFC01FF06FC003
:10A520000007FA000BF70BF30DF02FF07FB0000CD3
:10A53000F20003FC0AE00DF01FF06FD0000FF000F6
:10A5400000FF00004FA00FF33FF1000FE00000FFFD
:10A550000001EF100CF80DF8000DF00001FD001DDA
:10A56000F40006FE16FA0009F60006F902DF5000B4
:10A5700000EFB0410002FF626FF20DFB7760004F09
:10A58000F90000005FFFFF500EFFFFF20008FFC25E
:10A590000000016951000133332000007FFFB755EF
:10A5A0007BFF300000000000000003DFFFFFFFFD25
:10A5B000100000000000000000049DEEC9400000F3
:10A5C00000000000000000000000004961000000E1
:10A5D0000000000000000000000028EFFFFA50001B
:10A5E00000000000000000000006CFFFD8BFFFE918
:10A5F000300000000000000004AFFFFA400017DF49
:10A60000FFD71000000000017DFFFC60000000008B
:10A6100028EFFFB50000005BFFFE82000000000095
:10A6200000004AFFFFA4009FFFB4000000000000EC
:10A63000000000006DFFF605FFFF93000000000022
:10A64000000000004BFFFF30006CFFFF81000000A6
:10A6500000000019FFFFFF200000029FFFFA3000FA
:10A66000000004BFFFF81EF1000000004FFFFFD7FD
:10A6700010017EFFFFF300EF1000000004FC28EF44
:10A68000FFABFFFD71DF300EF1000000004FC00096
:10A690005BFFFFA4000DF300EF1000000004FC00BE
:10A6A000000177100000DF300EF1000000004FC005
:10A6B0000000000000000DF300EF1000000004FC9B
:10A6C00000000000000000DF300EF1000000006F0D
:10A6D000F00000000000000FF406FFC100000006BB
:10A6E000FF00000000000000FF47FFFFD000000057
:10A6F0000FF70000000000008FF0FF52DF60000045
:10A70000005FF800000000019FF41FE008F7000060
:10A7100000006FFF95211259FFF500EF86EF400012
:10A720000000003CFFFFFFFFFFB30005FFFFB0008C
:10A7300000000000037BDEEDB7300000039A6000EC
:10A7400000000000001100000000000000002AEFDF
:10A75000FFA30000000000007FF9669EF7000000E4
:10A7600000006FA1000009F7000000001FB000000A
:10A770000009F300000008F1000000000EA0000036
:10A7800000DB00000000009E0000000E80000000C2
:10A790000006F0000000F8000000000017000000B4
:10A7A0000F800000000000000009FFFFFFFFFFFF17
:10A7B000FFFFFE52FB8888888888888888DE2F40C3
:10A7C0000000000000000008E2F4000000000000AB
:10A7D00000008E2F40000006FC00000008E2F4009C
:10A7E0000000CFF30000008E2F40000005FB0000AA
:10A7F0000008E2F40000000F600000008E2F40000F
:10A800000000F600000008E2F40000000F60000005
:10A81000008E2F400000005100000008E2F400000C
:10A820000000000000008E2F40000000000000002B
:10A8300009E0FFFFFFFFFFFFFFFFFFFB02777777D6
:10A840007777777777771000000000000005CC401D
:10A8500000000000000000000000000006FF5000A3
:10A86000000000000000000000000006FF50000093
:10A870000000000000000200000006FF5000000081
:10A8800020000000006F400000013310000005F6BA
:10A8900000000003FFF4000000000000004FFF2054
:10A8A0000000009FF8000000000000009FF9000079
:10A8B00000000A9000017BDDB610000A9000000045
:10A8C000000000006FFFFFFFF60000000000000026
:10A8D00000000AFFFFFFFFFF9000000000000000E3
:10A8E000008FFFFFFFFFFFF70000000000000003E4
:10A8F000FFFFFFFFFFFFFF200000000000000AFF36
:10A90000FFFFFFFFFFFF900000001111000EFFFF8F
:10A91000FFFFFFFFFFD0001111EFFF101FFFFFFF30
:10A92000FFFFFFFFF001FFFEEFFF101FFFFFFFFF24
:10A93000FFFFFFF001FFFE8999100FFFFFFFFFFFF0
:10A94000FFFFF00199980000000DFFFFFFFFFFFFE0
:10A95000FFB000000000000007FFFFFFFFFFFFFF48
:10A960005000000000000000DFFFFFFFFFFFFC00C1
:10A97000000000000000003FFFFFFFFFFFE20000BB
:10A9800000000000000003EFFFFFFFFD20000000BB
:10A9900000000004300019EFFFFE800003300000CB
:10A9A00000004FE3000003542000003FF3000000CC
:10A9B00003FFF9000000000000009FFF30000000CE
:10A9C000BF90000000000000000AFB00000000062D
:10A9D00000000006EE4000000060000000000000E3
:10A9E000000006FF50000000000000000000000012
:10A9F0000006FF5000000000000000000000000002
:10AA000006FF5000000000000000000000000000F1
:10AA1000000000000000000000000000000000FF37
:10AA200000009EEA10000000000000000000FF008F
:10AA30000DFFFFE3000000000000000000FF009F8A
:10AA4000FFFFFC000000000800000000FF00DFFF27
:10AA5000FFFF00000000BFB00000001100EFFFFF8B
:10AA6000FF100000002EFB00005ADF70FFFFFFFF09
:10AA70001000000002EF504EFFFF70FFFFFFFF10BD
:10AA8000000000002607FFFFFF70FFFFFFFF100020
:10AA9000000000005FFFFFFF70FFFFFFFF100000DE
:10AAA000000002FFFFFFFF70FFF42EFF1000000008
:10AAB000000AFFFFFFFF70FFF20EFF100000000012
:10AAC0000FFFFFFFFF70FFF20EFF10000000004FAE
:10AAD000FFFFFFFF70FFF20EFF10001FFFE06FFF90
:10AAE000FFFFFF70FFF20EFF10002FFFE06FFFFF70
:10AAF000FFFF70FFF20EFF10000111105FFFFFFF5C
:10AB0000FC03FFF20EFF50000000001FFFFFFFF1EB
:10AB10003FFFF20EFFF5000000000CFFFFFF70EF9B
:10AB2000FFF20EFFFF1000000004FFFFFF16FFFF03
:10AB3000A008FFFF9000000000AFFFFD0BFFFA0030
:10AB4000007FFFE0000000020BFFFB0EFFF30000A0
:10AB50000FFFF1000000CF309FFA0EFFF200000F50
:10AB6000FFF100000CFE2003AB0CFFF700004FFFCD
:10AB7000F00000BFE200000008FFFF5003EFFFB04D
:10AB800000003D2000000001FFFFFEDFFFFF40004E
:10AB9000000000000000006FFFFFFFFFF900000051
:10ABA00000000000000007FFFFFFFFA00000000002
:10ABB0000000000000003BFFFFC500000000000097
:10ABC000000000000000033100000000000001212F
:10ABD000000000001200000000000018EFFFE93044
:10ABE00005BFFFFC6000000005FFEA89DFF8BFFC3D
:10ABF00098BFFD2000007FE5000003DFFA10000190
:10AC00008FF20004FD10000000096000000004FD48
:10AC1000000DF2000000000000000000007F703F07
:10AC2000A0000000000000000000000ED07F4000E7
:10AC300000200000000000000009F29F200008F939
:10AC40000000000000000007F49F20000EFF30000D
:10AC50003FB000000007F47F40005FAFB000BFF8D6
:10AC600000000009F23FFAAAEF1AF401FCDFBAA6CD
:10AC7000000ED00FFFFFFB02FC08F52EFFFC007F4B
:10AC80007004FE1000009F5EE000000003FD000065
:10AC90008FC100001FFF800000003FF3000008FC90
:10ACA000100007FF20000003FF400000008FC100DC
:10ACB00000850000003FF40000000008FC100000C8
:10ACC000000003FF4000000000008FC100000000F2
:10ACD0003FF400000000000008FC10000004FF40EA
:10ACE000000000000000008FC100004FF3000000D2
:10ACF000000000000008FD2006FF300000000000FA
:10AD0000000000008FFEEFE30000000000000000E4
:10AD1000000004ADC81000000000000000000000AA
:10AD20000000000000000000000000000000000023
:10AD30000000000000020000000000000000000011
:10AD40000006D30000000000000000000018EFC063
:10AD500000000000000000000029FFFF500000007C
:10AD600000000000003BFFFFFD00000000000000AD
:10AD7000005CFFFFFFF6000000000000006DFFFF19
:10AD8000FFFFE00000000000018EFFFFFFFFFF80DB
:10AD900000000000008FFFFFFFFFFFFF100000001A
:10ADA0000003FFFFFFFFFFFFF900000000000AFAA9
:10ADB000BFFFFFFFFFF200000000002FF20BFFFFBC
:10ADC000FFFFB000000000009FA000BFFFFFFF30AA
:10ADD0000000000001FF20000BFFFFFC000000004E
:10ADE0000007FA000000BFFFF500000000000EF2AF
:10ADF0000000000BFFD000000000006FA00000006A
:10AE000004FF600000000000DF20000004CFFE000F
:10AE10000000000004FA000004CFFF9200000000D0
:10AE2000000BF20004CFFE710000000000003F9014
:10AE300004CFFD6000000000000000AF24CFFB4005
:10AE40000000000000000002FDCFFA30000000000A
:10AE50000000000009FFF9100000000000000000E1
:10AE6000001FE71000000000000000000000460086
:10AE700000000000000000000000000000000000D2
:10AE8000479984000000000000000008EFFEEFFF7B
:10AE9000810000000000003EFA4000039FE4000033
:10AEA0000000004FD3000000002CF5000000003F20
:10AEB000C10006E910000BF40000000DE1004CFF9A
:10AEC000FF70000CE1000007F40006EFFFFA20001D
:10AED0002F900000EA0009819FC35E00008F1000E0
:10AEE0004F3000AFE514CFF00001F60009E0000A92
:10AEF000FFF2FFFF00000CA000CA0000AFFF2FFF11
:10AF0000F000009D000D800005FFF2FFFA00000632
:10AF1000F000F80000019F2FC30000006F005F40A9
:10AF2000000000314000000006F00CC000000000EE
:10AF300000000000009E04F5000000000C5000001E
:10AF4000000CB0AF4000000000A400000002F602B8
:10AF5000BFC400000000000000009F10003CE000A3
:10AF60000000E60000003F9000007E00000004109A
:10AF700000000DF1000007E00000049600001CF541
:10AF80000000007E0000049168001DF6000000072C
:10AF9000E00000A070B005F5000000007FDDDC0AD5
:10AFA0001B2B005F1000000003AAACF249058005CE
:10AFB000F10000000000003F205A70005F10000008
:10AFC00000000003F200000005F100000000000096
:10AFD0003F200000005F10000000000003F6444422
:10AFE0004448F10000000000003FFFFFFFFFFF00AA
:10AFF0000000000000002222222222100000000097
:10B0000000000000000000000005910000000000AA
:10B010000000000000000FF9000000000000000028
:10B020000024000DFF100000000000000000EF7081
:10B0300007FF700000000000000000EFD001FFC01B
:10B0400000000000005F70008FF400CFF0053000BA
:10B0500000008FF2003FF9008FF43FF80000004F2E
:10B06000F8000FFC004FF78FFFC100000FFE000B30
:10B07000FF002FF9AFFFFE30000BFF200AFF200F6B
:10B08000FABFFFFFF60009FF4009FF300FFBCFF4C6
:10B09000DFFF9009FF3008FF300FFBAFF109FFFB26
:10B0A0001AFF2009FF200FFB8FF3005FFFEFFF0067
:10B0B0000BFF101FFA4FF40002DFFFFD000DFE0032
:10B0C0003FF80BF2000009FFF8001FFA006FF500CF
:10B0D000100000005FE1005FF700AFF20000000029
:10B0E00000010000BFF100EFE000000000000000E0
:10B0F00001FFB004FF900000000000000000BE301F
:10B100000AFF40000000000000000000000FFD00EA
:10B11000000000000000000000000CF5000000002E
:10B12000000000000000000010000000000000000F
:10B1300000000000000000221E1C02FFA4010022EB
:10B14000201B01FF54030022131E08FE710400227D
:10B150001A1A0400C30500221C1C03FF4B0700221F
:10B160001A1D04FEC40800221C1E02FF680A0022E9
:10B1700021170102E40B002215190601EB0C002235
:10B180001E1F02FDBC0E00221E1D02FE6F100022BB
:10B190001C190300CD1100221A1A04001F130022EB
:10B1A000191F05FDA31400221A1704010000030053
:10B1B000070019002C00330052005A005C007A008E
:10B1C000060162018801A0018603000000E600007C
:10B1D00087030100ACB10408000000000F00030069
:10B1E0005C9B04082CB10408CCB1040800000000EA
:10B1F0000000010860040020897A0208157A02081C
:10B200002000030000000000E0B10408000000007E
:10B210000000000000000000000000000025000009
:10B22000000000000000000000000000000000001E
:10B23000EF600000000000000000000000000000BF
:10B24000000000FF7000000000000000000000008F
:10B25000000000000000FF7000000000000000007F
:10B26000000000000000000000FF7000000000006F
:10B27000000000000000350000000000DD6000005C
:10B28000000026000000000000FF90000000000009
:10B290000000000004FF700000000000BFF9000083
:10B2A000000000000000004FFF3000000000000C14
:10B2B000FF9000037ACCB8500004FFF400000000B7
:10B2C000000000CF8003BFFFFFFFFE6003FF4000D0
:10B2D00000000000000006008FFD741125BFFC1067
:10B2E000340000000000000000000AFE60000000C2
:10B2F00002CFE2000000000000000000009FD2002A
:10B30000000000000AFD0000000000000000000432
:10B31000FE20000000000000BF90000000000000C0
:10B3200000000CF5000000000000001FF20000000B
:10B3300000000000003FD00000000000000007F8FF
:10B3400000000000000000008F600000000000000E
:10B350000001FD0000000002555520CF2000000034
:10B360000000000000DF105555400EFFFF60DF00B9
:10B370000000000000000000BF20FFFFF60CFFFFF0
:10B3800060EF000000000000000000AF30EFFFF4AD
:10B3900000000000DF000000000000000000CF20DF
:10B3A00000000000000000BF2000000000000000BE
:10B3B00000DF00000000000000008F6000000000BF
:10B3C00000000002FD00000000000000003FC0007F
:10B3D00000000000000007F800000000000000006E
:10B3E0000DF5000000000000001EF200000000004B
:10B3F00000000004FE10000000000000AF8000000C
:10B40000000000000000008FC1000000000008FDE7
:10B41000000000000000000000200BFC0000000005
:10B42000006FE2020000000000000003F600CF8081
:10B4300000000002FF302E800000000000003EFFF0
:10B44000101FE000000008F700BFF8000000000037
:10B4500000EFF5000CF10000000AF3001DFF600092
:10B4600000000000DF50000BF20000000CF10001B2
:10B47000DF5000000000000100000AF30000000D92
:10B48000F100000100000000000000000007FC7750
:10B4900077778FE00000000000000000000000004F
:10B4A00000CFFFFFFFFF4000000000000000000091
:10B4B0000000000003555555410000000000000049
:10B4C000000000000000000AEEEEEEE300000000C5
:10B4D000000000000000000000000FFFFFFFF6006A
:10B4E000000000000000000000000000000266668E
:10B4F0006650000000000000000000000000000096
:10B500000BFFFFFFF400000000000000000000003F
:10B510000000000EFFFFFFF600000000000000002A
:10B5200000000000000002555555400000000000DA
:10B53000000000000000000000003FFFFA000000D3
:10B5400000000000000000000000000000003320A8
:10B5500000000000000000000000000000000000EB
:10B560000000025641000000000000000000000042
:10B570000000007CA768CC70000000000000000004
:10B5800000000049C610000016C10000001123573A
:10B590009A9538BCC94000000000056000001DDC21
:10B5A000F740C0452000000000000007EA1000003E
:10B5B000000D000C000000000000000000015C0015
:10B5C000000A01EDDDD009000000000000000000CD
:10B5D0008400005BA400077B600000000000000006
:10B5E000005D2000004B20004840000000000000EB
:10B5F0000000089B1009CBA200048CC800000000CA
:10B6000000000000004800000A2000470000000081
:10B6100000000000000002900007A200057A100060
:10B620000000000000000017D6000A777000A43C5C
:10B630001000000000000000039ACB02600ECCCD89
:10B64000003100000000000000000000860223E539
:10B6500056E888610000000000000000000661CB91
:10B66000BA98877669E6000000000000012359B00F
:10B6700000000000000001AB2000000BCDDDEE97C4
:10B680004000000000000000005D92000000002C5F
:10B69000300000000000000000000005CB62001533
:10B6A000AB2000000000000000000000000027BDEB
:10B6B000DA7200000000000000000000001000002E
:10B6C0000000000000000000000000AF900000003B
:10B6D0000000000000000000009FFF80000000004C
:10B6E000000000000000007FFFFF7000000000006D
:10B6F00000000000005FFFDFFF50000000000000BE
:10B7000008FFFFFFFF90AFFFFFFFF700000000DF23
:10B71000FFFFFFA000AFFFFFFFD00000000DFFCC38
:10B72000CC8000008CCCCFFD00000000DFE00000EA
:10B730000000000000FFD00000000DFE00000039F6
:10B740008300000FFD00000000EFE000000DFFFB94
:10B750001000FFE0000000AFFE0000009FFFFD00B2
:10B760000EFFA00000AFFF6000000026EFF7004FC3
:10B77000FFA000AFFF600000000003FFE0005FFFDC
:10B78000A07FFF5000000000000CFF00005FFF776B
:10B79000FFF4000000000000CFF10004FFF80BFFF1
:10B7A000F300000000002FFE0004FFFC000CFFF37C
:10B7B000000000014DFF8004FFFC00000CFFD000E2
:10B7C0000008FFFFD000EFFC0000000EFE000000AC
:10B7D000EFFFC2000FFF10000000DFE0000004B91F
:10B7E000500000FFE00000000DFE0000000000001F
:10B7F000000FFE00000000DFF11110000000111129
:10B80000FFE00000000DFFFFFFD10002DFFFFFFEA1
:10B8100000000000DFFFFFFFD101EFFFFFFFD000BE
:10B82000000003BBBBBEFFD3DFFEBBBBB400000008
:10B83000000000001DFFFFFE2000000000000000CF
:10B840000000001CFFFD10000000000000000000D0
:10B8500000000CFC100000000000000000000000D0
:10B8600000030000000000000000000000000000D5
:10B8700000000000000000000320000000000000A5
:10B880000000000000000000000004FE2000000096
:10B8900000000000000000000000000004FFFE2087
:10B8A000000000000000000000000000000004FF95
:10B8B000FFFE10000000000000000000000000007B
:10B8C00004FFFFFFFD10000000000000000000006A
:10B8D000000005FFFFFFFFF800000000000000006F
:10B8E0000000000005FFFFFFFFFA0000000000005D
:10B8F00000000000000006FFFFFFFFFA000000004C
:10B90000000000000000000006FFFFFFFFF900003C
:10B910000000000000000000000006FFFFFFFFF92C
:10B9200000000000000000000000000007FFFFFF13
:10B93000FFF900000000001000000000000007FFF9
:10B94000FFFFFFF800000000009E20000000000044
:10B9500007FFFFFFFFF800000000008FFE2000003F
:10B96000000008FFFFFFFFF800000000008FFFFE4F
:10B970003000000008FFFFFFFFF700000000007F1D
:10B98000FFFFFE30000009FFFFFFFFF7000000008F
:10B99000006FFFFFFFFF400009FFFFFFFFF7000000
:10B9A00000000001DFFFFFFFFF4009FFFFFFFFF680
:10B9B00000000000000001CFFFFFFFFF5AFFFFFF64
:10B9C000FFF60000000000000000CFFFFFFFFFFFB8
:10B9D000FFFFFFF5000000000000000000BFFFFFB8
:10B9E000FFFFFFFFFFF50000000000000000000067
:10B9F000BFFFFFFFFFFFFFF5000000000000000099
:10BA0000000000AFFFFFFFFFFFF500000000000097
:10BA1000000000000000AFFFFFFFFFF40000000087
:10BA20000000000000000000009FFFFFFFF4000086
:10BA30000000000000000000000000008FFFFFF485
:10BA40000000000000000000000000000000008F67
:10BA5000FFF30000000000000000000000000000F4
:10BA600000007FF300000000000000000000000064
:10BA70000000000000630000000000000000000063
:10BA80000000000000000000000000000000002D89
:10BA9000262C03FB4403002D23140507A204002DCC
:10BAA0001D1E08025506002D251D040200001C0065
:10BAB00088000F070EE6000010070100ACBA04086A
:10BAC000000000000400030014B2040884BA040853
:10BAD000B4BA040800000000000001086804002057
:10BAE000897A0208157A02082C000500000000007F
:10BAF000C8BA04080000000000000000000610168C
:10BB000000061016000000000000000001020304FF
:10BB100006070809000000000102030400000000FD
:10BB20000000000000000000000004040404040001
:10BB30000004000014140A000000000000000000CF
:10BB400000000A0A1F0A0A1F0A0A000000040E1554
:10BB500005060C14150E0400000012150D152E2CF0
:10BB60002A1200000000040A0A36151529160000E2
:10BB7000020201000000000000000000100808049C
:10BB80000404040408081000020404080808080853
:10BB90000404020000000004150E0E15040000004D
:10BBA00000000008083E0808000000000000000037
:10BBB000000000000202010000000000003F000041
:10BBC0000000000000000000000000000002000073
:10BBD00000201010080804040202010000000E11E9
:10BBE00011111111110E00000000040604040404D8
:10BBF000040E000000000E1111080402011F0000D5
:10BC000000000E11100C1010110E00000000080CA6
:10BC10000C0A091F081C000000001F01010F111071
:10BC2000110E000000000C12010D1311110E000086
:10BC300000001E10080804040404000000000E1197
:10BC4000110E1111110E000000000E111119161025
:10BC500009060000000000000400000000040000CD
:10BC600000000000000400000004040000001008B0
:10BC70000402020408100000000000003F003F0022
:10BC80000000000000000204081010080402000078
:10BC900000000E11110804040004000000001C2222
:10BCA000292D2D1D221C0000000004040C0A0A1E70
:10BCB0001233000000000F12120E1212120F0000B9
:10BCC00000001E1101010101110E000000000F1201
:10BCD00012121212120F000000001F120A0E0A02A6
:10BCE000121F000000001F120A0E0A0202070000C5
:10BCF00000001C1201013911120C00000000331267
:10BD0000121E12121233000000001F040404040467
:10BD1000041F000000003E0808080808080809077A
:10BD2000000037120A060A1212370000000007024C
:10BD300002020202223F000000003B1B1B1B1515E4
:10BD40001535000000003B1216161A1A12170000D3
:10BD500000000E1111111111110E000000000F1240
:10BD6000120E02020207000000000E11111111173D
:10BD7000190E180000000F12120E0A1212370000DE
:10BD800000001E1101060810110F000000001F1511
:10BD900004040404040E00000000331212121212F4
:10BDA000120C000000003312120A0A0C04040000F6
:10BDB0000000151515150E0A0A0A000000001B0ADE
:10BDC0000A04040A0A1B000000001B0A0A0A0404F1
:10BDD000040E000000001F0908040402121F0000E6
:10BDE0001C0404040404040404041C0000020204EF
:10BDF00004040808081010000E08080808080808BD
:10BE000008080E00040A0000000000000000000006
:10BE100000000000000000000000003F02040000DD
:10BE2000000000000000000000000000000C121CD8
:10BE3000123C000000030202020E1212120E000059
:10BE400000000000001C1202120C0000001810106C
:10BE5000101C1212123C000000000000000C121E08
:10BE6000021C000000182404041E0404041E000028
:10BE700000000000003C120C021C221C0003020205
:10BE8000020E12121237000000040400000604041F
:10BE9000040E000000080800000C08080808080745
:10BEA00000030202021A0A060A1300000007040433
:10BEB00004040404041F000000000000000F151516
:10BEC0001515000000000000000F121212370000CC
:10BED00000000000000C1212120C00000000000014
:10BEE000000F1212120E020700000000001C1212B6
:10BEF000121C103800000000001B060202070000A0
:10BF000000000000001E020C101E000000000004D3
:10BF1000041E0404041C000000000000001B121298
:10BF2000123C000000000000001B0A0A040400008C
:10BF3000000000000015150E0A0A000000000000B5
:10BF4000001B0A040A1B000000000000003312124C
:10BF50000C08040300000000001E0804041E00007A
:10BF600018080808080C0808080818000808080835
:10BF7000080808080808080806040404040804045B
:10BF80000404060016090000000000000000000084
:10BF900000000000000000000000000000000000A1
:10BFA0000000000808080808080800001818000029
:10BFB00000486C2412000000000000000000000097
:10BFC0000000002424247F1212127F12121200009B
:10BFD0000000081C2A2A0A0C1828282A2A1C0808EB
:10BFE00000000022251515152A585454542200002B
:10BFF0000000000C1212120A76252911916E000021
:10C00000000606040300000000000000000000001D
:10C0100000402010100808080808081010204000F0
:10C020000002040808101010101010080804020084
:10C030000000000008086B1C1C6B080800000000D2
:10C0400000000000080808087F0808080800000031
:10C0500000000000000000000000000006060403CD
:10C060000000000000000000FE00000000000000D2
:10C0700000000000000000000000000006060000B4
:10C080000000804040202010100808040402020034
:10C09000000000182442424242424242241800005A
:10C0A000000000080E08080808080808083E0000FC
:10C0B0000000003C4242422020100804427E000062
:10C0C0000000003C4242201820404042221C000058
:10C0D000000000203028242422227E202078000026
:10C0E0000000007E0202021A26404042221C00008C
:10C0F000000000382402021A26424242241800009E
:10C100000000007E2222101008080808080800001D
:10C110000000003C4242422418244242423C0000BB
:10C12000000000182442424264584040241C000091
:10C13000000000000000181800000000181800009F
:10C1400000000000000000080000000000080804D3
:10C1500000000040201008040204081020400000E5
:10C160000000000000007F0000007F0000000000D1
:10C170000000000204081020402010080402000003
:10C180000000003C424246402010100018180000F9
:10C190000000001C225A555555552D42221C000006
:10C1A0000000000808181414243C224242E7000052
:10C1B0000000001F2222221E22424242221F0000B3
:10C1C0000000007C4242010101010142221C0000EA
:10C1D0000000001F2242424242424242221F00000F
:10C1E0000000003F4212121E12120242423F0000A3
:10C1F0000000003F4212121E12120202020700004B
:10C200000000003C2222010101712122221C0000B9
:10C21000000000E7424242427E42424242E70000C2
:10C220000000003E0808080808080808083E00004A
:10C230000000007C10101010101010101010110FC2
:10C240000000007722120A0E0A1212222277000042
:10C25000000000070202020202020202427F000006
:10C2600000000077363636362A2A2A2A2A6B000042
:10C27000000000E346464A4A5252526262470000BA
:10C280000000001C2241414141414141221C00006B
:10C290000000003F424242423E020202020700000A
:10C2A0000000001C2241414141414D53321C6000BD
:10C2B0000000003F4242423E1212222242C70000CA
:10C2C0000000007C4242020418204042423E00002E
:10C2D0000000007F4908080808080808081C00003A
:10C2E000000000E74242424242424242423C0000D9
:10C2F000000000E742422224241414180808000019
:10C300000000006B49494949555536222222000058
:10C31000000000E7422424181818242442E70000F3
:10C32000000000772222141408080808081C0000E6
:10C330000000007E2120101008040442423F00004B
:10C34000007808080808080808080808080878009D
:10C3500000000202040408080810102020204040B9
:10C36000001E1010101010101010101010101E00D1
:10C370000038440000000000000000000000000041
:10C38000000000000000000000000000000000FFAE
:10C39000000608000000000000000000000000008F
:10C3A000000000000000003C4278444242FC0000D3
:10C3B000000000030202021A26424242261A00002E
:10C3C000000000000000003844020202443800006F
:10C3D00000000060404040784442424264D800007F
:10C3E000000000000000003C427E0202423C0000CF
:10C3F000000000F08808087E08080808083E0000D1
:10C40000000000000000007C22221C023C42423C52
:10C41000000000030202023A4642424242E70000A4
:10C420000000000C0C00000E08080808083E000080
:10C430000000003030000038202020202020221E64
:10C440000000000302020272120A16122277000094
:10C450000000000E0808080808080808083E000048
:10C46000000000000000007F9292929292B70000BC
:10C47000000000000000003B4642424242E700004C
:10C48000000000000000003C42424242423C0000EA
:10C49000000000000000001B26424242221E02074C
:10C4A000000000000000007844424242447840E02E
:10C4B00000000000000000774C040404041F00008A
:10C4C000000000000000007C42023C40423E0000B0
:10C4D000000000000008083E0808080808300000B6
:10C4E00000000000000000634242424262DC0000A3
:10C4F00000000000000000E74224241408080000A7
:10C5000000000000000000EB4949555522220000C0
:10C51000000000000000007624181818246E0000A7
:10C5200000000000000000E7422424141808080757
:10C53000000000000000007E22100808447E000079
:10C5400000C0202020202010202020202020C000FB
:10C5500010101010101010101010101010101010DB
:10C560000006080808080810080808080808060057
:10C570000C32C200000000000000000000000000BB
:10C5800000000000000000000000000000000000AB
:10C59000000000000000000000000000000000009B
:10C5A000000000000000000000000000000000008B
:10C5B00000000000000000006000600060006000FB
:10C5C00060006000600040002000200020000000AB
:10C5D000000000006000600060000000000000003B
:10C5E00000000000600660063003980188004400E7
:10C5F000000000000000000000000000000000003B
:10C60000000000000000000000000000000000002A
:10C6100000000000000000001002100210021002D2
:10C62000FE07FE0708020801080108010801FE07CD
:10C63000FE070401040104010401000000000000E1
:10C6400000000000000040004000F00158034C03CF
:10C65000CC034C0058007000E000C001C001400352
:10C660004C035C034C034801F00040004000000014
:10C6700000000000000000000E010A01910091007E
:10C680009100510051003A00AE03A0025004500442
:10C6900048044804480484028403000000000000A9
:10C6A000000000000000000038006C006C006C000E
:10C6B0006C006C002C0098071C011A013301330137
:10C6C0006301E300C308C6093C0700000000000046
:10C6D000000000000C001C00100010000800040006
:10C6E000000000000000000000000000000000004A
:10C6F000000000000000000000000000000000003A
:10C7000000000000000400020001800080004000E2
:10C7100040002000200020002000200020002000F9
:10C720004000400080008000000100020004000082
:10C7300000000000020004000800100010002000AB
:10C740002000400040004000400040004000400009
:10C75000200020001000100008000400020000006B
:10C760000000000000000000000000004000C000C9
:10C770004000460C4E0FD001F0015E0F460C400009
:10C780004000400000000000000000000000000029
:10C790000000000000000000000000000000400059
:10C7A0004000400040004000FE0F400040004000BC
:10C7B00040004000000000000000000000000000F9
:10C7C0000000000000000000000000000000000069
:10C7D0000000000000000000000000000000000059
:10C7E000000000000C001C001000100008000400F5
:10C7F0000000000000000000000000000000000039
:10C800000000000000000000FE0700000000000023
:10C810000000000000000000000000000000000018
:10C820000000000000000000000000000000000008
:10C8300000000000000000000000000000000000F8
:10C84000000000001C001C001C0000000000000094
:10C8500000000000000400060002000300010001C7
:10C860008000800040004000600020002000100098
:10C870001000080008000C00040006000200000080
:10C8800000000000000000000000F00098010C0310
:10C890000C03060606060606060606060606060635
:10C8A00006060C030C039801F000000000000000D5
:10C8B0000000000000000000000040007C0060005C
:10C8C0006000600060006000600060006000600068
:10C8D0006000600060006000FC03000000000000D9
:10C8E00000000000000000000000F80084010203C6
:10C8F00006030603000300018001C0006000200061
:10C900001000080204020602FE03000000000000FE
:10C91000000000000000000000007800C600860152
:10C92000860180018001C0007000800100010003C9
:10C930000003060306038601F80000000000000063
:10C940000000000000000000000080018001C00124
:10C95000A001A00190018801880184018201FE0FDD
:10C960008001800180018001E007000000000000DC
:10C9700000000000000000000000FC0304000400B0
:10C98000040004000400F4008C010403000300030D
:10C990000603060382018401F80000000000000085
:10C9A00000000000000000000000E00118030C037C
:10C9B0000C0004000600E60116030E060606060635
:10C9C000060604060C021803F00000000000000038
:10C9D00000000000000000000000F8070C06040240
:10C9E0000401000100018000800040004000400080
:10C9F0006000600060006000600000000000000057
:10CA000000000000000000000000F8010C03060612
:10CA1000060606060C021C03F000C8010C030606FD
:10CA20000606060606060C03F001000000000000E2
:10CA300000000000000000000000F0000C010C03EA
:10CA4000060206060606060606078C067806000697
:10CA5000000300030C018C017800000000000000BE
:10CA600000000000000000000000000000000000C6
:10CA700000000000E000E000E00000000000000016
:10CA800000000000E000E000E00000000000000006
:10CA90000000000000000000000000000000000096
:10CAA00000000000600060000000000000000000C6
:10CAB0000000000000006000600040002000200036
:10CAC00000000000000000000004000200018000DF
:10CAD00040002000100008000400080010002000A2
:10CAE000400080000001000200040000000000007F
:10CAF0000000000000000000000000000000000036
:10CB000000000000FE07000000000000FE0700001B
:10CB10000000000000000000000000000000000015
:10CB200000000000000000000400080010002000C9
:10CB300040008000000100020004000200018000AB
:10CB40004000200010000800040000000000000069
:10CB500000000000000000000000E0031806040CC4
:10CB6000040C0C0C0C0C000780014000400040003D
:10CB700000000000E000E000E00000000000000015
:10CB80000000000000000000E00018030C02CC05CB
:10CB900064056605A605B604B604B604B604B60276
:10CBA000E4010C040C021803F00000000000000077
:10CBB0000000000000000000000060006000500065
:10CBC000D00090009000880088010801F80104035B
:10CBD00004030402020202060F0F0000000000001E
:10CBE00000000000000000000000FE008C030C03A9
:10CBF0000C030C030C038C01FC000C030C020C0650
:10CC00000C060C060C060C03FE01000000000000E0
:10CC100000000000000000000000E00318030C0604
:10CC20000C040404060006000600060006000600C8
:10CC300006040C040C021803F000000000000000C1
:10CC4000000000000000000000007F008C010C03C9
:10CC50000C030C060C060C060C060C060C060C0647
:10CC60000C060C030C038C017F0000000000000088
:10CC700000000000000000000000FF03060306049F
:10CC80000604060086008600FE00860086008600F8
:10CC90000600060406040602FF0300000000000070
:10CCA00000000000000000000000FF03060306046F
:10CCB0000604060086008600FE00860086008600C8
:10CCC00006000600060006001F000000000000002D
:10CCD00000000000000000000000F00018010C023D
:10CCE0000C0204020600060006000600C60F06033A
:10CCF00006030C030C031803F00000000000000002
:10CD0000000000000000000000000F0F06060606ED
:10CD10000606060606060606FE07060606060606BA
:10CD200006060606060606060F0F000000000000B5
:10CD300000000000000000000000FC036000600034
:10CD400060006000600060006000600060006000E3
:10CD50006000600060006000FC0300000000000054
:10CD600000000000000000000000F807C000C00044
:10CD7000C000C000C000C000C000C000C000C000B3
:10CD8000C000C000C000C000C000C60066003C007B
:10CD900000000000000000000000CF038601C60074
:10CDA00046002600160036002E006E004600C60023
:10CDB00086008601060106038F07000000000000C0
:10CDC000000000000000000000001F000600060038
:10CDD0000600060006000600060006000600060023
:10CDE0000600060406040602FF030000000000001F
:10CDF0000000000000000000000007078603860313
:10CE00008E038E034E034E034A035A035A033A031A
:10CE100032033203320312038707000000000000D0
:10CE2000000000000000000000008E0F0C021C0239
:10CE30001C0234023402640264024402C40284020A
:10CE400084038403040304031F02000000000000A5
:10CE500000000000000000000000F00098010C033A
:10CE60000C02060606060606060606060606060660
:10CE700006060C020C039801F00000000000000000
:10CE800000000000000000000000FF00060306068E
:10CE900006060606060606068603FE0006000600CF
:10CEA00006000600060006001F000000000000004B
:10CEB00000000000000000000000F00098010C03DA
:10CEC0000C02060606060606060606060606060600
:10CED00076064C02CC039801F000800700030000A6
:10CEE00000000000000000000000FF01060306062D
:10CEF0000606060606060603FE004600C600860075
:10CF000086010603060306060F0E0000000000005F
:10CF100000000000000000000000F8020C03060200
:10CF2000060206000E003C00F800E0038003000744
:10CF30000206020606060C03F001000000000000D5
:10CF400000000000000000000000FE07620461080D
:10CF500061086000600060006000600060006000C8
:10CF60006000600060006000F80100000000000048
:10CF7000000000000000000000001E070C020C0270
:10CF80000C020C020C020C020C020C020C020C0231
:10CF90000C020C020C021801F0000000000000005E
:10CFA000000000000000000000000F07060204015E
:10CFB00004010C010C0188008800980098005000C2
:10CFC0005000700030002000200000000000000031
:10CFD00000000000000000000000F70E62044204A0
:10CFE0004604460464026402E402E4029C029C01DA
:10CFF0009801980188018800880000000000000066
:10D00000000000000000000000009E070C01080165
:10D0100018019000B0006000200060006000D000A7
:10D0200090008801080104038E0700000000000042
:10D03000000000000000000000000F0F06040402C2
:10D040000C0208011801B800B00070006000600018
:10D050006000600060006000F80100000000000057
:10D0600000000000000000000000FC070C020603A6
:10D0700002018001800040004000200020001000DC
:10D08000180008040C040402FE0300000000000065
:10D0900000000000E003200020002000200020000D
:10D0A0002000200020002000200020002000200080
:10D0B000200020002000200020002000E0030000CD
:10D0C0000000000000000000040004000800080048
:10D0D0001000100010002000200040004000C000A0
:10D0E0008000800000010001000200020002000434
:10D0F000000000007C004000400040004000400074
:10D10000400040004000400040004000400040001F
:10D110004000400040004000400040007C00000013
:10D120000000600090000801000000000000000006
:10D1300000000000000000000000000000000000EF
:10D1400000000000000000000000000000000000DF
:10D1500000000000000000000000000000000000CF
:10D1600000000000000000000000000000000000BF
:10D170000000000000000000000000000000FF0FA1
:10D180000000000018006000000000000000000027
:10D19000000000000000000000000000000000008F
:10D1A000000000000000000000000000000000007F
:10D1B000000000000000000000000000000000006F
:10D1C00000000000F0010C030C030003E0031C034B
:10D1D0000E03060306038E0B7C0E00000000000009
:10D1E000000000000000000008000E000C000C0011
:10D1F0000C000C00CC013C031C060C060C060C06B3
:10D200000C060C060C021C03E401000000000000E8
:10D21000000000000000000000000000000000000E
:10D2200000000000F0008C018C0186010600060061
:10D23000060006020C020C01F000000000000000D5
:10D2400000000000000000000002C0030003000313
:10D250000003000378038C030C0306030603060394
:10D260000603060304038C07780100000000000099
:10D2700000000000000000000000000000000000AE
:10D2800000000000E001180308020C060C06FC0771
:10D290000C000C0018041802E0010000000000005F
:10D2A00000000000000000000000C003600630061F
:10D2B00030003000FE01300030003000300030001F
:10D2C0003000300030003000FC01000000000000A1
:10D2D000000000000000000000000000000000004E
:10D2E00000000000F007D8068C018C018C01980129
:10D2F000F8000C00FC00CC03060306038E03F800C4
:10D30000000000000000000008000E000C000C00EF
:10D310000C000C00EC011C030C030C030C030C03AD
:10D320000C030C030C030C039E070000000000001C
:10D33000000000000000000000006000600000002D
:10D34000000040007C006000600060006000600041
:10D350006000600060006000FC030000000000004E
:10D3600000000000000000000000C001C00100003B
:10D3700000000001F0018001800180018001800136
:10D38000800180018001800180018001CC007C004F
:10D39000000000000000000008000E000C000C005F
:10D3A0000C000C008C038C008C004C006C005C00AA
:10D3B0008C008C010C010C039E0700000000000093
:10D3C000000000000000000040007C0060006000E1
:10D3D000600060006000600060006000600060004D
:10D3E0006000600060006000FC03000000000000BE
:10D3F000000000000000000000000000000000002D
:10D40000000000003707EE0666066606660666063A
:10D410006606660666066606FF0F0000000000004E
:10D4200000000000000000000000000000000000FC
:10D4300000000000EE011C030C030C030C030C03A2
:10D440000C030C030C030C039E07000000000000FB
:10D4500000000000000000000000000000000000CC
:10D4600000000000F00098010C0306060606060600
:10D47000060606060C030C03F00000000000000086
:10D48000000000000000000000000000000000009C
:10D4900000000000EE011C030C060C060C060C0636
:10D4A0000C060C060C031C03EC010C000C003E00E7
:10D4B000000000000000000000000000000000006C
:10D4C0000000000078028C030C0306030603060329
:10D4D0000603060304038C03780300030003C0075C
:10D4E000000000000000000000000000000000003C
:10D4F000000000009F0358063806180018001800A6
:10D500001800180018001800FF00000000000000BC
:10D51000000000000000000000000000000000000B
:10D5200000000000F0031C030C020C023800F000A5
:10D53000C003040304038C03FC010000000000008E
:10D54000000000000000000000000000200020009B
:10D5500030003000FE01300030003000300030007C
:10D560003000300030023002E00100000000000016
:10D5700000000000000000000000000000000000AB
:10D58000000008028E030C030C030C030C030C03B5
:10D590000C030C030C039C07780100000000000042
:10D5A000000000000000000000000000000000007B
:10D5B000000000001E070C0208010801180190007D
:10D5C000B000B0006000600020000000000000001B
:10D5D000000000000000000000000000000000004B
:10D5E00000000000F70E6204460464026402EC02CC
:10D5F0009C019801980198010800000000000000BB
:10D60000000000000000000000000000000000001A
:10D6100000000000BC0718011001B00060006000AD
:10D62000E0009000080108039E07000000000000D1
:10D6300000000000000000000000000000000000EA
:10D64000000000009E0708010801080190009000FA
:10D65000B0006000600060002000200024001C007A
:10D6600000000000000000000000000000000000BA
:10D6700000000000FC018401C400440060002000A0
:10D680003000180208020C03FC010000000000003A
:10D690000000000000038000800080008000800007
:10D6A000800080008000400020004000800080005A
:10D6B0008000800080008000800080000003000067
:10D6C000400040004000400040004000400040005A
:10D6D000400040004000400040004000400040004A
:10D6E000400040004000400040004000400040003A
:10D6F000000000000C0010001000100010001000CE
:10D700001000100010002000400020001000100049
:10D710001000100010001000100010000C0000009D
:10D7200000001C002204C20480030000000000006E
:10D7300000000000000000000000000000000000E9
:10D7400000000000000000000000000000000000D9
:10D7500000000000000000000000000000000000C9
:10D7600000000000000000000000000000000000B9
:10D7700000000000000000000000000000000000A9
:10D780000000000000000000000000000000000099
:10D7900000000000000000000000C001C001C00146
:10D7A000C001C001C001C001800080008000800075
:10D7B0008000800080000000000000000000800168
:10D7C000C003C00380010000000000000000000052
:10D7D000000000000000E01CE01CF01E700E380786
:10D7E0001803080184000000000000000000000091
:10D7F0000000000000000000000000000000000029
:10D800000000000000000000000000000000000018
:10D8100000000000000000000000000020102010A8
:10D82000201020102010FE7FFE7F10081008100826
:10D830001008100810081008FE7FFE7F0804080476
:10D8400008040804080400000000000000000000B4
:10D85000000000000000000000010001C007601986
:10D86000103118311839183938017001E001C0033E
:10D870008007000F001D003900311C311C310C31B4
:10D880000C11180DE007000100010001000000006C
:10D890000000000000000000000000001C1036180E
:10D8A0006308630C63046304630263026301361D4F
:10D8B0009C37802280634063406320632063306331
:10D8C00010221836081C00000000000000000000B4
:10D8D000000000000000000000000000F0009801BF
:10D8E0008C018C018C018C018C00CC007800183EDE
:10D8F0001C083608320863046304C304C30383436B
:10D9000006438E26781C0000000000000000000086
:10D910000000000000001C003C003C003000300013
:10D9200010000C00060000000000000000000000D5
:10D9300000000000000000000000000000000000E7
:10D9400000000000000000000000000000000000D7
:10D950000000000000000040002000100008000C43
:10D960000004000600030003000380018001800121
:10D970008001800180018001800100030003000319
:10D9800000060006000C0008001000200040000007
:10D990000000000000000200040008001000300039
:10D9A00020006000C000C000C00080018001800134
:10D9B00080018001800180018001C000C000C000A2
:10D9C0006000600030001000080004000200000049
:10D9D0000000000000000000000000000000000047
:10D9E00000018003800300011C713C79783DC00771
:10D9F0000001C007783D3C791C7100018003800361
:10DA00008001000000000000000000000000000095
:10DA10000000000000000000000000000000000006
:10DA200000000001000100010001000100010001EF
:10DA3000FC7F000100010001000100010001000164
:10DA400000000000000000000000000000000000D6
:10DA500000000000000000000000000000000000C6
:10DA600000000000000000000000000000000000B6
:10DA700000000000000000000000000000000000A6
:10DA80001C003C003C003000300010000C00060080
:10DA90000000000000000000000000000000000086
:10DAA0000000000000000000000000000000000076
:10DAB000FE7F0000000000000000000000000000E9
:10DAC0000000000000000000000000000000000056
:10DAD0000000000000000000000000000000000046
:10DAE0000000000000000000000000000000000036
:10DAF000000000000000000000000000000018000E
:10DB00003C003C0018000000000000000000000085
:10DB10000000000000000040006000200030001005
:10DB200000180008000C00040006000200030001B9
:10DB300080018000C0004000600020003000100024
:10DB4000180008000C00040006000200000000009D
:10DB5000000000000000000000000000C007600C92
:10DB600030181830183018200C600C600C600C60F5
:10DB70000C600C600C600C600C60182018301830C1
:10DB80003018600CC007000000000000000000001A
:10DB90000000000000000000000000000001800103
:10DBA000F8018001800180018001800180018001F5
:10DBB000800180018001800180018001800180015D
:10DBC0008001C003F81F00000000000000000000FA
:10DBD000000000000000000000000000E007101C32
:10DBE0000818043004300C300C30003000180008E5
:10DBF00000040002000180004000202010200820C6
:10DC00000430FC1FFC1F00000000000000000000AA
:10DC1000000000000000000000000000E003180EFB
:10DC20000C0C0C180C180C180018000C0006C00383
:10DC3000000E00180010003000300C300C300C10BA
:10DC40000C18180CE00300000000000000000000A9
:10DC5000000000000000000000000000000C000EAA
:10DC6000000E000F800E800E400E600E200E100E73
:10DC7000100E080E040E040EFE7F000E000E000EA5
:10DC8000000E000E000EC07F00000000000000002B
:10DC9000000000000000000000000000F03FF03F26
:10DCA00010001000100008000800C807280C181801
:10DCB000081000300030003000300C300C300418F8
:10DCC0000418080CF0030000000000000000000031
:10DCD000000000000000000000000000800FC010E5
:10DCE000203010301800180008000C008C0F6C1841
:10DCF0003C301C600C600C600C600C6018601820DC
:10DD000030306018C0070000000000000000000074
:10DD1000000000000000000000000000F83FF83F95
:10DD20001C100C0804080404000400020002000196
:10DD300000010001800080008000C000C000C00021
:10DD4000C000C000C0000000000000000000000093
:10DD5000000000000000000000000000E007300CA0
:10DD600018180C300C300C301C3038187008E007D4
:10DD7000B007180E0C1C0638063006300630063088
:10DD80000C18180CE0030000000000000000000068
:10DD9000000000000000000000000000E003180484
:10DDA0000C080C180610063006300630063006380F
:10DDB0000C3C1836F03100300018001800180C0C1C
:10DDC0000C060C03F0010000000000000000000041
:10DDD0000000000000000000000000000000000043
:10DDE000000000000000000000008001C003C0032C
:10DDF0008001000000000000000000000000800121
:10DE0000C003C0038001000000000000000000000B
:10DE10000000000000000000000000000000000002
:10DE200000000000000000000000C000C000000072
:10DE300000000000000000000000000000000000E2
:10DE40000000C000C00080008000400040000000D2
:10DE5000000000000000000000000020001000088A
:10DE60000004000600038001C000600030001800BC
:10DE70000C00180030006000C000800100030006A4
:10DE80000004000800100020000000000000000056
:10DE90000000000000000000000000000000000082
:10DEA00000000000000000000000FE7F00000000F5
:10DEB000000000000000FE7F0000000000000000E5
:10DEC0000000000000000000000000000000000052
:10DED0000000000000000000000004000800100026
:10DEE00020006000C000800100030006000C001844
:10DEF00000300018000C000600038001C000600024
:10DF000020001000080004000000000000000000D5
:10DF100000000000000000000000C00730180830BA
:10DF200008600C601C601C601C600030001C000657
:10DF3000000180008000800080000000000080015F
:10DF4000C003C003800100000000000000000000CA
:10DF5000000000000000000000000000C007601882
:10DF6000103018200C2F8C4D864CC64CC64C664C7D
:10DF700066446644662666266615CC1C0C4008205E
:10DF800018303018C007000000000000000000003A
:10DF9000000000000000000000000001C001C001FE
:10DFA000C001400160032003200320033006100657
:10DFB00010061006F80F080C080C080C0C0C0418BE
:10DFC000041806181F7C000000000000000000007C
:10DFD000000000000000000000000000FE07181C08
:10DFE000183818301830183018301818180CF8076E
:10DFF0001818183018201860186018601860186019
:10E0000018301818FE0F000000000000000000008B
:10E01000000000000000000000000000C027603881
:10E02000103018200C400C400400060006000600CA
:10E03000060006000600060006000C400C400C20FE
:10E0400018303018C0070000000000000000000079
:10E05000000000000000000000000000FE03180E99
:10E0600018181830183018301860186018601860C8
:10E070001860186018601860186018301830181090
:10E080001818180EFE030000000000000000000039
:10E09000000000000000000000000000FE3F1830FB
:10E0A000182018601840180018081808180CF80FE5
:10E0B000180C180818081800180018001840184004
:10E0C00018201830FE3F0000000000000000000093
:10E0D000000000000000000000000000FE7F18703B
:10E0E000184018C018801800181018101818F81FB9
:10E0F0001818181018101800180018001800180028
:10E10000180018007E000000000000000000000061
:10E11000000000000000000000000000C013701CA0
:10E12000101018100C200C20040006000600060039
:10E130000600060006FC063006300C300C301830A5
:10E1400018303008C0070000000000000000000088
:10E150000000000000000000000000003F7E0C18DE
:10E160000C180C180C180C180C180C180C180C188F
:10E17000FC1F0C180C180C180C180C180C180C1888
:10E180000C180C183F7E000000000000000000008A
:10E19000000000000000000000000000F81F8001E7
:10E1A0008001800180018001800180018001800167
:10E1B0008001800180018001800180018001800157
:10E1C00080018001F81F0000000000000000000036
:10E1D000000000000000000000000000E07F0006DA
:10E1E00000060006000600060006000600060006FF
:10E1F00000060006000600060006000600060006EF
:10E2000000060006000600060E060E038E01FC0046
:10E210000000000000000000000000007E7C1818D4
:10E220001808180418061802180198019801D80156
:10E23000B803380318071806180E180C181C1818FD
:10E24000183018307EFC00000000000000000000C4
:10E250000000000000000000000000007E00180028
:10E2600018001800180018001800180018001800EE
:10E27000180018001800180018001800184018405E
:10E2800018201830FE3F00000000000000000000D1
:10E290000000000000000000000000001FF81C3813
:10E2A0001C381C381C3C3434343434343436743226
:10E2B0006432643264326431C431C431C431C43034
:10E2C000C43084309FFC000000000000000000000B
:10E2D0000000000000000000000000001F7C1C1077
:10E2E0003C103410341074106410E410C410C411C5
:10E2F00084118413041304170416041E041C041C44
:10E30000041C04181F18000000000000000000009A
:10E31000000000000000000000000000C003300CFE
:10E32000181808100C300C30066006600660066095
:10E33000066006600660066006600C200C3008105F
:10E340001818300CC003000000000000000000009E
:10E35000000000000000000000000000FE0F181880
:10E360001830186018601860186018601830181895
:10E37000F80F1800180018001800180018001800EE
:10E38000180018007E0000000000000000000000DF
:10E39000000000000000000000000000C003300C7E
:10E3A00018180C100C300C20066006600660066021
:10E3B00006600660066006600660E4612C331C326D
:10E3C0001816300EC007004C007C0038000000001A
:10E3D000000000000000000000000000FE07181C04
:10E3E000183818301830183018301818180CF8076A
:10E3F00098031803180718061806180E180C180C9E
:10E40000181C18187E7800000000000000000000B2
:10E41000000000000000000000000000E02730388D
:10E4200018300C200C200C000C0018007800E003C1
:10E43000800F001E003800700060046004600860F7
:10E4400018303818C80F000000000000000000005D
:10E45000000000000000000000000000FC3F8C21D4
:10E4600084618241824180018001800180018001BC
:10E470008001800180018001800180018001800194
:10E4800080018001E00700000000000000000000A3
:10E490000000000000000000000000003F7C0C10A5
:10E4A0000C100C100C100C100C100C100C100C108C
:10E4B0000C100C100C100C100C100C100C100C107C
:10E4C00008083804E003000000000000000000001D
:10E4D0000000000000000000000000003EF81820CE
:10E4E00018201820301030103010301060086008EC
:10E4F0006008E00CC004C004C004800380038003F3
:10E500008003000100010000000000000000000086
:10E51000000000000000000000000000DFF3866142
:10E52000862186218C210C218C238C138C138C1337
:10E530004C1358125816580E380E380E380E300C30
:10E54000100410041004000000000000000000008F
:10E550000000000000000000000000007E3E1808DF
:10E5600038083004300470026002E001C001C001CC
:10E57000800180034003400720062006100C100C89
:10E58000081808183E7C0000000000000000000091
:10E590000000000000000000000000007E7C1C1055
:10E5A000181018083008300C700460046002C002B3
:10E5B000C002C001800180018001800180018001D2
:10E5C00080018001E0070000000000000000000062
:10E5D000000000000000000000000000F83F1818D4
:10E5E0000818040C040E00060007000380038001D5
:10E5F000C001C000E000600070003000382018202A
:10E600001C100C18FE1F000000000000000000009D
:10E61000000000000000C03F4000400040004000FB
:10E6200040004000400040004000400040004000EA
:10E6300040004000400040004000400040004000DA
:10E6400040004000400040004000C03F000000008B
:10E650000000000000000000000008001800180082
:10E66000100030002000600060004000C00080000A
:10E670008001800100010003000200060006000482
:10E68000000C0008001800180010003000200000E6
:10E69000000000000000FC03000200020002000273
:10E6A000000200020002000200020002000200025A
:10E6B000000200020002000200020002000200024A
:10E6C00000020002000200020002FC030000000041
:10E6D0000000000000008007C006200810100000A5
:10E6E000000000000000000000000000000000002A
:10E6F000000000000000000000000000000000001A
:10E700000000000000000000000000000000000009
:10E7100000000000000000000000000000000000F9
:10E7200000000000000000000000000000000000E9
:10E7300000000000000000000000000000000000D9
:10E740000000000000000000000000000000FFFFCB
:10E750000000000000007800C00000010000000080
:10E7600000000000000000000000000000000000A9
:10E770000000000000000000000000000000000099
:10E780000000000000000000000000000000000089
:10E790000000000000000000000000000000000079
:10E7A00000000000000000000000F00318060C0C40
:10E7B0000C0C000C800F700C1C0C0C0C060C060CC6
:10E7C000064C0C4FF838000000000000000000006C
:10E7D0000000000000000000000010001E001800F3
:10E7E00018001800180018001800180FD818383032
:10E7F0003860186018601860186018601860182079
:10E8000038307818C8070000000000000000000041
:10E8100000000000000000000000000000000000F8
:10E8200000000000000000000000C007700C181875
:10E8300018180C180C000C000C000C000C201820F0
:10E8400018103008C00700000000000000000000A1
:10E85000000000000000000000000010001E001872
:10E8600000180018001800180018E01B301C1818B9
:10E8700018180C180C180C180C180C180C18081870
:10E88000181C307AE00900000000000000000000C1
:10E890000000000000000000000000000000000078
:10E8A00000000000000000000000C007300C181835
:10E8B00008100C300C30FC3F0C000C000C00182031
:10E8C00018107018C00700000000000000000000D1
:10E8D000000000000000000000000000003E80C3B7
:10E8E00080C0C0C0C000C000C000FC1FC000C0008D
:10E8F000C000C000C000C000C000C000C000C00018
:10E90000C000C000F80F0000000000000000000080
:10E9100000000000000000000000000000000000F7
:10E9200000000000000000000000C077306C1018EC
:10E930001818181818181018300CF00718001800BC
:10E94000F00FF03F08700C600C600C603838E00F7E
:10E950000000000000000000000010001E00180071
:10E9600018001800180018001800980FD818383030
:10E970001830183018301830183018301830183057
:10E98000183018307EFC000000000000000000007D
:10E990000000000000000000000000008003800371
:10E9A00080030000000000000001F80180018001E8
:10E9B000800180018001800180018001800180014F
:10E9C00080018001F81F000000000000000000002E
:10E9D00000000000000000000000000000380038C7
:10E9E00000380000000000000010801F0018001810
:10E9F0000018001800180018001800180018001857
:10EA000000180018001800180018180C1806F00359
:10EA10000000000000000000000010001E001800B0
:10EA200018001800180018001800183E180C1806D6
:10EA3000180318019801D801380318071806180C94
:10EA4000181C18187E7C0000000000000000000068
:10EA5000000000000000000000000001F80180013B
:10EA6000800180018001800180018001800180019E
:10EA7000800180018001800180018001800180018E
:10EA800080018001F81F000000000000000000006D
:10EA90000000000000000000000000000000000076
:10EAA00000000000000000000800EE1C9C338C31C8
:10EAB0008C318C318C318C318C318C318C318C316E
:10EAC0008C318C31DE7B0000000000000000000073
:10EAD0000000000000000000000000000000000036
:10EAE000000000000000000010001E0FD818383091
:10EAF00018301830183018301830183018301830D6
:10EB0000183018307EFC00000000000000000000FB
:10EB100000000000000000000000000000000000F5
:10EB200000000000000000000000C007701C103052
:10EB300018300C600C600C600C600C600C601830BD
:10EB400018303018C007000000000000000000006E
:10EB500000000000000000000000000000000000B5
:10EB6000000000000000000010009E0F5818383010
:10EB70001820186018601860186018601860183045
:10EB800038307818980718001800180018007E0010
:10EB90000000000000000000000000000000000075
:10EBA00000000000000000000000C023303C1838C6
:10EBB00018300C300C300C300C300C300C3008306D
:10EBC0001838303CE033003000300030003000FCBA
:10EBD0000000000000000000000000000000000035
:10EBE000000000000000000060007E3C6066606184
:10EBF000E000E00060006000600060006000600015
:10EC000060006000FE07000000000000000000003F
:10EC100000000000000000000000000000000000F4
:10EC200000000000000000000000E027303818302D
:10EC3000182018007000E003800F001C043004301E
:10EC40000C301C18EC0F0000000000000000000059
:10EC500000000000000000000000000000000000B4
:10EC6000800080008000C000E000FC1FC000C000E9
:10EC7000C000C000C000C000C000C000C000C02074
:10EC8000C0208011000F0000000000000000000004
:10EC90000000000000000000000000000000000074
:10ECA000000000000000000010201E3C183018304A
:10ECB0001830183018301830183018301830183014
:10ECC000183830F4E01300000000000000000000DD
:10ECD0000000000000000000000000000000000034
:10ECE000000000000000000000007E3C181818081A
:10ECF000380830043004700260026002E001C00194
:10ED0000C001C00080000000000000000000000002
:10ED100000000000000000000000000000000000F3
:10ED200000000000000000000000DFF78E630C23ED
:10ED30008C238C239813981358165816700E700E47
:10ED4000700E2004200400000000000000000000FD
:10ED500000000000000000000000000000000000B3
:10ED600000000000000000000000FC3E700870047D
:10ED7000E004C002C0018003800340076006200C4D
:10ED8000100C18183E7E000000000000000000007B
:10ED90000000000000000000000000000000000073
:10EDA000000000000000000000007E7C1818180819
:10EDB00030083008300460046004C002C002C002A1
:10EDC0008001800180018000800080004C003C00B8
:10EDD0000000000000000000000000000000000033
:10EDE00000000000000000000000FC1F0C0C040EDE
:10EDF0000406000380038001C000E0007020302082
:10EE000038301C18FC1F000000000000000000004B
:10EE100000000000000000300008000400040004AE
:10EE200000040004000400040004000400040002C4
:10EE30008001000200040004000400040004000437
:10EE40000004000400040004000400080030000076
:10EE500000010001000100010001000100010001AA
:10EE6000000100010001000100010001000100019A
:10EE7000000100010001000100010001000100018A
:10EE8000000100010001000100010001000100017A
:10EE90000000000000000C001000200020002000F6
:10EEA0002000200020002000200020002000400042
:10EEB00080014000200020002000200020002000D1
:10EEC0002000200020002000200010000C00000086
:10EED00000003800C400864002610022001C0000CF
:10EEE0000000000000000000000000000000000022
:10EEF0000000000000000000000000000000000012
:10EF00000000000000000000000000000000000001
:10EF1000D6D0200020002000FE032202220222027E
:10EF2000FE032202200020002000BEB0FC010401EC
:10EF3000FC010401FC012000FF070401FC0120008A
:10EF400024013202D4B0FE070204FA0402040204CF
:10EF5000FE05520452044A0586050204FE07B5E781
:10EF600010001000FF0111011101FF011101110139
:10EF7000FF0111041004E007D7D30000FC0180005A
:10EF8000400020002000FF0720002000200020007B
:10EF90003800D6D08000800080008000FC1F8410E4
:10EFA0008410841084108410FC1F84108000800062
:10EFB00080008000BEB0F80F0808F80F0808F80FAE
:10EFC0008000FF7F0000F80F08080808F80F800095
:10EFD0008410A2204000D4B00000FE3F0220F2279F
:10EFE00002200220FA2F2221222122211229122975
:10EFF0000A2E0220FE3F0220B5E78000800080003C
:10F00000FC1F841084108410FC1F84108410841052
:10F01000FC1F845080408040007FD7D30000FE1F3B
:10F0200000080004000280018000FF7F8000800053
:10F030008000800080008000A0004000D6D000004A
:10F040000000000000180000080000080000080090
:10F05000080818F8FF1F18081818081818081818B2
:10F060000818180818180818F8FF1F0808080008DA
:10F070000000080000080000080000180000180048
:10F08000001800000000BEB00000000000004000BA
:10F0900006C0FF07400006C0FF07400006C0FF078C
:10F0A000400802003000FEFF3F000000C0FF07C024
:10F0B0000002C00002C00002C0FF038010008011E7
:10F0C0000160100E3010180C1E30001C00000000F3
:10F0D000D4B0000000000000080030F8FF1F080056
:10F0E0001008C010083F1008001008001008001396
:10F0F000C8FF100822100822100822100822100849
:10F10000211208211488601648C013280010080036
:10F1100010F8FF1F080010000000B5E70000000015
:10F120000000001800000800000800000800F0FFC0
:10F130000F100804100804100804100804F0FF075A
:10F14000100804100804100804100804F0FF071049
:10F15000080000081000081000082000183000F017
:10F160001F000000D7D3000000000000000004F0E2
:10F17000FF0F00000600000100C00000280000187A
:10F1800000001800001830FEFF7F00180000180073
:10F1900000180000180000180000180000180000F7
:10F1A0001800001800001F00000C00000000D6D05E
:10F1B000000000000000000000800000008001004E
:10F1C000008001000080010000800100008001003B
:10F1D0001080010CF0FFFF0F30800104308001042B
:10F1E000308001043080010430800104308001044B
:10F1F0003080010430800104F0FFFF0730800104FB
:10F2000030800104008001000080010000800100C6
:10F2100000800100008001000080010000800100EA
:10F22000008001000080010000800000000000005C
:10F23000BEB000000000000000000000000000015F
:10F24000800100FFFF01000380010003800100FF37
:10F25000FF01000380010003800100FFFF01008126
:10F260008100000003000000031CFCFFFF3F0000C2
:10F2700040000003C00100FFFF010003C0000003C5
:10F28000C0000003C00000FFFF00000141000004B7
:10F290000100000E7100000781018001010760007C
:10F2A000010E1898011C04E0011800C000000000C5
:10F2B0000000D4B0000000000000000000000008C2
:10F2C000F0FFFF1F3000000C3000000C3000100C6D
:10F2D00030FE3F0C3004000C3000000C3000000CFD
:10F2E0003000000C3000C00CF0FFFF0D3030060E77
:10F2F0003030060C3010060C3010060C3010060CA6
:10F300003018860C3018860C3008060D300C860D2F
:10F310003006EE0F3002FC0D3001000CF000000C46
:10F320003000000CF0FFFF0F3000000C1000000454
:10F3300000000000B5E7000000000000000000C071
:10F34000000000C0010000C0000000C0000000C0BC
:10F35000000000C00000E0FFFF0360C0000360C0C9
:10F36000000360C0000360C0000360C0000360C011
:10F370000003E0FFFF0360C0000360C0000360C043
:10F38000000360C0000360C00003E0FFFF0360C033
:10F39000000160C0000000C0000800C0001000C0F4
:10F3A000001000C0001800C001380080FF1F0000DE
:10F3B000000000000000D7D30000000000000000A3
:10F3C0000000000000000003C0FFFF0700008007EE
:10F3D0000000C000000060000000180000000C00E9
:10F3E000008003000080030000800100008001080D
:10F3F0000080011CFCFFFF3F008001000080010035
:10F4000000800100008001000080010000800100F8
:10F4100000800100008001000080010000800100E8
:10F42000008001000080010000FC010000E00000FD
:10F4300000400000000000001F1C1F1E1F1E1F1F99
:10F440001E1F1E1F00000000C9AC0208C1AD02084B
:10F450000000000009B10208820082004A02000098
:10F46000000001E001E0000044F404083543020814
:10F47000000000000000000000000000C300C30006
:10F48000041C000044F40408851403080000000074
:10F49000000000000000000064202B0000000000BD
:10F4A00044F4040861150308000000000000000097
:10F4B000000000006420D12700000000A0C905085A
:10F4C00011F302080000000000000000000000002E
:10F4D0000000000000000000210020000A080B08C6
:10F4E0000D300C300E380F386400630000000EA0A1
:10F4F000D90D90C80C80B70A60110B80D91F0991F3
:10F50000F0881F0880F088000000000D203C0000FB
:10F510000F0069002FFFFFFFF7015C11A6100069C3
:10F5200000C300008800D2009FFFFFFFF012C52338
:10F53000E22000D203C00000F004B0000000700020
:10F5400000000E00000000E0000019EFEA300CD6C9
:10F55000E6A702F40E00001F80E000006FEF5000ED
:10F560000016FFE500000E0AF00100E05F13F85EF0
:10F570006EB005CFFE9100000E000000007000008C
:10F5800008DD3000A7004B02D004C0007700D01D7A
:10F5900020004B03D0A7000007DC34C4CC300000AF
:10F5A0001D2D22D00000A63B00B30005C03A00A3E9
:10F5B000001D200D00D000A60004CC40004DFC3002
:10F5C0000000F718C00001F205D00000BB6E40003B
:10F5D000005FF3000007E6DB03802F301DBAA05F59
:10F5E0000001DF401FB448FEC003BFFC40B2000072
:10F5F0000000001F01F01F00F0000003F10B900F4E
:10F60000404F007D009B00AA00AA009B007D004F98
:10F61000000F400B9003F15E000E6008C004F00183
:10F62000F300F500E600E600F501F304F008C00E73
:10F63000605E0000930088A6C209FE404DDDB14225
:10F640009350005200000450000008A0000008A0E1
:10F65000001FFFFFF30339B3300008A0000008A02B
:10F66000000103F61E60E12C00000003FFF90333E4
:10F67000100003F52E4000000E400004E000009A48
:10F6800000000E400004F000009A00000E4000034D
:10F69000F000009A00000E500003F000009A0000F5
:10F6A0000E500003F00000004CFE70004FB68F902B
:10F6B0000DB0005F32F40000E74F20000CA4F20010
:10F6C00000CA2F40000E70DB0005F204FB68F90051
:10F6D00004CFE700EFFB44CB00AB00AB00AB00ABCB
:10F6E00000AB00AB00AB00AB07DFEA108E857EC03D
:10F6F000010006F1000006F000000D900000CC00B3
:10F70000001CC00001DB00001DE544427FFFFFF943
:10F710007FFFFFF024445F900000BC000009E1007F
:10F72000003FD81000046DD0000002F4100002F475
:10F73000BD757DD019DFEA1000000DA0000000ACFF
:10F7400000000007E10000004F40100002F600F545
:10F75000001DA000F5007FFFFFFFF3133333F730E8
:10F76000000000F500000000F50009FFFFF00AB4FA
:10F7700044400C8000000E7000000FFFFC4003347A
:10F780005CF2000000F7100000F78E856CF108DFD6
:10F79000FB30002AEFD5003FD657400CC0000002D6
:10F7A000F40000004F5BFFA104FE845DD03F8000A9
:10F7B0003F30E80003F206F845DC0005DFE9109F62
:10F7C000FFFFFD9D4444E99C0004F200000BB000E3
:10F7D000002F400000AD000001F6000008E000002E
:10F7E0000E8000006F1000019EFE9100BE636EC08F
:10F7F0000F60006F00CC202BC002EFFFE200DC4264
:10F800004CD05F20001F55F20002F50ED535DE000A
:10F810001AEFEA1003BFEA202FA44BE18E0000E9A3
:10F820009D0000DD4F7129FF07FFFC9E000210AC18
:10F83000000002F607658FB00AEFD7002E53F500DF
:10F8400000000000003F52E42E53F50000000000CD
:10F85000002E52F60D21D001000000003100006C96
:10F86000F2018ED6000FC300000AFB40000017EE25
:10F8700070000005C3000000001FFFFFF3033333D7
:10F880003000000000000000001FFFFFF3033333CF
:10F8900030040000000ED71000005CF92000002AA0
:10F8A000F20003AFB106DE82001C60000000000021
:10F8B0000007DFEA109E746EC0010006F000000928
:10F8C000C000008E200006F200000870000000005A
:10F8D00000000B8000000C900000006CEFDA40008C
:10F8E000003DA41016D90001E509EE98CA900A80DF
:10F8F000BD43AFC0D30F13F2000CC0693C06D0006B
:10F9000007C03B4B06D00007C02C3C03F2000CC0E4
:10F910004A0F10BD439EE3C50A8009EE91CF9001C6
:10F92000E50000000000003DA41028000000007C5D
:10F93000EFD9100000000CF1000000003FD70000DC
:10F940000000B96E00000002F20E50000009A0078E
:10F95000D000001F3000F400007FFFFFFB0000E735
:10F9600033334F2005F000000C900C90000006F19E
:10F970008FFFFEC408E3334BF28E00001F58E000F7
:10F9800018F18FFFFFF808E33337F68E000009C83F
:10F99000E000009D8E33347F78FFFFFD700007CFBD
:10F9A000FB4000CF966AF50AE20000301F600000BD
:10F9B000004F200000004F200000001F60000000EA
:10F9C0000AE200003001CF966AF50007DFFB408FA6
:10F9D000FFFEA4008E4446CF708E000007F38E0019
:10F9E0000000DA8E0000009D8E0000009D8E000059
:10F9F00000DA8E000007F38E4446BF708FFFFEA42E
:10FA0000008FFFFFF68E4444418E0000008E000000
:10FA1000008FFFFFC08E3333208E0000008E000069
:10FA2000008E4444428FFFFFF98FFFFFF68E44445F
:10FA3000418E0000008E0000008E0000008FFFFF4E
:10FA4000C08E3333208E0000008E0000008E000038
:10FA5000000007CFFC5000CF966AF60AE2000020B3
:10FA60001F600000004F200000004F200000B91F61
:10FA7000600000B90AE30000B900CF966AF80007F9
:10FA8000DFFC608E000008E8E000008E8E000008B9
:10FA9000E8E000008E8FFFFFFFE8E333339E8E0027
:10FAA0000008E8E000008E8E000008E8E000008E0C
:10FAB0008E8E8E8E8E8E8E8E8E8E02FFFFC00444B2
:10FAC000BC000009C000009C000009C000009C00B0
:10FAD0000009C02000BA0EB58F603CFE808E000089
:10FAE0004F508E0004F6008E003F70008E03F80029
:10FAF000008E2EC000008EECF600008FB07F30002C
:10FB00008E000AE1008E0000CC008E00001EA08E48
:10FB10000000008E0000008E0000008E0000008EAD
:10FB20000000008E0000008E0000008E0000008E9D
:10FB30004444408FFFFFF28E00000008E8F7000009
:10FB400002FE8FF10000BFE8DCA0004F9E8D2F3039
:10FB50000D87E8D09C06E07E8D01E7E507E8D0063A
:10FB6000FC007E8D000A2007E8D00000007E8E1089
:10FB70000008E8FC00008E8FF90008E8E6F6008E29
:10FB80008E09F308E8E00CE18E8E001EB8E8E00074
:10FB90003FEE8E00006FE8E00000AE0007CFEB50B4
:10FBA0000000CF966BF9000AE200005F601F600062
:10FBB000000AD04F20000006F04F20000006F01F82
:10FBC0006000000AD00AE200005F6000CF966BFA86
:10FBD000000007DFEB50008FFFFD7008E4458FB099
:10FBE0008E00005F38E00001F58E00003F48E00124
:10FBF0004DD08FFFFFB208E33310008E00000008E5
:10FC0000E00000000007CFEB500000CF966BF9003A
:10FC10000AE200005F601F6000000AD04F20000071
:10FC200006F04F20000005F01F6000000AD00AE235
:10FC300000005F6001DF855AFA000008DFFC500019
:10FC4000000001EC21940000001BFFC10000000037
:10FC500012008FFFFD7008E4458FB08E00005F3802
:10FC6000E00001F58E00003F38E0014DD08FFFFF2E
:10FC7000C208E333DA008E0002F608E00005F30163
:10FC80009EFDA200CE646B702F40000001F80000C2
:10FC90000006FD950000016AEE500000009F002064
:10FCA0000005F13FA547EB004BEFE910FFFFFFFF19
:10FCB0002444BD44400009C00000009C000000092D
:10FCC000C00000009C00000009C00000009C000073
:10FCD0000009C00000009C00009C00000BA9C000AF
:10FCE00000BA9C00000BA9C00000BA9C00000BA940
:10FCF000C00000BA8E00000D94F40003F50CF86803
:10FD0000FD0009EFE9100CB000000AC05F200001FF
:10FD1000F500E900008E0008F0000E70001F60057D
:10FD2000F10000AD00C9000003F43F3000000CBA40
:10FD3000C00000005FF500000000EE00006F100042
:10FD40000DB00002F21F60003FF10008D00BB000C0
:10FD50008BE6000D7006F000E69B002F2001F503F6
:10FD6000F14F108D0000CA09B00E60D800006F0E70
:10FD70006009B2F300001F9F1004F9D000000CFBD3
:10FD80000000EF80000007F600009F30003F5000A9
:10FD90000DA008F2009D0000CC04F300002F9E701F
:10FDA000000006FC00000009FE1000004F4DB000EE
:10FDB00001E802F7000BD0007F207F20000BD00C61
:10FDC000B000009C002F50002F30009E000C9000CF
:10FDD00000E805F1000005F3E60000000CFD00005E
:10FDE00000003F4000000002F3000000002F300040
:10FDF000000002F300004FFFFFFF9144444AF3006C
:10FE00000003F6000001EA000000CC0000009E1094
:10FE100000006F4000003F7000001ED4444436FFD5
:10FE2000FFFFFC8FF68D318D008D008D008D008DD4
:10FE3000008D008D008D008D008D008D318FF65D61
:10FE4000000000F200000B8000006D000001F200D5
:10FE5000000B8000006D000001F200000B7000003C
:10FE60006D000001F200000B7000006D000001F257
:10FE7000BFF325F302F302F302F302F302F302F3FA
:10FE800002F302F302F302F325F3BFF300AD000027
:10FE90001EC4000885A000E20E105B00970B500204
:10FEA000E0EEEEEEE00BC00009B004CFEA100B74F8
:10FEB0005DB0000004F004CEEEF21F8214F24F1089
:10FEC00004F21F703DF204DFD7F2BA000000BA005E
:10FED0000000BA000000BA8EFC30BFD54BF3BE1054
:10FEE00000CABA00007EBA00007EBE1000CABFD5AC
:10FEF0005BF3B98EFC30007DFD6009F748F42F50AC
:10FF000000205F0000005F0000002F50002009F774
:10FF100048F4007DFD600000001F40000001F40077
:10FF200000001F4008EFC4F40AF748FF42F500073D
:10FF3000F45F00002F45F00001F42F50006F40AE39
:10FF4000637EF4008EFC4F40008EFC400AD538F4EE
:10FF50002F20008C5FEEEEFF5F2111112F7000103B
:10FF600009F846E4007DFE80009EE305F44108C0E8
:10FF700000CFFFF029D32008D00008D00008D0001F
:10FF800008D00008D00008D000007EFC4E60AF749E
:10FF90007FF62F50005F65F00000F65F00000F62F3
:10FFA000F60006F609F747FF5007EFC4F50000001A
:10FFB0003F20CB646EB003AEFD8000BA000000BAF3
:10FFC000000000BA000000BA8EFB20BFC56DD0BE95
:10FFD0000003F2BA0000F4BA0000F5BA0000F5BA66
:10FFE0000000F5BA0000F5BAA800BABABABABABAAF
:10FFF000BABA000AB0009900000000AB000AB000D5
:020000040805ED
:10000000AB000AB000AB000AB000AB000AB000AA17
:10001000064E71DFA0BA000000BA000000BA00006E
:1000200000BA001CC0BA01CC00BA1CD100BBCF6022
:1000300000BFDBE100BD11DC00BA003F70BA000771
:10004000F3BABABABABABABABABABABAB99EFA1559
:10005000DFD40BFB45EDE64AF2BE0006F6000E7B50
:10006000A0004F2000C9BA0003F1000C9BA0003F84
:100070001000C9BA0003F1000C9BA0003F1000C99A
:10008000B99EFB20BFB45DD0BE0003F2BA0000F4FD
:10009000BA0000F5BA0000F5BA0000F5BA0000F5A4
:1000A000007DFD60009F748F702F50007F05F00071
:1000B00001F35F00002F32F50007F009F748F70061
:1000C00007DFD600B98EFC30BFC43AF3BE1000CAB9
:1000D000BA00007EBA00007EBE1000CABFD55BF336
:1000E000BA7EFC30BA000000BA000000BA0000007E
:1000F000008EFC3F40AF748EF42F50007F45F0001F
:1001000001F45F00002F42F50007F40AF748FF40B2
:1001100008EFC4F40000001F40000001F4000000DC
:100120001F40B98E4BFD71BE100BB000BA000BA082
:1001300000BA000BA00005DFEA13F735A06F00003E
:1001400001EE9610016AEF300000D96C646F62AE68
:10015000FD7008D00008D000CFFFF029D32008D0D0
:100160000008D00008D00008D00005F551009FE33A
:10017000C80002F3C80002F3C80002F3C80002F38B
:10018000C90003F3AB0007F35F837EF306DFC5F31B
:100190000D90000AA06E0001F300F5007D0009C07B
:1001A0000E60003F24F00000C8B9000006FF3000D8
:1001B000000FC000C80006F1000D56D000CF60034C
:1001C000F01F302F9C009A00B807B2F10E4005E0F6
:1001D000D60C74E0000F6F007C990000AFA001FF07
:1001E000400005F4000BE0004F3007E109D02F403C
:1001F00000D9D900003FD000004FE10001E7BB006B
:100200000BB01E707E1005F30D90000AA06F000168
:10021000F300F6007D0009C00D60002F34F00000EF
:10022000C9A9000005FF2000000EC0000000E50085
:100230000094AD00001BFC2000005FFFFFA13337DE
:10024000F40001E70000CB00008E10004F40001EBC
:10025000A33326FFFFFC006EA00F9201F4001F40A5
:1002600001F4003F303FC0006F3001F4001F400137
:10027000F4001F4000FA2005EA8B8B8B8B8B8B8B55
:100280008B8B8B8B8B8B8BBE5002AE0005F0005F8F
:100290000005F0004F1000DF104F5005F0005F0028
:1002A00005F0005F002AE00BE40007EC40B41E25D7
:1002B000DFC00100000004CC302B01C05700932B9D
:1002C00001C005CC3006A10FF60BE20000000000D3
:1002D00000000000000000027BFB000000049DFF06
:1002E000FFD00003AFFFFFFFFD0000AFFFFFFFDF08
:1002F000D0000AFFFFB610ED0000AF9400000ED052
:10030000000AF1000000ED0000AF1000000ED00068
:100310000AF1000045FD0000AF1001EFFFD0179D6E
:10032000F1005FFFFC0EFFFF1000AFFD31FFFFE0AB
:100330000000010003BDA3000000000050188888E1
:10034000888405FABFDDDDDDFDAFE47F100000CA63
:100350004EE04F100000C80EFEEF100000CFEFE09F
:100360003FEEEEEEF80EF68F766666EB6FF8AF10A6
:100370000000CC8FE03F100000C80EFCDF65555533
:10038000EECFC25FFFFFFFF92C57750577777775C2
:10039000FFFF1FFFFFFFFFFFFF2FFFFFFFFFEFFF2D
:1003A0000EFFFFFFFE01100011111110EFFE0EFFF6
:1003B000FFFFFEFFFF2FFFFFFFFFFFFF1FFFFFFFFE
:1003C000FF6887078888888668870788888886FF07
:1003D000FF1FFFFFFFFFFFFF2FFFFFFFFFDFFD0DF1
:1003E000FFFFFFFD000000000001500000000000C2
:1003F0001DF80000000001DFFD000000001DFFE20D
:100400002D600001DFFE20DFF7001DFFE2008FFFFF
:1004100071DFFE200008FFFEFFE20000008FFFFEFC
:100420002000000008FFE200000000007D20000026
:100430000000000000007F60000BE2EFF600BFF854
:100440004FFF6BFFD104FFFFFD10005FFFE10000D5
:10045000BFFFF6000BFFDFFF60BFFD14FFF5CFD13C
:10046000004FF617100003600000001100000000AC
:100470000000FF000000006F21FF12F70006FF617F
:10048000FF16FF601FF901FF109FF16FE001FF10E1
:100490000EF6AF8001FF1008FACF6001FF1006FCD6
:1004A000AF8000AA0008FB7FD00000000DF71FF806
:1004B0000000008FF107FF91002AFF70009FFFEE00
:1004C000FFF9000005CFFFFD5000000002442000AE
:1004D000000000000000000000000AFFA000000073
:1004E000000CFFC0000003D6DFFFFD6D300EFFFFE4
:1004F000FFFFFFE05FFFFFAAFFFFF51AFFF4004FC9
:10050000FFA103FFD0000DFF3004FFF0000FFF40FC
:100510004FFFFB22BFFFF42FFFFFFFFFFFF209FE9B
:10052000FFFFFFEF9000505EFFE5050000000CFFAD
:10053000C00000000004774000000000000310032A
:1005400041000000009FF50DF50000001BFDFF8D30
:10055000F5000002DFB12DFFF500004FF83EC2BFED
:10056000F50007FF55FFFE39FE409FE38FFFFFF5C3
:100570006FF6AC2AFFFFFFFF73E6005FFFFFFFFF90
:10058000F100006FFFD77FFFF200006FFF900DFFBB
:10059000F200006FFF900DFFF200004FFF700BFFA5
:1005A000E1000000003300000000000BFFB000007D
:1005B00000000CFFC0000000000CFFC000000000A5
:1005C0000CFFC0000000000CFFC00000008FFFFF08
:1005D000FFF800002EFFFFFFE2000002EFFFFE2009
:1005E0000000002DFFE20000799982DE289997FF34
:1005F000FFFB22BFFFFFFFFFFFFFFFFFFFFFFFFF2C
:10060000FFFAB3CFACCCCCCCCCCCCA0006BBBBBBC6
:10061000BA3000004FFFFFFFFFE10000EF300000A5
:1006200006FB0009F800000000CF504FD00000008A
:10063000002FE1DF84420000344BF9FFFFFD000191
:10064000FFFFFBFFFFFF988BFFFFFCFFFFFFFFFF9C
:10065000FFFFFCFFFFFFFFFFFFFFFB9FFFFFFFFF11
:10066000FFFFF60000000000003300018DFFC60010
:10067000EF004EFFFFFFE4DF04FFB3004CFFFF0E6F
:10068000F90000008FFF6FC00001FFFFFF8E5000D8
:1006900001DEEEED0000000000000022222200003A
:1006A0000021FFFFFF100008F8FFFBBC10001EF444
:1006B000FFFC100001DFC0FEEFE8448EFE10FE1AC2
:1006C000FFFFFFC100FD0028BB9400000000027086
:1006D0000002EF0002EFFDFFFFFFFFFFFFFFFFFF44
:1006E000FFFFFFFFFFFFFFFF3447FFF00005FF00A4
:1006F0000005C00000000000027000000002EF00D2
:10070000000002EFF0000DFFFFFF0220FFFFFFF0EF
:100710008E1FFFFFFF00E7FFFFFFF03F5FFFFFFFC0
:1007200008903447FFF000000005FF0000000005BE
:10073000C000000000000000000000000007700082
:10074000000002700005FA0000002EF000814F60EA
:100750000002EFF001DD07F0DFFFFFF0321E80F650
:10076000FFFFFFF08E27E0B9FFFFFFF00E73F19B54
:10077000FFFFFFF03F54F09AFFFFFFF0890AC0D857
:100780003447FFF0007F43F300005FF002F60CB047
:10079000000005C00000BF10000000000009E300D9
:1007A000000000000002100037888888888873EFF6
:1007B000FFFFFFFFFFFEFE32DFFFFFFFFFF9007FBD
:1007C000FFFDFFFFFD10CFFFA07FFFFFFFFFFA003F
:1007D00007FFFFF35FA00000CFFF3003000000CF52
:1007E000FC0000000000CFFFCCCCCCCCCCFFAFFF96
:1007F000FFFFFFFFF900002000000001FA000000E9
:1008000006FF1000000DFF7000006FFFF10001EF08
:10081000FFFA000BFFFFFF605FFFFFFFE0CFFFFF6E
:10082000FFF6FEBFFFFFF9FD4FFFFFF9BF49FFFFD6
:10083000F53FE52EFFD006FFFFFD200028BA60003F
:1008400004300000311FE00006F91FE0007FFA1FAE
:10085000E009FFFA1FE0AFFFFA1FEBFFFFFA1FFFEF
:10086000FFFFFA1FFFFFFFFA1FE6FFFFFA1FE05F1F
:10087000FFFA1FE004FFFA1FE0003EFA0FD000026B
:10088000D700000000000200000000000CFB200068
:10089000000000FFFF900000000FFFFFE6000000D7
:1008A000FFFFFFFC30000FFFFFFFFF9100FFFFFF86
:1008B000FFFFE60FFFFFFFFFFFF2FFFFFFFFFFFD60
:1008C0000FFFFFFFFFF800FFFFFFFFB2000FFFFF6A
:1008D000FD400000FFFFF70000000FFFA100000037
:1008E000006A4000000000001444200144420DFF53
:1008F000FF10DFFFF1FFFFF30FFFFF3FFFFF40FFA0
:10090000FFF4FFFFF40FFFFF4FFFFF40FFFFF4FF77
:10091000FFF40FFFFF4FFFFF40FFFFF4FFFFF40F57
:10092000FFFF4FFFFF40FFFFF4FFFFF40FFFFF4FFC
:10093000FFFF30FFFFF39FFFC009FFFC001444449A
:100940004444420DFFFFFFFFFFF1FFFFFFFFFFFFEA
:100950003FFFFFFFFFFFF4FFFFFFFFFFFF4FFFFF22
:10096000FFFFFFF4FFFFFFFFFFFF4FFFFFFFFFFF52
:10097000F4FFFFFFFFFFFF4FFFFFFFFFFFF4FFFF4D
:10098000FFFFFFFF4FFFFFFFFFFFF39FFFFFFFFF93
:10099000FC0002100000420FE20003FB0FFE3004D7
:1009A000FB0FFFF404FB0FFFFF54FB0FFFFFFAFBED
:1009B0000FFFFFFFFB0FFFFFFFFB0FFFFFD6FB0F3C
:1009C000FFFD14FB0FFFC104FB0FFB0004FB0CA099
:1009D0000003FA0000000000000000120000000008
:1009E0000003FF60000000002EFFF500000001EF93
:1009F000FFFF4000001DFFFFFFF30000CFFFFFFFE0
:100A0000FE200AFFFFFFFFFFE00EFFFFFFFFFFF2E8
:100A100003999999999950058888888888700FFF5B
:100A2000FFFFFFFFF30FFFFFFFFFFFF40BFFFFFFD1
:100A3000FFFFD1000000000000003F9000003FFCDD
:100A400000003FFD10003FFD10003FFD10001FFDA6
:100A5000100000CFF4000000CFF4000000CFF4003D
:100A60000000CFF4000000CFE0000000A400000070
:100A7000000000CD1000001FFD1000003FFD100021
:100A8000003FFD1000003FFD1000003FFD0000088A
:100A9000FF900008FF900008FF900008FF90000200
:100AA000FF900000078000000000000450000000DC
:100AB0000002FF60000000003FF70000000003FF9D
:100AC00070000000003FF7000006999AFFC9998066
:100AD000FFFFFFFFFFFF3DFFFFFFFFFFF201113FA1
:100AE000F71110000003FF70000000003FF7000046
:100AF000000003FF70000000000CD30000006999A3
:100B0000999999980FFFFFFFFFFFF3DFFFFFFFFFAA
:100B1000FF200000000000000000015664000000FB
:100B20000003BFFEEFF91000007FFA1003DFE400BE
:100B300008FFA009B41EFF504FFF200BFF26FFE166
:100B4000EFFF09CFFF63FFFABFFF09FFFF54FFF676
:100B50001EFF51DFFB09FFB003EFE204305FFC1022
:100B6000002CFF956AFF9000000049DFFD92000015
:100B7000000000000000000000CD20000000000088
:100B800000008FF50014664000000004EFACFFEF9A
:100B9000FF910000001CFFA1004DFE300000009FEF
:100BA000F5AB31EFF40007B105FFFFE17FFE100F59
:100BB000FE302DFFF54FFF900CFFE000AFF65FFF1A
:100BC0006002FFF40006FFEFFB00004FFD10003E47
:100BD000FFC0000002DFE85401BFE300000005AEE3
:100BE000FF6007FF60000000000000004EF60000FC
:100BF000000000000001A100000000000000000053
:100C00000000003ED00000000000000CFF8000004B
:100C100000000006FFFF200000000000EFFFFB00C7
:100C2000000000008FFCCFF4000000002FFB00FF4D
:100C3000D00000000BFFC00FFF70000004FFFD019B
:100C4000FFFF100000DFFFE02FFFFA00007FFFFF33
:100C50009BFFFFF3001FFFFFB00EFFFFC00AFFFF67
:100C6000FE24FFFFFF60FFFFFFFFFFFFFFFA06CC40
:100C7000CCCCCCCCCCCB3000000000003600000047
:100C80000000007F80DDDB00008DEFF8FFFFB00784
:100C9000FFFFFD556FF46FF8AFE2000574FF907E23
:100CA0002000003FFA0000000002EFB2504A0001AD
:100CB0002EFD1DF48FB0FFFFD10BFFFFFBFFFE20C9
:100CC00000CFFFFB12210000029FC00000000000C7
:100CD0005B00000007A00000000008FFB00000005B
:100CE00008FFFFB0000008FF95FFB00008FF900567
:100CF000FFB007FF900005FFB09F90000005FD00CA
:100D00004000000003104C20000000B60BFE200045
:100D100000CFF02EFE2000CFF4002EFE20CFF400F6
:100D2000002EFECFF40000002EFFF4000000002E85
:100D3000F400000000001300000000083000000074
:100D400000000000BFF308BBBBBB90000BFFFF39E6
:100D5000FFFFFFF1008FCFCFF000000AF100382F26
:100D6000948000000AF100002F900000000AF100BA
:100D7000002F900000030AF130002F9000001FCBDD
:100D8000F8F8002FEBBBBB39FFFFE2001FFFFFFFAE
:100D9000B09FFD2000000000000008D100378887C8
:100DA00000000000EFFFFFA0000000FFFFFFFDCCF0
:100DB000CCB6FFFFFFFFFFFFFFFFFFFFFFFFFFFFBF
:100DC000FFFFFFFFFFFFFFFFFFFFFFFFFFFFFFFF33
:100DD000FFFFFFFFFFFFFFFFFFFFFFFFFFFFFFFF23
:100DE000FFFFFFAFFFFFFFFFFFF900000000000063
:100DF00000000001DD10000000001DFFD100000018
:100E000001DFFFFD1000001DFFFFFFD100009FFF6D
:100E1000FFFFF90000011CFFC1100000000CFFC023
:100E2000000000000CFFC0000000000CFFC000002C
:100E300079993BFFB39997FFFFB2442BFFFFFFFF68
:100E4000FEDDEFFFFFFFFFFFFFFAB3CFACCCCCCC52
:100E5000CCCCCA000000000002000000000000042A
:100E6000FFC70000000000AFFFF0000000001FFF00
:100E7000FD0000000006FFFFC00000000008FFF7B3
:100E800000000000000CFF300000000004FFC00064
:100E900000000001EFF300004A3002DFF80005DF38
:100EA000FE15EFFB0000EFFFFFFFFA00000BFFFF56
:100EB000FFF70000007FFFFFA200000002BA8500DC
:100EC0000000000004860000001006FFFA0002DFA8
:100ED000D1EF3CF101DFFA0EE0AF21DFFA009FEF26
:100EE000F6DFFA00008DFFFFFB00000006FFFD00AB
:100EF000000048EFFFF600006FFFFBFFF6000EF367
:100F0000CF23FFF600EE0AF204FFF609FEFC000410
:100F1000FFF108DA1000026200000000000000008B
:100F2000006FFFF987000008FFFF98F708A68FFF02
:100F3000F95990FFA8FFFFFCCC0FFA8FFFFFFFF1DC
:100F4000FFA8FFFFFFFF1FFA8FFFFFFFF1FFA8FFC2
:100F5000FFFFFF1FFA8FFFFFFFF1FFA8FFFFFFFF5B
:100F60001FFA7FFFFFFFF0FFE3122222210FFFFF96
:100F7000FFF90000ACCCCCCB500000499999999571
:100F8000000EFFFFFFFFF600FD2222224FF60FC0EA
:100F9000000001FFF3FC0000001FFF6FC000000213
:100FA000FFF6FFFFFFFFFFFF6FFFFFDCFFFFF6FF16
:100FB000FFB005FFFF6FFFF6000FFFF6FFFFC00653
:100FC000FFFF6FFFFFEDFFFFF69FFFFFFFFFFD102D
:100FD000CDDDDDDDDDDD2FFFFFFFFFFFF312222280
:100FE000222222000000000000000000000000009B
:100FF0000FFFFFFFFFFFF3DEEEEEEEEEEE20000050
:10100000000000000000000000000DEEEEEEEEEE2D
:10101000E2FFFFFFFFFFFF30000000000000378805
:101020008888888873EFFFFFFFFFFFFEEFFFFFFF59
:10103000FFFFFE1CFFFFFFFFFFC1D28FFFFFFFF886
:101040002DFF64EFFFFE45FFFFFA2BFFB2AFFFFF5E
:10105000FFD3553DFFFFFFFFFFBBFFFFFFFFFFFF7C
:10106000FFFFFFFFAFFFFFFFFFFFF90000000000E1
:1010700001FFFFF00004FFFFD00006FFFF80000823
:10108000FFFF30000AFFFFAAA60CFFFFFFF80EFFCC
:10109000FFFFE10BDDDFFF6000004FFD0000007F80
:1010A000F3000000BFA0000000FF10000003F800E4
:1010B000000003C000000000200000000455EFB550
:1010C000520000FFFD1FFFB0000FFFFFFFFC0000FC
:1010D000FFFF533320000FFF97FFFB5700FFF8AFD0
:1010E000FFC6F80FFF8AFFFC4AA1FFF8AFFFE3221B
:1010F0000FFF8AFFFFFFF4FFF8AFFFFFFF4FFF8AEC
:10110000FFFFFFF43552AFFFFFFF40000AFFFFFF74
:10111000F400007FFFFFFE2000000110000000002F
:1011200000AF00000000018FFA30000002EFFFFF67
:10113000500000BFFFFFFF10001FFFFFFFF500037F
:10114000FFFFFFFF70005FFFFFFFF90008FFFFFFD9
:10115000FFC000DFFFFFFFFF209FFFFFFFFFFD0E2F
:10116000FFFFFFFFFFF2022222222221000008FFE0
:10117000C00000000009A20000005BBBBBBBBBBB02
:10118000BBA3FFFFFFFFFFFFFFFBFC0C30E11D0DCA
:1011900011FCFC0B30E01D0D10FCFFFEFFEFFEFE0E
:1011A000EFFCFFF15A0870A05FFCFFF37B2992C2AD
:1011B0007FFCFFBFCBBBBBBFCBFCFC0B2000000DFB
:1011C00000FCFFCFCCCCCCCFCCFB9FFFFFFFFFFFC1
:1011D000FFF6000000000000020000000000000513
:1011E000DFB00000000007EFFFD000000018FFFF95
:1011F000FF70000029FFFFFFFF00003BFFFFFFFF24
:10120000F8000AFFFFFFFFFFF1000FFFFFFFFFFFE6
:10121000A000049AAAAFFFFF20000000000EFFFB11
:1012200000000000000EFFF400000000000EFFC0F0
:1012300000000000000EFF5000000000000DFD0047
:10124000000000000004B300000035555502000FF7
:10125000FFFFF2F400FFFFFF2FF40FFFFFF2FFF399
:10126000FFFFFF32221FFFFFFFFFF7FFFFFFFFFF20
:101270008FFFFFFFFFF8FFFFFFFFFF8FFFFFFFFF65
:10128000F8FFFFFFFFFF8FFFFFFFFFF8FFFFFFFFEC
:10129000FF8FFFFFFFFFF88AAAAAAAAA300000006A
:1012A0002455310000000003AFFFFFFFC70000021C
:1012B000BFFFFEDEFFFFF6005FFFB51000038EFFED
:1012C000B0DFD300000000008FF5180005AEFEC8A7
:1012D0001004600002DFFFFFFFF80000000CFF9524
:1012E000347DFF40000002A20000007700000000F3
:1012F000000296000000000000000DFF50000000FA
:101300000000000EFF6000000000000005DA000091
:1013100000005BBBBBBBBBBBBBBA20FFFFFFFFFF3B
:10132000FFFFFF90FC1222222222220FF7FC5FFF18
:10133000FFFFFFFF2CFAFC5FFFFFFFFFFF21FAFC1E
:101340005FFFFFFFFFFF27FAFC2666666666661FE3
:10135000FAFEBBBBBBBBBBBBBFB1AFFFFFFFFFFF19
:10136000FFFF500000000000000000005BBBBBBBA3
:10137000BBBBBBBA20FFFFFFFFFFFFFFFF90FC12CC
:1013800022222221000FF7FC5FFFFFFFF8000CFA7A
:10139000FC5FFFFFFFF80001FAFC5FFFFFFFF800B2
:1013A00007FAFC2666666663000FFAFEBBBBBBBB92
:1013B000BBBBBFB1AFFFFFFFFFFFFFFF500000004F
:1013C0000000000000005BBBBBBBBBBBBBBA20FF87
:1013D000FFFFFFFFFFFFFF90FC1222221000000F13
:1013E000F7FC5FFFFFD000000CFAFC5FFFFFD000AE
:1013F0000001FAFC5FFFFFD0000007FAFC266666DA
:101400005000000FFAFEBBBBBBBBBBBBBFB1AFFF05
:10141000FFFFFFFFFFFF5000000000000000000082
:101420005BBBBBBBBBBBBBBA20FFFFFFFFFFFFFF2C
:10143000FF90FC1222000000000FF7FC5FFF30005D
:1014400000000CFAFC5FFF3000000001FAFC5FFFB7
:101450003000000007FAFC2666100000000FFAFEBC
:10146000BBBBBBBBBBBBBFB1AFFFFFFFFFFFFFFF02
:10147000500000000000000000005BBBBBBBBBBB1A
:10148000BBBA20FFFFFFFFFFFFFFFF90FC00000043
:101490000000000FF7FC0000000000000CFAFC0048
:1014A000000000000001FAFC00000000000007FA44
:1014B000FC0000000000000FFAFEBBBBBBBBBBBBC7
:1014C000BFB1AFFFFFFFFFFFFFFF500000000000B4
:1014D000000000000000000007B200000000000053
:1014E0000ADFFA000000000000A93DF5000000043A
:1014F0004002E00010000000AFF80B600000006C3C
:1015000030FFFFFFFFFFFFFFFFF4AFF9000C5000BB
:10151000006D4005500004C00000100000000000F5
:10152000C43EE80000000000002EEFFA00000000BA
:101530000000004FFA000000000000000000000062
:101540000000011000000007EFFFB30000AFFD8FA7
:10155000FF2004FFFD09FFB00AFEFD12AFF00EF5FB
:101560005D2C0EF30FFF33129FF50FFFF307FFF60D
:101570000FFFE206FFF60FFE24137FF50DF57D2C1D
:101580000DF30AFFFD11BFF003FFFE0BFFA0007F6C
:10159000FEBFFE100003ACDC8100000034430000FD
:1015A00005667FFFF96650FFFFFFFFFFFF356666A8
:1015B000666666501CCCCCCCCCC402FFFFFFFFFF9C
:1015C000602FF3FB7F6DF602FF2FB7F5DF602FF280
:1015D000FB7F5DF602FF2FB7F5DF602FF2FB7F5D2B
:1015E000F602FF2FB7F5DF602FF3FB7F6DF601FFEB
:1015F000FFFFFFFF5007BCCCCCCC900000000000E8
:10160000000120000000000004FF50000000000264
:10161000FFFF500000000439FFFE00000004FF3906
:10162000FFA0000004FFFF39B0000004FFFFFF200F
:10163000000004FFFFFFB0000004FFFFFFB0000048
:1016400004FFFFFFB0000004FFFFFFB0000000BF79
:10165000FFFFB00000000DFFFFB000000000FFFF23
:10166000B00000000009A8600000000000000017A2
:101670008888888887400002EFFFFFFFFFFFF400A3
:101680003EFFFFCFFFCFFFF703EFFFF908F809FF99
:10169000F83EFFFFFE20402EFFF8DFFFFFFFE101D5
:1016A000EFFFF89FFFFFFF80008FFFF809FFFFF9B2
:1016B00002C209FFF8009FFFFE4EFE4EFFF8000930
:1016C000FFFFFFFFFFFFF700008FFFFFFFFFFFC1DE
:1016D00000000000000003EFFFFFE203FBFBCEBFB2
:1016E000A4FF1D03A1FAFFF1D03A1FAFFFFFFFFFD8
:1016F000FAFFFFFFFFFFAFFFFFFFFFFAFFFFFFFF54
:10170000FFAFFFFFFFFFFAFFFFFFFFFFAFFFFFFF8E
:10171000FFFAFFFFFFFFFFADFFFFFFFFF829AAAAB7
:10172000AAA8000000000000000300000000000064
:1017300004F1000820000001FF100BF70000002F4B
:10174000F10CFF94444445FF1BFFFFFFFFFFFFF137
:101750008FFFFFFFFFFFFD007FF70000000000008C
:101760006F6000000000000030000000000000007A
:1017700000000000000000000000C00300000000A6
:101780000000C003030A00000F00800505050005E6
:101790001C00D0090A0A00004E00B008090F00FE24
:1017A0009200D00B0C0A0000CE00A0090A0B00FF2B
:1017B0000501F002030500050D01B004040E01FD52
:1017C0002901C004040E00FD4501A0050606000520
:1017D000570120080807000273013003030500FECB
:1017E0007B01600505030003830130030303000050
:1017F0008801F004070EFFFFB9015009090A000033
:10180000E6013005040A0000FA011008080A000089
:1018100022020008080A00004A0260090A0A0000C1
:101820007C021008080A0000A402A008090A0000AF
:10183000D1026008080A0000F9020009090A000044
:101840002603A008080A00004E0330030308000026
:101850005A033003030B00FD6B0320080808000146
:101860008B03200808060002A303200808080001D3
:10187000C3030008080A0000EB03800E0E0D00FDF4
:101880004604400A0C0AFF008204A00A090A01006B
:10189000AF04200A0A0A0000E104900B0A0A0100C2
:1018A00013056009080A01003B05E008080A010069
:1018B0006305D00A0A0A00009505600B090A0100B9
:1018C000C2055004020A0100CC053007070AFF00D8
:1018D000EF05100A0A0A010021065008080A010053
:1018E0004906600D0B0A01008006600B090A010021
:1018F000AD06C00B0C0A0000E906200A090A010027
:101900001607C00B0C0D00FD6407300A090A010020
:101910009107B008090A0000BE073008090A000054
:10192000EB07100B090A01001808F0090B0AFF0069
:101930004F08C00F100A00009F0870090A0A000033
:10194000D10810090B0AFF0008093009090A000034
:101950003509B004040E01FD5109F004070EFFFF24
:101960008209B004040E00FD9E093008070601023A
:10197000B3090007070100FFB70960080502010964
:10198000BC09600808080000DC099009080B010088
:10199000080A000808080000280A9009090B00003E
:1019A0005A0A9008080800007A0AF004060B0000A2
:1019B0009B0AB009090B00FDCD0A9009080B010034
:1019C000F90AE003020B0100040B0004050EFEFD02
:1019D000270BA008080B0100530BE003020B0100CA
:1019E0005E0BD00E0D080100920B90090808010053
:1019F000B20BE00809080000D60B9009080B01FDA6
:101A0000020C9009090B00FD340CC005050801000B
:101A1000480C000707080000640CD005060A000007
:101A2000820C800908080100A20CD0070908FF00F9
:101A3000C60C900C0D080000FA0CC0070808000046
:101A40001A0DD007090BFFFD4C0D500707080000C9
:101A5000680DF004050E00FD8B0D3004020E01FD33
:101A6000990DF004050E00FDBC0D200808030003CD
:101A7000C80DE00506050006D70D60040403000349
:101A8000DD0D000E0F0FFFFE4E0E000E0E0B0000C0
:101A90009B0E000E0E0D00FFF60E000E0E0B00004A
:101AA000430FA0090A0B00007A0F000E0E0F00FE74
:101AB000E30F000E0E0F00FE4C10C00F100D00FFC4
:101AC000B410000E0E0F00FE1D11C00F100B000011
:101AD0007511000E0E0F00FEDE110007070C00FF4F
:101AE0000812800A0B0C00FF4A12C00F100E00FEF5
:101AF000BA12000E0E0B00000713A0090A0F00FE19
:101B00005213400C0A0E01FE9813400C0D0F00FEFC
:101B1000FA13400C0D0D00FF4F14400C0D0D00FF8B
:101B2000A414400C0A0E01FEEA14400C0E0DFFFF37
:101B30004515C008090D00FF8015C008090D00FFFC
:101B4000BB15400C0D0D00FF1016400C0D040003DA
:101B50002A16C00F100B000082168011120F00FE13
:101B60000917C00F110FFFFE8917000E0E0D00FFA1
:101B7000E417400C0D0800011818400C0D08000176
:101B80004C188011120B0000AF18000E0E0B000055
:101B9000FC18000E0E0F00FE6519000E0F0FFFFE61
:101BA000D619400C0D0D00FF2B1A400C0D0F00FE36
:101BB0008D1A400C0D0D00FFE21A400C0D0C00FFB9
:101BC000301B000E0E0B00007D1BC0080A0FFFFE2D
:101BD000C81B400C0D0F00FE2A1C400C0D0F00FE10
:101BE0008C1CC00F100B0000E41C000E100FFFFE39
:101BF0005C1D800A0B0F00FEAF1D8011120D00FF4F
:101C0000241E8011120A00007E1E8011120A00009C
:101C1000D81E8011120A0000321F8011120A000023
:101C20008C1F8011120A0000E61F8011120C00FFA9
:101C30005220400C0C0F00FEAC20400C0D0F00FE9B
:101C40000E21000E0F0FFFFE7F218011120B0000EE
:101C5000E221800A0B0F00FE3522100E0F0A000051
:101C60000000721F51EF58EF5BEF5CEF5DEF61EF2B
:101C700063EF65EF69EF6CEF71EF76EF77EF78EF79
:101C80008EEF93EF98EF9BEF9CEF9DEFA1EFA2EF0C
:101C9000A3EFA4EFB7EFB8EFBEEFC0EFC1EFC4EF13
:101CA000C7EFC8EFC9EFCBEFE3EFE5EF14F015F0A6
:101CB00017F019F030F037F03AF043F06CF074F0B0
:101CC000ABF03BF190F191F192F193F194F1D7F1F6
:101CD000E3F13DF254F2AAF412F7F2F7200000000B
:101CE0005F00010000000000000000000000020092
:101CF000B0000000F3F76000601C05080000000061
:101D00003E0003000000010200030405020607086C
:101D1000090A090A0B0C000D0E0F101112130C14F6
:101D2000140000001516171819161A1B1C1D1D1E6D
:101D30001F201D1D1621222303241E2525262728AA
:101D4000292A2B002C002D2E2F303132332D343404
:101D500035302D2D2E2E36373839333A3A3B3A3C32
:101D6000290000093D0900000000000000000000FB
:101D70000000000000000000000000000000000063
:101D80000000000000000000000000000000000053
:101D90000000000000000000000000000000000043
:101DA0000000000001020003040502060708090AFA
:101DB000090A0B0C0D0E0F10110C1213141515003F
:101DC000000016171819171919191719191A1919BE
:101DD000191917191719031B1C1D1D1E1F2021225D
:101DE0002300240025262727270027262829262602
:101DF0002A2A272A272A2B2C2D2E2E2F2E30000080
:101E0000230931090000000000000000000000006C
:101E100000000000000000000000000000000000C2
:101E200000000000000000000000000000000000B2
:101E300000000000000000000000000000000000A2
:101E4000000100000000000000010000020000008E
:101E50000002000000000000000000000000000080
:101E60000000010000000000000000000000000071
:101E700000010A0006FB00000000F4F3020B050459
:101E8000F7020B010902070000000000000000003B
:101E900000000D02FE000000000000000000000035
:101EA000000400F90000000000FC04040000FE0033
:101EB000FE0200FE00FEFFFC00000000FE0000FD30
:101EC000FD0000FE00FC000000000000000000FE1D
:101ED000FE00FD00FA00E50000FC0004070000FC25
:101EE00002020704FC040000F300000000000000F0
:101EF00000000000F80000000000000000000000EA
:101F0000000000FAFDF500F7FE00000000000900E7
:101F1000F9FEFF0100FC0000FEEF000000000000E1
:101F20000000000000EEFE090000000000000000BC
:101F300000000000F70000000000000000000007A3
:101F400000020000FC000000000000000000000093
:101F50000000000000000902010000000000000075
:101F60000000000000000000000000000000000071
:101F70000000000000000000000000000000000061
:101F8000F800000000000000000000000000000059
:101F90000000000000000002040207FE000004FE32
:101FA000F9E102060400FD00080007000700EB004D
:101FB000FD070007FE0402000001FE0000FC120005
:101FC0001200070009030407000000F800000000E9
:101FD00001FE0002FCFDFC0200FE000000F7000014
:101FE000000000000000000000F100000000000000
:101FF00000000000000000000001F400F2000000FA
:1020000000FE0016FDFD0202FE00FD020000F400CD
:1020100000000000000000000000EA0002000000D4
:10202000000000000000000000F2000D0000F800B9
:102030000700F1EAF1FC070000F10003FB00FD00DE
:1020400000000000000000000000000607E500009E
:10205000000000000000000000000B000200000073
:1020600000000202FDFC00FFFFFE0000FE00000079
:10207000FC00FE00FBFC00FAF9F9FC00FC00FC008F
:10208000000000FE0000020002FE0001000000024D
:10209000FE000000FE0202FF000000FC00FF000046
:1020A000000000010003FE00FD00FC0000FE000730
:1020B0000000FE0000000000FF01FEFE0000FE0028
:1020C000FE000000000000000000FFFF00FEFD0019
:1020D00000000000010000FE00FEFEFE0000000007
:1020E0000000000000FF00000000FEFD00FD00F900
:1020F000FEF9040000FC02040600FAFFFD00FFF5F3
:1021000002FE02F402000001F400F4FEEDFE00F510
:102110000004060003000000000000FCFD00F900C0
:102120000000FE000000FE0000000000FFFF00FFB6
:10213000FD00000000000000FEFE00FEFDFE0000AD
:10214000FE0000000000000000000000FEFE00FD98
:1021500000FE00FC020000FD010202000000000081
:1021600000FE0000000000020000FE00FEFEFD0078
:102170000000000000000200FE00000000FEFD0064
:10218000FC0007FE01F9000006F5F4F7FC0200FE72
:10219000F1FC00FC00FC03FCF200FA000001FF026D
:1021A000FE000200F9F700F5FBFBFBF9FDFA00FC6D
:1021B000FA01000100FE0000000200020000000021
:1021C00000000000000000FE00FF00FFFE00FCFB1E
:1021D000FBFF00F9000000000000FE00000000010D
:1021E000FF0000000200000000000000000B0000E3
:1021F0000000000002000000FE00000000000000DF
:1022000000000000FC0002000000000000000000D0
:1022100000000000FE000000FC00000000F5F900D6
:102220000000FDF50000FE0200FA000000000000C2
:1022300000000000FC0000FC0000000000000000A6
:10224000000000000200FC00000000030002FCFC93
:1022500000FEFEFD000000000000F900FE00FDFE93
:1022600000FBFAF9FE00FC00F9000000001200007B
:10227000010000FD000200F60000000000EBFC077A
:1022800007FEF70002FD00F5FFFD02F0FE0300036C
:10229000F8FDF8F9F70000F3000D0000FF00000062
:1022A000FFFFFEFAF900EB00000000000000000054
:1022B000010000000000000000000000000000001D
:1022C00000FE00FFFEFD0000FC00FE00000000001C
:1022D00000000000000000000000FF00FC000004FF
:1022E000FF0300FB02FEFFFAFE00FDFEFE00FDFC08
:1022F0000000FEFFFEFCFD0000FE0002FE00FB00F1
:102300000000FC00FC00FCFC0200000000000000DB
:1023100000FC0200FD00FEFDF9FEFEFEFFFEFDFFDB
:102320000000000000FEFEFE0000000003FE00FEB4
:10233000000000FEFDFEFEFDFE000209FF00FA00A7
:10234000FE0400FEF7FD030000F5FC02FC0200FEA7
:10235000FEF900FD010000FC0000000202FCFC0090
:10236000FCFEFDFEFE00FC01FCFC0700000000007E
:10237000000000000200000000000000000000005B
:10238000000000000000000000000000FC00000051
:10239000000000000000000000000000000000003D
:1023A000000000000000000000000000000000002D
:1023B0000000000000000000FE000000000000001F
:1023C000000000000000000000000000000000000D
:1023D000000000000000FEFE000000000000000001
:1023E00000000000FD0000FD0000FEFE00000000F7
:1023F000FE00000000FF0000000000FE00000000E2
:10240000FD00FC000000F90002FB0400FEF50000E6
:10241000FBFE00F7FAFA0000F6FEF7F7F500FA0007
:10242000020FFD00FBFEFFFEFCFAFCF8F7FBFE00CE
:1024300000FE00010000F0FE0705FBF80001F900B6
:10244000F5FEFE04EBFD010000F1FDF4FEF00000DE
:10245000F0000D0100FE00000000FFFEF7FE00F19D
:1024600000000000F900FE00FFFAF50000FFFDF992
:10247000FE00FE00000000F6FEF9F9FEFCFAFEFC8C
:1024800000FCFEF9FD00FDFCFEFC000100FEF90071
:102490000400FC00000000030002FC0900FEFEFD39
:1024A000000000000000F900FE00FDFE00FBFAF94C
:1024B000FE00FC020900000000120000010000FD07
:1024C000000200000000000000000000000000000A
:1024D000FEFC0000000000FF000000FEFE0000FC0B
:1024E000FE0000FC0004FF000000000000010000EE
:1024F0000000030402FE00F9FC0007F9F9FCFC09E6
:102500000402EDFE04FE00FE02FEF800FE02FDFEE7
:10251000F9FE0000070400FA00F4FD06FDF701FDD6
:10252000F9F9FE090200FD00FA000207FBF8F7FACC
:10253000070001F0FE02FCFEFB00FBF8FDFDFE00C3
:1025400000FBFBFE000705FEF400F4FD00F8F3FFBE
:10255000F9FCF9FA060000FD00FCFE00FEFC000498
:10256000F9020000F400FEFBFCFEF9FAF9FB00F9A9
:10257000FEFBFCF9FE0000010BFC00F9FE00FEFC76
:10258000FBFAFAF7FDFC0400FD00F5FD0104F9F883
:10259000FCF907FE01EBFC04FBFCF800F9F7FDFE7B
:1025A000FEFEFBF9FF00000706FEF100F3FB05F756
:1025B000F1FCF8F7F5F90400000000FD000002FD51
:1025C0000402FC040000F9FF00FF000101FE00000E
:1025D00000000000FE0000000002070000FD0000F7
:1025E0000000FEFEFD0000000102000000000200ED
:1025F000FE000900040101FD0004000000020000CB
:1026000000000000000000000007000600000000BD
:1026100000000000000000000000F300FE040007BE
:1026200000001603FCFC0202FE01F500000BF300A3
:1026300000000000000000000000F1091F00000081
:10264000000000000000000000F300000000000097
:10265000000000000000000000000000000000007A
:1026600000000000FC0000FCFE0000000000000074
:10267000000000000000000000000000FE00FA0062
:1026800000010000021DFCFE0706FA020000020223
:10269000FD0000000000000000000000E306000054
:1026A000000000000000000000000000000000FA30
:1026B000000000FA00000000FBFF000000FB00FD2E
:1026C00000F50000000000000000000000F1000024
:1026D000000001000000000000FE0000FC00FD0002
:1026E000FA000000FC02FD0000FAFEFB0000FA0008
:1026F000FE00F500FE0000EEFCF7FEF80000F10021
:10270000FAFF0000000000000000FDFCFEFC0000DD
:102710000000FB00FB03FE0400FEFBFEFCFC00FDD2
:10272000FFFE02FAFF000000ECFEFD00FB00FEF5DC
:10273000FE0000FEFE000000000200FEFCFE0400A1
:102740000000000000000000000000000000000089
:102750000000000000000000000000000000000079
:102760000000000000000000000003000000000066
:1027700000FB00FE000000FC02000000FAFEFC006E
:1027800000FA00FE00F500000000EA00FCF8F50089
:1027900000F100FEFD0000000000000000FEFDFF53
:1027A000FD01000004FD00070BFEFEF9030B04050C
:1027B000FA030903060506000000000000000000FF
:1027C00000000E0BFCFE00FE120A120000000200C8
:1027D00000080000FC000000000000000000FE00F7
:1027E000000000000000000300000000EDFDFEF707
:1027F000F50000F1000000000000000000000000F3
:102800000000000000FC000000000000000000FECE
:1028100000000000000000000300000000EDFDFECD
:10282000F7F50000F70000000000000000000000C5
:102830000000000000000000FE000000FB0200FE9F
:10284000020402F90000FE02000200000000FA008B
:10285000FEFEFC00FEF7000EFE00FBFE00FEFC008C
:10286000FEFAFCFD000000FC00000000000000007B
:1028700000FE00000000000000000300000000ED6A
:10288000FDFEF7F50000F10000000000000B000065
:102890000000000000000000FC00F9FDFE07FEFE45
:1028A000F701FF01FEFA000500020102FBF7FD003F
:1028B000F7FCFAF7F700FCFCFDFDFEFEFDFE00FE56
:1028C000FF030003FE0007000000000000000000FE
:1028D000000000FEFEFE0000FA00FF00FC00000009
:1028E0000000000000000000F300000000000000F5
:1028F00000000000FEFE00FD00000000FE0000FCE5
:10290000FE0200FCFCFE00FAFEFBFEFD00FC0000E7
:10291000000000000000000000F100070000FC00C3
:10292000000000FD00FE0000FF0000FE00FB0000B4
:1029300009FDF9F902020200FA020302070207FE8A
:10294000FA0000F70000F9FA0000FC00FDFC00FDB1
:1029500000FD00FE0300FEF9FE080000FE00FC0082
:102960000003FB0002FE020000F900FEFF00FE0271
:10297000FE000000F7FDFB00F90000F50008FE0076
:10298000FC000100FE00FEF900FE0200000000FE57
:10299000000002FD010000FDFE00FD00000000003F
:1029A000000000000000000000000000F200050030
:1029B00000FE000000000000FEFE00000004000514
:1029C0000000000000F2F3010A0704F70209000802
:1029D000000400000000000000000000000C0000E7
:1029E00000000000000000000000000000000000E7
:1029F000401E0508041D0508A21D05083D31000004
:102A0000EEF4040870170508DC1C0508F029050819
:102A100010000228F4050020897A0208157A0208BD
:102A20001000030000FF0100002A0508000000005C
:102A3000000000009F68F68F57F46F46F35F35F291
:102A40004F1000150AF77F40DA09ED909DD908DC98
:102A5000808DC808C000000000E5004F0000000F96
:102A60003006E0000002F1008C0000FFFFFFFFFFD6
:102A7000F2055AE555DA5500009B000E6000000B88
:102A80009000F4000011D8113F31008FFFFFFFFFCD
:102A9000F90245F6448E4420002F1007C0000004C0
:102AA000F0009A0000005E000B900000000007207C
:102AB00000000000E4000000000E40000002ADFF36
:102AC000D92003FFBFCDFC00BF40E403300ED00E81
:102AD000400000DF30E4000005FFAF50000004BFFD
:102AE000FFD70000001EBEFB000000E40BF4000056
:102AF0000E406F60B400E40BF31EFDAFBEFA00178A
:102B0000CFFFC60000000E4000000000E4000001FE
:102B1000BFC300002F4000C916E0000C90002F003A
:102B20000C5007E00004D000A702F400003F000CA6
:102B300060C9000000D704F17E00000003DFE42F2D
:102B400041AEB20000100C90C928E0000006E13F41
:102B5000000D500002F404D000A70000BA003E00AF
:102B60000C50006E1000D705E1001F500002BFC3DB
:102B7000000004CFE900000003FB57F90000009FAC
:102B8000000AD0000008F100DB0000002FB3CE20C7
:102B90000000006FFC200000004EEFB00010005F4E
:102BA000A06FB01F500EC0006FB7F202F800006FA8
:102BB000FB000FD00001DFB0008FE98AFE8FB0006C
:102BC0005CFFD9106800000000000000DAD9D9C805
:102BD000C800006F400DC004F6009F100DD000FB30
:102BE000002F8003F7004F6004F6003F7002F800EA
:102BF0000FB000DD0008F1003F6000DC0006F43F8C
:102C00007000BE0005F5001FA000CE0009F1007F96
:102C10003006F4005F5005F5006F4007F3009F1089
:102C20000CE001FA005F500BE003F700000E2003F8
:102C300060E2564DDFCE601DFF304ECFBF6360E2D5
:102C400045000E20000001300000008F0000000849
:102C5000F00001229F2220CFFFFFFF4455AF5551C6
:102C60000008F00000008F00000008F000000110D4
:102C70000EF10FF207E00B900E4088887FFFFE05F3
:102C8000601FF20CD000000057000000EA000003B3
:102C9000F5000009F000000EA000004F4000009E6B
:102CA000000000E9000004F4000009E000000E90BC
:102CB00000004F400000AE000000F9000005F300E6
:102CC000000AE000000F9000005F3000000004BE2A
:102CD000EB4000006FFBBFF60002FD1001DF200A91
:102CE000F300003FA00EE000000EE00FB000000B6C
:102CF000F01FA000000AF10FB000000BF00EE00082
:102D0000000EE009F300003F9002FD1001DF2000FB
:102D10006FFBBFF6000004BEEB4000DFFFC8AAFC5B
:102D2000000FC000FC000FC000FC000FC000FC0042
:102D30000FC000FC000FC000FC000FC0018DFEC5DD
:102D4000004FFDACFF703C30002FF00000000BF294
:102D50000000000CF10000003FB0000002EE200077
:102D6000002EF3000002EF3000002EF3000002EF0F
:102D70003000002EFCAAAAA75FFFFFFFFB5FFFFF4A
:102D8000FFF03AAAAACFC0000001EE1000000CF339
:102D90000000009F60000004FE61000005DFFF509E
:102DA0000000003EF200000007F600000006F66991
:102DB00010001DF29FFCBCFF8004AEFEB5000000B9
:102DC000004FB000000001ED000000000CF2000018
:102DD00000009F5000000005F9000000002FC00314
:102DE000C50000DE1004F7000BF40004F7004FFFED
:102DF000FFFFFFFD3999999BFC9800000005F70043
:102E000000000005F70000000005F70002FFFFFFCB
:102E1000F004FCAAAAA005F500000007F3000000DA
:102E200009F10000000AFFFFC70007AAABFFC000BE
:102E300000000BF600000003FA00000003FA3C203B
:102E4000000BF66FFDBBEFB0039DFFC70000018DC7
:102E5000FEC60004EFCAAD9001EE400000008F40B6
:102E60000000000EE000000000FB2AEFD7001FDF8B
:102E7000D99DFB01FFA0000AF50FF200003F90BFB3
:102E8000200003F804FA0000AF4009FD99DFA0001C
:102E900005CFFC60007FFFFFFFFF07FBAAAAAFE0A2
:102EA0007F400005F806F40000CF100000003FA0AE
:102EB0000000000AF300000001FC000000008F5039
:102EC0000000000EE000000006F700000000DF1028
:102ED0000000004F900000000BF2000000002AEFFD
:102EE000FC70003FFB89DFB00AF50000BF30BF1067
:102EF0000008F404FC4226FD0006FFFFFE1005FE5C
:102F0000856AFD10EE100007F82FA000001FB2FB2D
:102F1000000002FB0DF40000AF703FFB89DFC00032
:102F200029DFFC6000006CFFC60000AFD98CFA00FE
:102F30003FB00007F607F500000FD06F600002FFFA
:102F400011FF5104DFF204EFFFFB9F300057730ABB
:102F5000F100000000DF000000004FA00000003E74
:102F6000F2008EBACFF50005BEFD9200000CD01F16
:102F7000F20560000000000000000005601FF20C78
:102F8000D00CD01FF205600000000000000000011E
:102F9000100EF10FF207E00B900E4000000005202C
:102FA00000018EF4004BFF9306DFC60000CF8000C7
:102FB0000005CFE710000039FFB40000016DF400F8
:102FC00000000420CFFFFFFF4677777772000000F4
:102FD000000000000000122222220CFFFFFFF44537
:102FE00055555510620000000CFB40000006CFE76D
:102FF00010000039FFA1000002DF40004BFF9118D4
:10300000EFC6000CFA3000005100000000029DFEE7
:10301000C5004FFB9BFF804C20002FF00000000CF0
:10302000F00000001FC0000001CF3000001DF400C0
:1030300000009F50000000AC0000000000000000F5
:10304000003300000001FF10000000CD0000000070
:10305000029DFFEC71000000009FC75458DF600024
:10306000000CE400000006F90000AE103BEFB2BD1A
:103070003F6004F404FE97CFED06E00AC00EE100C5
:1030800008FD00E50E604F600000FD00A91F406FC5
:10309000300000CD008B2F306F300000CD008B1F33
:1030A000403F600000FD00990E600EE10008FE0048
:1030B000E50AC004FE87BFAF9BE004F4003BFFB30A
:1030C0001BFC30009E10000000000000000CE4001B
:1030D000000000000000009FC7546AE000000000EC
:1030E000039DFFDB5000000000008FB000000000D7
:1030F000000EFF200000000006F6F90000000000AE
:10310000DD0BF0000000004F604F700000000BE08E
:1031100000DD00000002F80006F50000009F10002E
:103120000EC000001FFFFFFFFF300007F8888888EF
:10313000FA0000ED0000000BF1005F600000004F9E
:10314000800CF100000000EE001FFFFFFEB4001F26
:10315000D8888AFF701FB000002FF01FB000000C4D
:10316000F01FB000002FC01FD8888AFE301FFFFF5D
:10317000FFFD401FB000014DF31FB0000004F91F18
:10318000B0000002FB1FB0000008F81FD88889CFEC
:10319000E11FFFFFFFD91000004AEFEB500001BF15
:1031A000FCACFFB000BFB200019C006FB00000009B
:1031B000000DF10000000000FC00000000001FA056
:1031C0000000000000FC00000000000DF100000005
:1031D00000006FB00000000000BFB20001AC1001A1
:1031E000BFFCBCFFB000004BEFEB50001FFFFFFD2A
:1031F000A40001FEAAAACFFA001FB000002BFA011A
:10320000FB0000000CF41FB00000003FB1FB000009
:103210000000EE1FB00000000DF1FB00000000EE0A
:103220001FB00000003FB1FB0000000CF41FB00015
:10323000002BFA01FEAAAACFFA001FFFFFFDA4008F
:10324000001FFFFFFFFC01FEAAAAAA701FB000002A
:103250000001FB000000001FB000000001FD999973
:1032600099001FFFFFFFF001FB000000001FB000EE
:10327000000001FB000000001FB000000001FEAADA
:10328000AAAAA01FFFFFFFFF001FFFFFFFFC1FEA0E
:10329000AAAAA71FB00000001FB00000001FB000C6
:1032A00000001FB00000001FFFFFFFF01FE9999909
:1032B000901FB00000001FB00000001FB000000011
:1032C0001FB00000001FB000000000004ADFEB60EC
:1032D0000001BFFCBBFFC100BFB200007D106FB09A
:1032E000000000000DF10000000000FC00000000E4
:1032F000001FA00000003930FC00000006F50CF1B2
:103300000000006F506FB0000006F500BFB2000073
:103310009F5000AFFDBCFFD200004AEFEB60001FE2
:10332000B0000001FB1FB0000001FB1FB000000156
:10333000FB1FB0000001FB1FB0000001FB1FEAAA49
:10334000AAAAFB1FFFFFFFFFFB1FB0000001FB1F2E
:10335000B0000001FB1FB0000001FB1FB000000126
:10336000FB1FB0000001FB1FB0000001FB1FB1FB01
:103370001FB1FB1FB1FB1FB1FB1FB1FB1FB1FB1F37
:10338000B000EFFFFF7008AAABF70000005F70000D
:103390000005F70000005F70000005F70000005F07
:1033A00070000005F70000005F70000006F60A706C
:1033B00000CF30CFDADFC0008DFE90001FB00000DC
:1033C0001DE21FB00001DF301FB0000CF4001FB081
:1033D00000BF50001FB00BF700001FB0AF8000000F
:1033E0001FB9FFB000001FFFBBF800001FFB01DF8B
:1033F00050001FD0002FF2001FB00004FD101FB0BE
:1034000000007FB01FB0000009F81FB00000001FCF
:10341000B00000001FB00000001FB00000001FB08F
:103420000000001FB00000001FB00000001FB0002F
:1034300000001FB00000001FB00000001FB000001F
:10344000001FEAAAAAA51FFFFFFFF81FA0000000A7
:10345000007F41FF300000001FF41FFC0000000946
:10346000FF41FFF5000002FEF41FADE00000BE8F3B
:1034700041FA4F80004F67F41FA0AF200DD07F416D
:10348000FA02FA07F407F41FA008F5EA007F41FAF0
:10349000000EFF2006F41FA0005F80006F41FA00BD
:1034A00000600006F41FA0000000006F401FB00085
:1034B0000001FB1FF8000001FB1FFF500001FB1F74
:1034C000DFF20001FB1FB6FD0001FB1FB09FA00152
:1034D000FB1FB00CF601FB1FB001EF31FB1FB0006A
:1034E0004FE2FB1FB00007FDFB1FB00000BFFB1F3A
:1034F000B000001DFB1FB0000002FB00004ADFEB24
:1035000050000000AFFCBCFFC10000BFB20001AF23
:10351000D0006FB00000009F800CF100000000FEA2
:1035200000FC000000000AF21FA0000000009F3015
:10353000FC000000000AF20CF100000000FE006F29
:10354000B00000009F8000BFB20001AFD00000AF0C
:10355000FCBCFFC10000004AEFEB5000001FFFFF62
:10356000FC70001FEAAABEFD101FB000009F901F54
:10357000B000000EF01FB000000CF01FB000000EF5
:10358000F01FB000009F901FEAAABEFD101FFFFFB2
:10359000FC70001FB0000000001FB0000000001F02
:1035A000B0000000001FB00000000000004ADFEB88
:1035B00050000000AFFCBCFFC10000BFB20001AF73
:1035C000D0006FB00000009F800CF100000000FEF2
:1035D00000FC000000000AF11FA0000000009F3066
:1035E000FC000000000AF20DF100000000FE007F68
:1035F000A00000008F8000CFA100009FD00001CF6D
:10360000FBABFFD10000006CEFFD6000000000008C
:103610005FE634A7000000003CFFFE400000000011
:103620000243001FFFFFFC70001FEAAABEFD101F2F
:10363000B000009F901FB000000EF01FB000000C03
:10364000F01FB000000EE01FB000009F901FD9993E
:10365000AEFD101FFFFFFFA0001FB0001FD0001F16
:10366000B00006F9001FB00000BF401FB000001EF0
:10367000E00029DFFD81003FFC9ADFC00BF4000071
:103680002300ED000000000CF3000000005FFA6171
:103690000000003BFFFD7000000048EFB00000009C
:1036A00000BF4000000006F60B500000CF31DFEBFA
:1036B0009AEF90006BEFEB5000EFFFFFFFFF89AA3E
:1036C000ADFBAAA500009F2000000009F200000049
:1036D000009F2000000009F2000000009F20000071
:1036E0000009F2000000009F2000000009F2000025
:1036F00000009F2000000009F2000000009F200051
:10370000003F90000005F73F90000005F73F900054
:103710000005F73F90000005F73F90000005F73FD8
:1037200090000005F73F90000005F73F900000056E
:10373000F62FB0000007F50EF000000BF208FA00BB
:10374000007FB000CFFBBEFE200007CFFD81000C44
:10375000F200000002F906F800000009F300EF0093
:1037600000001FC0008F6000007F50001FD00000CD
:10377000EE00000AF40005F7000003FB000CF10066
:103780000000DF202FA00000006F809F30000000AD
:103790000EE1FC0000000008FCF50000000001FF45
:1037A000E00000000000AF8000004F9000000CF32C
:1037B000000002F80EE000002FF8000008F309F303
:1037C00000007FFD00000DD004F80000CD8F200028
:1037D0002F8000FE0002F83F80007F3000AF3007EE
:1037E000F30ED000DE00005F800CD008F202F9007A
:1037F000000FD02F8003F707F400000AF27F30009B
:10380000ED0CE0000005F7DD00009F4F9000000088
:10381000FEF800003FDF40000000BFF300000EFF95
:10382000000000006FE0000009FA00002FD0000047
:103830000BF306FA00007F7000BF5002FC00001E70
:10384000E10DF2000005FB8F500000009FFA000020
:1038500000003FF500000000DFFE10000009F65FE9
:10386000A000004FB00AF60001EE1001EF200BF5AA
:1038700000004FC06FA0000008F80CF20000005FCD
:10388000603FB000000ED0009F500008F30001EE32
:103890000002FA000006F800BF1000000CF14F70A3
:1038A0000000003FBDD000000000AFF400000000A9
:1038B00002FC00000000001FB00000000001FB003F
:1038C000000000001FB00000000001FB0000001F0E
:1038D000FFFFFFFFF10AAAAAAACFD000000001EF64
:1038E000200000000CF5000000009F800000000593
:1038F000FB000000002FE100000000DF30000000AE
:103900000AF6000000007FA000000004FD00000097
:10391000001EFBAAAAAAA23FFFFFFFFFF41FFFA100
:10392000FC741FA001FA001FA001FA001FA001FAF9
:10393000001FA001FA001FA001FA001FA001FA0059
:103940001FA001FA001FC741FFFA470000005F30C7
:1039500000000F8000000AE0000005F3000000F9FD
:10396000000000AE0000005F4000000F9000000A61
:10397000E0000004F4000000E90000009E000000E8
:103980004F4000000EA0000009F0000004F5000008
:1039900000EAAFFF147CF100AF100AF100AF100A8B
:1039A000F100AF100AF100AF100AF100AF100AF1F8
:1039B00000AF100AF100AF100AF147CF1AFFF10073
:1039C0000AF2000001FE9000007D5E00000D70F51F
:1039D0000004F109C000AB003F201F5000D807E0F1
:1039E0000006E0FFFFFFFFF222222222484000AF44
:1039F00040007F40017CFFD60009FC99EF80013038
:103A0000000DF000000009F2019EFFFFF30AF843E9
:103A10003AF30FB00008F30FB0000EF309F946DFD8
:103A2000F3008DFE87F35F5000000005F5000000F5
:103A3000005F5000000005F5000000005F56DFEA5F
:103A40002005FDFC9BFF305FF50004FE05FA000039
:103A500008F45F6000004F75F6000004F75FA000F7
:103A6000008F45FF50004FE05FCFC9BFF305F46DF5
:103A7000FEA2000007DFEB3000CFD9AFF409F7005A
:103A800002C30FD00000003F800000003F80000014
:103A9000000FC000000009F70002C300CFD9AFF348
:103AA0000007DFEB30000000001FA000000001FA5B
:103AB000000000001FA000000001FA0008DFE82F4E
:103AC000A01DFD9BFDFA0AF80002EFA0FD00000614
:103AD000FA3F8000002FA3F8000002FA0FC0000098
:103AE0005FA0AF60001EFA01DFB79EDFA0008DFE71
:103AF00091FA0008DFE910001DFB8AFE200AF3009E
:103B000003FB00FA000009F13FFFFFFFFF33FA3328
:103B10003333300FD0000000009F9000091000DF09
:103B2000DAAEF600007DFFC500001AEE900AF988B3
:103B300000FB00001F9000BFFFFF558FC77201FA06
:103B400000001FA00001FA00001FA00001FA000001
:103B50001FA00001FA00001FA0000008DFE91EC03E
:103B60001DFD9BFEEC0AF80001DFC0FD000004FC17
:103B70003F9000000FC3F8000000FC0FD000004F82
:103B8000C0AF80001DFC01DFD9AFDFC0008DFE910A
:103B9000FB000000002F902700000BF407FFB9AED8
:103BA000FA0004AEFFC6005F500000005F50000046
:103BB000005F500000005F500000005F56DFEA1019
:103BC0005FEFCADFD05FF4000AF65F900002F95F92
:103BD000600000FA5F500000FB5F500000FB5F5088
:103BE0000000FB5F500000FB5F500000FB6F69F9B5
:103BF0000400005F55F55F55F55F55F55F55F55FBE
:103C000055F50004F70007FA00004000000000042A
:103C1000F70004F70004F70004F70004F70004F7C6
:103C20000004F70004F70004F70004F70004F700AD
:103C300006F54B9FE15EFC305F5000000005F5008B
:103C40000000005F5000000005F5000000005F501C
:103C5000001DF305F5002DF3005F502EF40005F56F
:103C60002EF400005F9EFE000005FFFAFA00005FE0
:103C7000E30CF60005F6001EF3005F50004FD00580
:103C8000F500007FA05F55F55F55F55F55F55F5571
:103C9000F55F55F55F55F55F55F55F58DFE8008D29
:103CA000FE8005FEFA9DFBDFA9DFB05FF2000DFF8D
:103CB0003000CF35F900007FA00006F65F600005F8
:103CC000F700004F75F500005F600004F75F5000DB
:103CD00005F600004F75F500005F600004F75F50C7
:103CE0000005F600004F75F500005F600004F75F07
:103CF00057DFEA105FEFA8CFD05FF30009F65F90BF
:103D00000002F95F600000FA5F500000FB5F5000A6
:103D100000FB5F500000FB5F500000FB5F500000A5
:103D2000FB0007DFEA30000DFD9AFF5009F70002A3
:103D3000EF10FD000006F73F8000002F93F8000011
:103D400002F90FD000006F609F80002EF100CFD9E4
:103D5000AFF400007DFEA3005F46DFEA2005FDFA18
:103D60008AFF305FF40003FE05FA000008F45F608C
:103D700000004F75F6000004F75FA000009F45FFAC
:103D800050004FE05FDFC9BFF305F56DFEA2005F95
:103D90005000000005F5000000005F500000000525
:103DA000F5000000000008DFE81FA01DFD9BFCFAE5
:103DB0000AF70002EFA0FD000006FA3F8000002F86
:103DC000A3F8000002FA0FD000006FA0AF80002E11
:103DD000FA01DFD9AFDFA0008DFE82FA00000000FB
:103DE0001FA000000001FA000000001FA00000005A
:103DF00001FA5F46DB5FCFD95FF5005FA0005F701F
:103E0000005F50005F50005F50005F50005F500047
:103E1000018DFEC700CFB8ADD03F90000102FB007E
:103E200000000BFFB84000059CFFC00000009F6031
:103E3000500005F75FEA9AFE106CEFD92001FA00F6
:103E4000001FA000BFFFFF558FC77201FA00001FBF
:103E5000A00001FA00001FA00001FA00000FC0003E
:103E600000BFA99001BEE97F400003F87F40000336
:103E7000F87F400003F87F400003F87F400003F81C
:103E80007F400004F86F600006F82FC0001EF80A9B
:103E9000FD89EEF8008DFE92F80DE000000DD006D1
:103EA000F600003F7000FC0000AF10009F3001F9E9
:103EB00000002F9007F300000BF00EC0000005F685
:103EC0005F50000000EDBE000000007FF800000021
:103ED000001FF10000BE00000CF10000AE05F40070
:103EE00002FF60000F800F90008FEB0005F200AE24
:103EF000000DB8F100BD0004F403F52F701F700031
:103F00000EA09E00CC06F100009F1E9006F2CC0091
:103F10000003FAF3001FAF6000000DFD0000BFF1C9
:103F20000000008F700005FB00003FB0000CF2079E
:103F3000F7007F6000BF33FA00001EDED0000004EF
:103F4000FF30000006FF5000003FBCF20000DE1210
:103F5000FC000AF4005F906F80000AF50DE000009D
:103F60000CD006F600003F7000FC00009F10009F80
:103F70003001FA00002F9006F300000CF00DC00095
:103F80000005F63F60000000EDAE000000008FF875
:103F9000000000001FF2000000000FB00000010050
:103FA0007F4000001FAAFB00000019EEA1000000E6
:103FB0002FFFFFFF9177777EF4000006F8000003E3
:103FC000FC000001EE100000BF4000008F700000F8
:103FD0004FB000001EF8777754FFFFFFFB007EF024
:103FE0003FD707F4008F3008F3008F3008F3009FAD
:103FF000208EE00FFA000BF2008F3008F3008F30B4
:1040000008F3007F4004FD7008EF1F71F71F71F780
:104010001F71F71F71F71F71F71F71F71F71F71FDE
:1040200071F71F71F7AFA1004BF90000ED0000DE42
:104030000000DE0000DE0000DE0000DE0000AF92C7
:10404000005FF400CF1000DE0000DE0000DE0000A4
:10405000DE0000ED004AF900AFB1000000000101F0
:10406000DFC100C5AC5CE34F2D4009FF903000027A
:10407000100001AFD500B803E41E0006A2E0006AFC
:104080000C701D502CFF700000000005309FF3CF16
:10409000F64EC10000000000000027BA000000003A
:1040A000000048DFFFF2000000016AFFFFFFFF2071
:1040B00000007CFFFFFFFFFFF200004FFFFFFFFF4C
:1040C000FFFF200005FFFFFFFFB73FF200005FFF8B
:1040D000FE950001FF200005FF730000001FF200A5
:1040E000005FE000000001FF200005FE000000006E
:1040F0001FF200005FE000000001FF200005FE004D
:104100000000698FF200005FE00002EFFFFF200374
:1041100058FE00008FFFFFF22DFFFFE00004FFFFBD
:10412000FD0BFFFFFE000004BDC810AFFFFFB00095
:104130000000000000AFFFB100000000000000011F
:104140000000000000000000510688888888883040
:1041500015F76EFFFFFFFFFFB68FFDCFF33333334D
:104160006FECDFF20CE00000003F702FF20CE0007B
:1041700000003F802FFFFFE00000003FFFFFF42D15
:10418000F9999999BF924FF20CFFFFFFFFFF702F33
:10419000FBAFF11111115FDABFF98EE00000003FB3
:1041A000C89FF20CE00000003F702FF64DE00000C9
:1041B000003FA46FFEEFFBBBBBBBCFFEEFC20CFF0B
:1041C000FFFFFFFF802C588870288888888885FF2B
:1041D000FFF39FFFFFFFFFFFFFFFF3AFFFFFFFFFB7
:1041E000FFFFFFF3AFFFFFFFFFFFBFFFD16FFFFF39
:1041F000FFFFFB000000000000000000CFFFE17F98
:10420000FFFFFFFFFCFFFFF3AFFFFFFFFFFFFFFF1D
:10421000F3AFFFFFFFFFFFFFFFF39FFFFFFFFFFF76
:1042200058886027888888888547775017777777F8
:104230007774FFFFF39FFFFFFFFFFFFFFFF3AFFF69
:10424000FFFFFFFFFFFFF3AFFFFFFFFFFFDFFFF108
:104250007FFFFFFFFFFD00000000000000000000E6
:104260000000000000000520000000000000008F9A
:10427000F300000000000008FFFE00000000000046
:104280008FFFF8000000000008FFFF9009D2000037
:10429000008FFFF9009FFE200008FFFF9000DFFF66
:1042A000E2008FFFF900002EFFFE28FFFF900000C4
:1042B00002EFFFFFFFF9000000002EFFFFFF90005C
:1042C00000000002EFFFF90000000000002EFF9048
:1042D00000000000000002D800000000002DB00027
:1042E0000006E60DFFC00006FFF3CFFFC006FFFF8C
:1042F00031DFFFC7FFFF5001DFFFFFFF500001DF8D
:10430000FFFF50000007FFFFD0000006FFFFFFC0C7
:104310000006FFFFDFFFC006FFFF51DFFFC0FFFF0A
:104320005001DFFF58FF500001DFD00530000001D1
:10433000610000000000CD50000000000000003FC0
:10434000FA000000000007E303FFA00BC100000813
:10435000FFB03FFA04FFD10004FFF603FFA01EFFE9
:10436000A000DFF7003FFA002EFF403FFC0003FFF4
:10437000A0006FFA08FF60003FFA0000EFF0AFF214
:104380000003FFA0000BFF1BFF10001FF80000BF81
:10439000F19FF300002400000DFF06FF90000000D5
:1043A0000002FFD01FFF2000000000BFF8009FFDAB
:1043B000200000009FFE1000CFFE710004CFFF50D0
:1043C0000001DFFFFEDFFFFF600000009FFFFFFF37
:1043D000FD400000000028CEFDA500000000000008
:1043E0000466400000000000003FFFF300000000F2
:1043F00000004FFFF4000000007817FFFFFF7187F7
:104400000004FFFFFFFFFFFFFF400DFFFFFFFFFF67
:10441000FFFFD03FFFFFFE88EFFFFFF308FFFFD055
:10442000000DFFFF8000AFFF500005FFFA0000BF46
:10443000FF300003FFFB0001CFFF800008FFFC10EE
:104440003EFFFFF6006FFFFFE31FFFFFFFFFFFFFD1
:10445000FFF109FFFFFFFFFFFFFF9000DF8EFFFF6F
:10446000FFE8FD000011019FFFF91011000000009E
:104470004FFFF40000000000002CEED2000000000E
:104480000000000000000000000000000892006B27
:10449000B100000000002DFFE40AFF200000000032
:1044A0004EFFFFF6AFF2000000006FFE31CFFFFFBE
:1044B000200000009FFD2570AFFFF2000001BFFA51
:1044C00008FFB07FFF400002DFF80AFFFFD25FFF66
:1044D0005004FFF51DFFFFFFE42EFF70DFE33EFFFA
:1044E000FFFFFFF61CFF13B15FFFFFFFFFFFF8099F
:1044F00060000AFFFFFFFFFFFFE0000000AFFFFDCD
:1045000088BFFFFE0000000AFFFF7003FFFFE0000E
:104510000000AFFFF7003FFFFE0000000AFFFF7042
:1045200003FFFFE00000008FFFF5002FFFFC0000FD
:10453000000000000000000000000000000009AAC8
:10454000900000000000003FFFF3000000000000AA
:104550004FFFF40000000000004FFFF400000000D7
:1045600000004FFFF40000000000004FFFF40000C7
:10457000000000004FFFF4000000000CEEEFFFFE13
:10458000EEC0000008FFFFFFFFFF900000008FFF5C
:10459000FFFFF80000000008FFFFFF8000000000A0
:1045A000008FFFF800000024444407FF7044444299
:1045B000FFFFFFC1661DFFFFFFFFFFFFFE66EFFF6E
:1045C000FFFFFFFFFFFFFFFFFFFFFFFFFFFFFFFFFB
:1045D000FF66C4FFDFFFFFFFFFFFFFFFFD000000DE
:1045E0000000000000000000044444444441000076
:1045F00000001EFFFFFFFFFFF40000000BFFFFFFA6
:10460000FFFFFFE1000006FF5000000001FFA000D7
:1046100001FF900000000005FF5000BFD000000027
:1046200000000AFE106FF30000000000001EFA0EEA
:10463000FFCCCC200000BCCCEFF2FFFFFFFA000063
:104640006FFFFFFF4FFFFFFFF8888EFFFFFFF4FFB4
:10465000FFFFFFFFFFFFFFFFFF4FFFFFFFFFFFFF1A
:10466000FFFFFFF4FFFFFFFFFFFFFFFFFFFF37FF2D
:10467000FFFFFFFFFFFFFFFFA000000015664000E7
:1046800005CB00003BFFFFFF9207FF0007FFFFFF86
:10469000FFFF66FF008FFFA4125BFFFDFF04FFE436
:1046A0000000004EFFFF0DFF3000004546FFFF4FAA
:1046B000F7000000DFFFFFFF8FF1000000DFFFFFCA
:1046C000FF02100000001222222100000000000062
:1046D000000000677777750000000673FFFFFFFE9C
:1046E0000000003FF6FFFFEEFD000000CFF1FFFFEE
:1046F0007000000009FFA0FFFFFB200002BFFE10BA
:10470000FF8DFFFCA9CFFFE200FF619FFFFFFFFBD2
:104710001000FF70017CEED9300000562000000030
:10472000000000000000000240000002EF00000254
:10473000EFF00003EFFFDFFFFFFFFFFFFFFFFFFFD3
:10474000FFFFFFFFFFFFFFFFFFFFFFFFFFFFFFFF79
:10475000FF7BBBDFFFF00000BFFF000000BFF000E9
:104760000000BE0000000000000000024000000049
:1047700000002EF00000000002EFF0000000003EFC
:10478000FFF00000DFFFFFFFF00710FFFFFFFFF06B
:104790003FD0FFFFFFFFF008F5FFFFFFFFF004F73A
:1047A000FFFFFFFFF00DF3FFFFFFFFF03F708BBB3C
:1047B000DFFFF0000000000BFFF00000000000BF72
:1047C000F000000000000BE000000000000000000E
:1047D00000000000000000000100000000000000D8
:1047E000000007F60000000000024000002DF80065
:1047F00000000002EF0000401CF400000002EFF097
:10480000005FB01EE1000003EFFF0000AFA06F707B
:10481000DFFFFFFFF00710BF30FD0FFFFFFFFF03BB
:10482000FD03F90AF0FFFFFFFFF007F50EC08F2F21
:10483000FFFFFFFF004F70DD07F3FFFFFFFFF01DDD
:10484000F30FB09F2FFFFFFFFF03F707F60CF07B7E
:10485000BBDFFFF00003FE12FA000000BFFF000301
:10486000FF40AF30000000BFF0003C306FA0000000
:104870000000BE0000006FE100000000000000002A
:104880006FD20000000000000000039000003ABB5F
:10489000BBBBBBBBBBBBA3EFFFFFFFFFFFFFFFFE2D
:1048A000FFD56EFFFFFFFFFFFFFF2004FFFFFFFFAD
:1048B000FFFFFF0002FFFFFFBFFFFFFF5007FFFFEB
:1048C000F508FFFFFFFBBFFFFF50008FFFFFFFCB8F
:1048D000FFF5000009FFFFFC00AF50000004FFFFE0
:1048E000C0000300000004FFFF40000000000004BF
:1048F000FFFF74444444444447FFFFFFFFFFFFFFB2
:10490000FFFFFF6FFFFFFFFFFFFFFFF600000690B6
:104910000000000001FF40000000006FFA000000EE
:10492000000DFFF200000005FFFF90000000EFFF08
:10493000FF3000009FFFFFFD00005FFFFFFFF90059
:104940000EFFFFFFFFF307FFFFFFFFFFA0CFFFFFFB
:10495000FFFFFF0FFBFFFFFFFFF2FF4AFFFFFFFF1D
:104960002CF84FFFFFFFF07FF25CFFFFFB00EFE54D
:1049700008FFFF3002EFFFFFFF500001AFFFFB30E9
:1049800000000003310000006B90000003A29FE0D4
:1049900000004FF99FE00005FFFA9FE0006FFFFA6B
:1049A0009FE007FFFFFA9FE08FFFFFFA9FE9FFFFFD
:1049B000FFFA9FFFFFFFFFFA9FFFFFFFFFFA9FFE37
:1049C000FFFFFFFA9FE1DFFFFFFA9FE01CFFFFFA06
:1049D0009FE000BFFFFA9FE0000AFFFA9FE000009F
:1049E0009FFA9FE0000008F60000000000003A7007
:1049F000000000000000EFFE500000000000FFFF7C
:104A0000FB2000000000FFFFFFF800000000FFFF98
:104A1000FFFFE6000000FFFFFFFFFFC30000FFFFF6
:104A2000FFFFFFFF9100FFFFFFFFFFFFFE60FFFFA3
:104A3000FFFFFFFFFFF7FFFFFFFFFFFFFFFAFFFF93
:104A4000FFFFFFFFFFE2FFFFFFFFFFFFF800FFFF99
:104A5000FFFFFFFB2000FFFFFFFFFD400000FFFF07
:104A6000FFFF70000000FFFFFFA100000000FFFF3C
:104A7000D30000000000AFE60000000000000200CC
:104A80000000000000003ABBB91003ABBB91EFFF80
:104A9000FFA00EFFFFFAFFFFFFC00FFFFFFCFFFFAD
:104AA000FFC00FFFFFFCFFFFFFC00FFFFFFCFFFF7A
:104AB000FFC00FFFFFFCFFFFFFC00FFFFFFCFFFF6A
:104AC000FFC00FFFFFFCFFFFFFC00FFFFFFCFFFF5A
:104AD000FFC00FFFFFFCFFFFFFC00FFFFFFCFFFF4A
:104AE000FFC00FFFFFFCFFFFFFC00FFFFFFCFFFF3A
:104AF000FFC00FFFFFFCFFFFFFB00FFFFFFB7FFFBB
:104B0000FE4007FFFFE400000000000000003ABB89
:104B1000BBBBBBBBBB91EFFFFFFFFFFFFFFAFFFF7C
:104B2000FFFFFFFFFFFCFFFFFFFFFFFFFFFCFFFF9B
:104B3000FFFFFFFFFFFCFFFFFFFFFFFFFFFCFFFF8B
:104B4000FFFFFFFFFFFCFFFFFFFFFFFFFFFCFFFF7B
:104B5000FFFFFFFFFFFCFFFFFFFFFFFFFFFCFFFF6B
:104B6000FFFFFFFFFFFCFFFFFFFFFFFFFFFCFFFF5B
:104B7000FFFFFFFFFFFCFFFFFFFFFFFFFFFCFFFF4B
:104B8000FFFFFFFFFFFB7FFFFFFFFFFFFFE40000D2
:104B90000000000000004A2000000AB4BFE300004B
:104BA0000FF8CFFF40000FF8CFFFF5000FF8CFFF51
:104BB000FF600FF8CFFFFFF70FF8CFFFFFFF9FF861
:104BC000CFFFFFFFFFF8CFFFFFFFFFF8CFFFFFFF93
:104BD000DFF8CFFFFFFC1FF8CFFFFFB00FF8CFFFCC
:104BE000FA000FF8CFFF80000FF8BFF700000FF8B2
:104BF0007F6000000FF700000000000000000002CE
:104C0000CA100000000000002EFFC00000000000DD
:104C100001EFFFFB00000000001DFFFFFFA00000F0
:104C20000000CFFFFFFFF90000000BFFFFFFFFFFB9
:104C3000700000AFFFFFFFFFFFF60008FFFFFFFF60
:104C4000FFFFFF400FFFFFFFFFFFFFFFB00AFFFF67
:104C5000FFFFFFFFFF60003444444444444200032C
:104C600077777777777777100FFFFFFFFFFFFFFFEB
:104C7000B00FFFFFFFFFFFFFFFC00FFFFFFFFFFFB2
:104C8000FFFFB00CFFFFFFFFFFFFFF700000000001
:104C900000000000000000000041000000009FD064
:104CA0000000009FFF2000009FFF5000009FFF506A
:104CB00000009FFF5000009FFF5000009FFF50002A
:104CC000000EFFD10000003EFFC10000003EFFC10A
:104CD0000000003EFFC10000003EFFC10000003E9A
:104CE000FFC00000003EFF200000003C60005000BC
:104CF0000000009FC10000000EFFC10000002EFF59
:104D0000C10000002EFFC10000002EFFC100000006
:104D10002EFFC10000002EFFC0000000AFFF2000EA
:104D2000009FFF5000009FFF5000009FFF500000B9
:104D30009FFF5000009FFF6000000EFF600000001A
:104D40003D5000000000000039910000000000000C
:104D5000CFF8000000000000DFF9000000000000B4
:104D6000DFF9000000000000DFF900000000000093
:104D7000DFF9000000367777EFFC777761EFFFFF10
:104D8000FFFFFFFFFAFFFFFFFFFFFFFFFBAEFFFF8D
:104D9000FFFFFFFFE6000000DFF900000000000059
:104DA000DFF9000000000000DFF900000000000053
:104DB000DFF9000000000000DFF900000000000043
:104DC0009FF500000000000001100000003666663C
:104DD0006666666661EFFFFFFFFFFFFFFAFFFFFFFA
:104DE000FFFFFFFFFBAFFFFFFFFFFFFFF60000002D
:104DF000036887400000000000008EFFFFFFF920DD
:104E000000000004EFFD6325BFFF70000007FFFAFC
:104E10000000007FFFA00006FFFD0008FC209FFFB0
:104E2000A002FFFF50008FFE12FFFF60CFFFF216BF
:104E30007FFFF50EFFFE1EFFFF12FFFFFF70DFFF7B
:104E4000F26FFFF30EFFFFF30FFFFB00BFFF904F6A
:104E5000FFF805FFFE1001DFFF40288401EFFF305F
:104E60000001BFFF600004EFFD300000006EFFFB9B
:104E7000BEFFF9000000000005ADFFEB710000006F
:104E80004A100000000000000000000EFE3000008C
:104E9000000000000000005FFF6000157874000053
:104EA0000000002DFFA6DFFFFFFFA2000000000AA8
:104EB000FFFFE8325BFFF80000000006FFF600107D
:104EC00006FFFB0000000003EFF87FD309FFFB00A3
:104ED000001E7001BFFEFFF21FFFF70009FFA000D8
:104EE0008FFFFF70DFFFF100CFFFD1005FFFF90CF4
:104EF000FFFF3005FFFF60002DFFB0EFFFB0000A9D
:104F0000FFFC00000AFFEFFFE100000CFFF60000CD
:104F100006FFFFF30000000AFFF8100003EFFA009D
:104F200000000005EFFFCB8001BFFB100000000078
:104F30005ADFFE70008FFE3000000000000000000D
:104F4000005FFF300000000000000000002DE100C5
:104F5000000000000000000000010000000000014F
:104F6000CD4000000000000000000AFFE00000004B
:104F700000000000004FFFF80000000000000000EB
:104F8000DFFFFF1000000000000006FFFFFFA00091
:104F900000000000000EFFFFFFF300000000000013
:104FA0008FFB338FFC000000000002FFF9006FFF51
:104FB00060000000000AFFFA006FFFE00000000040
:104FC0004FFFFB007FFFF800000000DFFFFC008FB9
:104FD000FFFF10000006FFFFFD009FFFFFA0000085
:104FE0000EFFFFFFCBFFFFFFF300008FFFFFFC0072
:104FF0008FFFFFFC0002FFFFFFF9004FFFFFFF6084
:105000000AFFFFFFFE42CFFFFFFFE00FFFFFFFFFA2
:10501000FFFFFFFFFFF309FFFFFFFFFFFFFFFFFFA2
:10502000D0002333333333333333330000000000F5
:10503000000001400000000000000007F9001222FB
:105040001000000129FF90FFFFE200006FFFFFF852
:10505000FFFFFE2005FFFFFFFD9AADFFD05FFFBD04
:10506000FFE20000CF44FFF908FE200000044FFFDC
:105070009004D200000003FFFA0000100000003F7F
:10508000FFA19106F6000002EFFB0CFC08FF60EFA9
:10509000FFFFB01DFFFFFFF6FFFFFC0002EFFFFF69
:1050A000FEDDDDB000002DDEFFF500000000000099
:1050B00008FF5000000000000006F500000000009E
:1050C00000000000000000000420000000000000BC
:1050D0005FE2000000000005FFFE20000000006FFE
:1050E000FFFFE300000006FFFACFFE3000006FFF75
:1050F000900CFFE30006FFF90000CFFE305FFF9049
:1051000000000CFFE2AFF900000000CFF61B8000AA
:105110000000000B9003200000000003206FE2005D
:105120000000005FF2AFFE20000005FFF61CFFE369
:1051300000005FFF9001CFFE3005FFF900001CFF6B
:10514000E35FFF90000001CFFFFFF9000000001CAB
:10515000FFFF900000000001CFF9000000000000F8
:105160001B9000000000002600000000000000006E
:10517000000002EFA00044444444420000003EFF0F
:10518000FA04FFFFFFFFFD000003EFFFFFA0AFFFEA
:10519000FFFFFE00000EFDEFCFF800000005FE004F
:1051A000000BE2DF67F500000005FE00000000DFF5
:1051B000600000000005FE00000000DF600000004D
:1051C0000005FE00000000DF600000000415FE0383
:1051D000200000DF600000006FD6FE4FF10000DF0E
:1051E000944444413FFFFFFFC00000DFFFFFFFFF8B
:1051F00024FFFFFC1000009FFFFFFFFE304FFFC0A9
:1052000000000000000000000004FC00000000009E
:1052100000000000000010000017888884000000D3
:105220000000CFFFFFFF5000000000FFFFFFFFF670
:1052300044444430FFFFFFFFFFFFFFFFFAFFFFFF83
:10524000FFFFFFFFFFFFFFFFFFFFFFFFFFFFFFFF6E
:10525000FFFFFFFFFFFFFFFFFFFFFFFFFFFFFFFF5E
:10526000FFFFFFFFFFFFFFFFFFFFFFFFFFFFFFFF4E
:10527000FFFFFFFFFFFFFFFFFFFFFFFFFFFFFFFF3E
:10528000FFFFFFFFFFFFFFFFFFFFFFFFFFFF7FFFAE
:10529000FFFFFFFFFFFFF6000000004700000000D7
:1052A00000000004FF900000000000004FFFF90024
:1052B0000000000004FFFFFF90000000004FFFFF10
:1052C000FFF900000004FFFFFFFFFF9000000CFF4C
:1052D000FFFFFFFFF1000000112FFFF7111000008A
:1052E00000001FFFF60000000000001FFFF6000096
:1052F000000000001FFFF60000000000001FFFF686
:105300000000002444421FFFF6244442FFFFFC0833
:10531000BBA2CFFFFFFFFFFFA5555AFFFFFFFFFF17
:10532000FFFFFFFFFFFFFFFFFFFFFFFFFF66C4FF61
:10533000DFFFFFFFFFFFFFFFFD0000000000000098
:10534000000000000000000002B841000000000062
:1053500000009FFFFB0000000000001FFFFFF000A7
:105360000000000007FFFFFE000000000000DFFF5C
:10537000FFC000000000000CFFFFF900000000006B
:10538000000AFFFF500000000000000CFFF10000C9
:105390000000000003FFFA00000000000000DFFF33
:1053A00020000000000000AFFF90000004A50000F6
:1053B000AFFFD000007DFFF402CFFFE20000DFFF6F
:1053C000FFE9FFFFF300000DFFFFFFFFFFE200001A
:1053D000009FFFFFFFFFA100000006FFFFFFFC4052
:1053E000000000002FFFFD830000000000002320CC
:1053F0000000000000000000352000000000001C3C
:10540000FFFA0000019CA1AFFEFF60002EFFF9EF44
:1054100060AFB003EFFFB0EF92CF903EFFFA007F96
:10542000FFFFE6FFFFA00008FFFFFFFFFA000000FC
:1054300001CFFFFFA0000000003FFFFF10000000B1
:1054400036EFFFFFD100001CFFFFFFFFFD1000AF94
:10545000FEFFC2DFFFD100EF60AFA01CFFFD20EF19
:1054600092CFA000CFFFE27FFFFF40000BFFF908C3
:10547000FFE500000058500001000000000000009F
:10548000006FFFFFF168000000AFFFFFF17F8000B9
:1054900000AFFFFFF17FF83662AFFFFFF13666FF26
:1054A000F6AFFFFFF62222FFF6AFFFFFFFFFFEFF82
:1054B000F6AFFFFFFFFFFEFFF6AFFFFFFFFFFEFFB0
:1054C000F6AFFFFFFFFFFEFFF6AFFFFFFFFFFEFFA0
:1054D000F6AFFFFFFFFFFEFFF6AFFFFFFFFFFEFF90
:1054E000F6AFFFFFFFFFFEFFF6AFFFFFFFFFFEFF80
:1054F000F76FFFFFFFFFFAFFFE300000000000FF24
:10550000FFFFFFFFF10000EFFFFFFFFFF0000014BF
:10551000444444442000000566666666640000CF8B
:10552000FFFFFFFFFF9000FFEDDDDDDDEFF900FF86
:10553000400000000FFF90FF400000000EFFF6FF4C
:10554000400000000EFFF9FF400000000FFFF9FFD0
:10555000FFFFFFFFFFFFF9FFFFFFFFFFFFFFF9FF67
:10556000FFFFC57FFFFFF9FFFFFE0005FFFFF9FF0B
:10557000FFFA0001FFFFF9FFFFFD0004FFFFF9FF45
:10558000FFFF934DFFFFF9FFFFFFFFFFFFFFF88FC6
:10559000FFFFFFFFFFFFE3012222222222210079E9
:1055A00099999999999995FFFFFFFFFFFFFFFCDFFC
:1055B000FFFFFFFFFFFFFA000000000000000000F7
:1055C000000000000000000000000000000000EFEC
:1055D000FFFFFFFFFFFFFAFFFFFFFFFFFFFFFB687B
:1055E0008888888888888400000000000000000007
:1055F000000000000000006777777777777774FF07
:10560000FFFFFFFFFFFFFBEFFFFFFFFFFFFFFA00C2
:10561000000000000000000344444444444444307B
:10562000AFFFFFFFFFFFFFFFFAFFFFFFFFFFFFFFDF
:10563000FFFFCFFFFFFFFFFFFFFFFC0AFFFFFFFFA2
:10564000FFFFFFA0A16FFFFFFFFFFFF63DFE42DF60
:10565000FFFFFFFD26FFFFF919FFFFFF91BFFFFFCF
:10566000FFD35FFFE54EFFFFFFFFFF719917FFFFBD
:10567000FFFFFFFFFD77DFFFFFFFFFFFFFFFFFFFE4
:10568000FFFFFFFFFFFFFFFFFFFFFFFF7FFFFFFFAA
:10569000FFFFFFFFF600AFFFFFA000000FFFFFFBC3
:1056A000000001FFFFFF6000003FFFFFF100000569
:1056B000FFFFFB0000008FFFFFA555400AFFFFFF23
:1056C000FFFF30CFFFFFFFFFC00EFFFFFFFFF30024
:1056D000EFFFFFFFFA00012223FFFF100000004F41
:1056E000FF7000000008FFE000000000CFF50000A0
:1056F00000000FFC0000000003FF30000000007FEE
:10570000900000000007E100000000000000000021
:105710000000008D90000000008BBCFAFDBB9000E3
:1057200000FFFFD0CFFFF10000FFFFF8FFFFF10007
:1057300000FFFFFFFFFFF10000FFFFF3000000008C
:1057400000FFFF95FFFFF17900FFFF88FFFFF17F6A
:10575000B0FFFF88FFFFF17FFAFFFF88FFFFF20233
:1057600021FFFF88FFFFFFDDDCFFFF88FFFFFFFF5A
:10577000FEFFFF88FFFFFFFFFEFFFF88FFFFFFFF29
:10578000FE7AAA58FFFFFFFFFE000008FFFFFFFFA1
:10579000FE000008FFFFFFFFFE000006FFFFFFFF07
:1057A000FC00000000000000000000000860000095
:1057B000000000003FF0000000000006CFFA4000AB
:1057C000000001CFFFFFF90000000CFFFFFFFF808A
:1057D00000005FFFFFFFFFF100009FFFFFFFFFF5ED
:1057E0000000BFFFFFFFFFF70000CFFFFFFFFFF844
:1057F0000000EFFFFFFFFFFA0002FFFFFFFFFFFEC9
:105800000008FFFFFFFFFFFF403FFFFFFFFFFFFF1D
:10581000D1EFFFFFFFFFFFFFFAAFFFFFFFFFFFFF2B
:10582000F70000000000000000000004FFFF00007F
:1058300000000000BFF700000000000002100000A0
:1058400000044444444444444444410BFFFFFFFFEC
:10585000FFFFFFFFFFE0FFFFFFFFFFFFFFFFFFFF77
:105860003FF404D02F00F303F00FF4FF405D02F08B
:105870000F404F00FF4FFFFFFFFFFFFFFFFFFFF451
:10588000FFFF22B729A24F42CFFF4FFFF00A6079F6
:1058900002F20BFFF4FFFFDDFEDFFDEFEDFFFF4F38
:1058A000F848E444444447F45FF4FF404D000000EE
:1058B000003E00FF4FF748E444444447F44FF4FFF0
:1058C000FFFFFFFFFFFFFFFFFF37FFFFFFFFFFFFB0
:1058D000FFFFFFA00000000000000000000000002B
:1058E0000000000000018B3000000000000002AF4B
:1058F000FFD0000000000003BFFFFFD00000000049
:1059000005CFFFFFFF7000000006DFFFFFFFFE0076
:10591000000017EFFFFFFFFFF8000029FFFFFFFF68
:10592000FFFFF10007FFFFFFFFFFFFFF90000FFFEA
:10593000FFFFFFFFFFFF20000BFFFFFFFFFFFFFB4D
:105940000000005666667FFFFFF3000000000000C5
:105950002FFFFFC00000000000002FFFFF500000DD
:10596000000000002FFFFD000000000000002FFFDE
:10597000F6000000000000002FFFE0000000000023
:1059800000001FFF70000000000000000CFD000080
:1059900000000000000000300000000058888887E8
:1059A000060000FFFFFFFE0F9000FFFFFFFE0FF954
:1059B00000FFFFFFFE0FFF90FFFFFFFE0FFFF5FF51
:1059C000FFFFFF322221FFFFFFFFFFFFF8FFFFFF76
:1059D000FFFFFFF8FFFFFFFFFFFFF8FFFFFFFFFFE5
:1059E000FFF8FFFFFFFFFFFFF8FFFFFFFFFFFFF8DC
:1059F000FFFFFFFFFFFFF8FFFFFFFFFFFFF8FFFFC5
:105A0000FFFFFFFFF8FFFFFFFFFFFFF8FFFFFFFFB4
:105A1000FFFFF8EFFFFFFFFFFFF614444444444448
:105A20003000000000000000000000000000000046
:105A30003689A97410000000000029EFFFFFFFFF66
:105A4000C600000001AFFFFFFFFFFFFFFE60000682
:105A5000FFFFFC7543469EFFFFB108FFFE7100008B
:105A6000000003CFFFE2CFFA100000000000004E5C
:105A7000FF40B6000059DEFEC720001B50000005A5
:105A8000DFFFFFFFFFA10000000009FFFFFEDEFFB8
:105A9000FFE300000000DFFC4000028FFF50000029
:105AA0000001B6000000001B6000000000000000C4
:105AB00035000000000000000000007FFE10000024
:105AC0000000000000000EFFF600000000000000D3
:105AD0000000DFFF50000000000000000004FFB0E5
:105AE00000000000000000000000100000000000A6
:105AF00004444444444444444444100AFFFFFFFF28
:105B0000FFFFFFFFFFFE10FFFFFFFFFFFFFFFFFF95
:105B1000FFF50FF40000000000000000FFF3FF4A53
:105B2000FFFFFFFFFFFFFF0FFF5FF4AFFFFFFFFF70
:105B3000FFFFF03FF5FF4AFFFFFFFFFFFFFF00EF12
:105B40005FF4AFFFFFFFFFFFFFF08FF5FF45888891
:105B500088888888880FFF5FF7444444444444445D
:105B600045FFC1FFFFFFFFFFFFFFFFFFFFF506EF50
:105B7000FFFFFFFFFFFFFFFFFB00044444444444DA
:105B800044444444100AFFFFFFFFFFFFFFFFFFFEF6
:105B900010FFFFFFFFFFFFFFFFFFFFF50FF4000007
:105BA000000000000000FFF3FF4DFFFFFFFFFF605C
:105BB000000FFF5FF4DFFFFFFFFFF600003FF5FF80
:105BC0004DFFFFFFFFFF600000EF5FF4DFFFFFFF0F
:105BD000FFF600008FF5FF46888888888830000F20
:105BE000FF5FF74444444444444445FFC1FFFFFF82
:105BF000FFFFFFFFFFFFFFF506EFFFFFFFFFFFFFC8
:105C0000FFFFFB0004444444444444444444100A19
:105C1000FFFFFFFFFFFFFFFFFFFE10FFFFFFFFFF84
:105C2000FFFFFFFFFFF50FF4000000000000000081
:105C3000FFF3FF4CFFFFFFF10000000FFF5FF4CF09
:105C4000FFFFFF100000003FF5FF4CFFFFFFF100DA
:105C5000000000EF5FF4CFFFFFFF100000008FF5A2
:105C6000FF46888888800000000FFF5FF7444444A7
:105C70004444444445FFC1FFFFFFFFFFFFFFFFFF18
:105C8000FFF506EFFFFFFFFFFFFFFFFFFB000444F0
:105C90004444444444444444100AFFFFFFFFFFFFD0
:105CA000FFFFFFFE10FFFFFFFFFFFFFFFFFFFFF5FE
:105CB0000FF40000000000000000FFF3FF49FFFEAA
:105CC00000000000000FFF5FF49FFFE000000000F5
:105CD000003FF5FF49FFFE000000000000EF5FF409
:105CE0009FFFE000000000008FF5FF448887000060
:105CF0000000000FFF5FF74444444444444445FF20
:105D0000C1FFFFFFFFFFFFFFFFFFFFF506EFFFFFF4
:105D1000FFFFFFFFFFFFFB000444444444444444AE
:105D20004444100AFFFFFFFFFFFFFFFFFFFE10FFCD
:105D3000FFFFFFFFFFFFFFFFFFF50FF40000000074
:105D400000000000FFF3FF40000000000000000F13
:105D5000FF5FF400000000000000003FF5FF40007E
:105D600000000000000000EF5FF4000000000000F1
:105D700000008FF5FF40000000000000000FFF5FF3
:105D8000F74444444444444445FFC1FFFFFFFFFF40
:105D9000FFFFFFFFFFF506EFFFFFFFFFFFFFFFFF26
:105DA000FB00000000000000781000000000000070
:105DB0000000269FFD00000000000000004FEFFFE4
:105DC000F0000000000000000E802EF70000000030
:105DD00000200006E000000000000003EFE300D711
:105DE0000000000002A100CFFFD49F555555555526
:105DF0007FF70FFFFFFFFFFFFFFFFFFFFFF5AFFF85
:105E0000A0000BB00000003FB2009C9000003F30AB
:105E100000000150000000000000BB02BBB5000004
:105E2000000000000002F99FFF8000000000000059
:105E30000003BDFFF80000000000000000003FFF6D
:105E400080000000000000000000000000000000D2
:105E5000017BDDB82000005FFFDFFFF60004FFFFDD
:105E600068FFFF400EFFFF609FFFD04FFFFF6009FC
:105E7000FFF38FF6BF61C09FF7BFF60B60E25FF9DB
:105E8000DFFF502033FFFBEFFFF5002EFFFCEFFF9D
:105E9000FC007FFFFCDFFFD10009FFFCCFFC1450AA
:105EA00090AFFBAFF24F60F32FF96FFDFF7052EF31
:105EB000F61FFFFF702EFFF109FFFF72EFFF90004A
:105EC000BFFFAEFFFD100005CFFFFD80000000000A
:105ED00011000000000005888830000056667FFF32
:105EE000FFE66663FFFFFFFFFFFFFFFBCDDDDDDDAC
:105EF000DDDDDDD803444444444444200EFFFFFF6D
:105F0000FFFFFFA00EFFFFFFFFFFFFA00EFF1FF62A
:105F1000AFC4FFA00EFF0FF59FB3FFA00EFF0FF55C
:105F20009FB3FFA00EFF0FF59FB3FFA00EFF0FF56D
:105F30009FB3FFA00EFF0FF59FB3FFA00EFF0FF55D
:105F40009FB3FFA00EFF0FF59FB3FFA00EFF1FF63C
:105F5000AFC4FFA00DFFFFFFFFFFFF9008FFFFFF93
:105F6000FFFFFF400024444444443100000000008F
:105F70000000008A3000000000000000BFFF300079
:105F80000000000000BFFFFF30000000000034FFF1
:105F9000FFFD0000000000BF44FFFFE00000000024
:105FA000BFFF44FFF400000000BFFFFF44F4000007
:105FB0000000BFFFFFFF4100000000BFFFFFFFF434
:105FC00000000000BFFFFFFFF400000000BFFFFF64
:105FD000FFF400000000BFFFFFFFF400000000BF5F
:105FE000FFFFFFF4000000008FFFFFFFF400000040
:105FF000000AFFFFFFF40000000000CFFFFFF400E5
:10600000000000000EFFFFF4000000000000FFFF92
:10601000D400000000000002310000000000000079
:10602000000000005788888888888872000000AFC8
:10603000FFFFFFFFFFFFFFF20000BFFFFFFFFFFFBB
:10604000FFFFFF7000BFFFFFF8AFFFA8FFFFF800E2
:10605000BFFFFFFA00AFA00AFFFF80BFFFFFFFF303
:10606000006003FFFFF8AFFFFFFFFFF30003FFFF38
:10607000FF8EFFFFFFFFFF90009FFFFFF84FFFFF26
:10608000FFFFA00000AFFFFF804FFFFFFFB003E363
:1060900000BFFFF8004FFFFFFE23FFF32EFFFF803E
:1060A000004FFFFFFEFFFFFEFFFFF700004FFFFF67
:1060B000FFFFFFFFFFFF5000003DFFFFFFFFFFFF5F
:1060C000FF900001CFFFFFFE60001CFFFFFFFFF20B
:1060D00000CF47F4D84FF50CFF03E0C50EF5CFFF16
:1060E00003E0C50EF5FFFF24E2C62EF5FFFFFFFF1C
:1060F000FFFFF5FFFFFFFFFFFFF5FFFFFFFFFFFFC4
:10610000F5FFFFFFFFFFFFF5FFFFFFFFFFFFF5FFBD
:10611000FFFFFFFFFFF5FFFFFFFFFFFFF5FFFFFFA3
:10612000FFFFFFF5FFFFFFFFFFFFF5FFFFFFFFFF93
:10613000FFF5EFFFFFFFFFFFF35FFFFFFFFFFFA094
:106140000134444444420000000000000000000309
:10615000000000000000000005F100000000000049
:106160000005FF10003E9000000000BFF1004FFB53
:10617000000000000BFF105FFFB000000000BFF147
:106180006FFFFFFFFFFFFFFFFF1DFFFFFFFFFFFF91
:10619000FFFFF13EFFFECCCCCCCCCCCA002EFFB032
:1061A000000000000000001DFB00000000000000D7
:1061B000001B600000000000000000000000000064
:1061C000000000000000D004000000000000D00427
:1061D000030D010014001007050601072300A00CA1
:1061E0000D0D00007800300B0B1200FEDB00300FAD
:1061F0000F0D00003D01600C0D0E00FF9801C00363
:10620000020601079E011006051201FCCB011006D3
:10621000051200FCF8013007070700071102800A89
:10622000090901023A021004040600FD4602E006D4
:10623000050201044B021004040300005102500641
:106240000812FFFE9902000C0C0D0000E702B006D8
:10625000050D00000803500A0A0D00004903500A0A
:106260000A0D00008A03100C0C0D0000D803500A20
:106270000A0D00001904200B0B0D00006104C00A78
:106280000B0D0000A904900B0B0D0000F104200B76
:106290000B0D000039051004040A00004D05100420
:1062A000040D00FD6705800A090901029005800AB6
:1062B00009070103B005800A09090102D905500A3E
:1062C0000A0D00001A06A012121100FCB306300DD0
:1062D0000F0DFF001507A00D0C0D01006307000D49
:1062E0000D0D0000B807E00E0D0D01000D08100C9B
:1062F0000B0D01005508700B0A0D01009608E00D0A
:106300000D0D0000EB08A00E0C0D010039099005E1
:10631000030D01004D094009090DFF008809F00C2B
:106320000C0D0100D609B00A0A0D0100170A301140
:106330000F0D0100790AA00E0C0D0100C70A200FF5
:106340000F0D0000290B000D0C0D0100770B200F25
:106350000F1000FDEF0B100D0C0D01003D0C300B6C
:106360000B0D0000850C900A0B0D0000CD0C400EAB
:106370000C0D01001B0DD00C0E0DFF00760D40140E
:10638000140D0000F80D200C0C0D0000460EA00BA3
:106390000D0DFF009B0ED00B0C0D0000E90E00064A
:1063A000051201FC160F50060812FFFE5E0F0006D4
:1063B000051200FC8B0F800A09080103AF0F0009CA
:1063C000090200FEB80FD00A0503020BC00FC00A75
:1063D0000A0A0000F20F400C0B0E01003F10400AA9
:1063E0000A0A00007110400C0B0E0000BE10000BDA
:1063F0000B0A0000F5106006070E00002611700C55
:106400000B0E00FC7311400C0A0E0100B9110005BF
:10641000030E0100CE1120050612FEFC0412100B23
:106420000B0E010051120005030E0100661200134D
:10643000110A0100BB12400C0A0A0100ED12700B98
:106440000B0A00002413400C0B0E01FC7113400CCE
:106450000B0E00FCBE136007060A0100DC130009E6
:10646000090A000009147007070C00003314300CEF
:106470000A0A01006514100A0C0AFF00A11430106A
:10648000110A0000F614F0090A0A00002815100A83
:106490000C0EFFFC7C156009090A0000A9155006C6
:1064A000051201FCD6156005031201FCF11550061A
:1064B000061200FC2716800A090501043E16900703
:1064C000070700065716A005040401035F16001213
:1064D000131300FD14170012120E00009217001281
:1064E000121100FE2B180012120E0000A918600CE9
:1064F0000D0D0000FE180012131200FEA919001263
:10650000121300FD541A4014151100FE071B00124F
:10651000121300FDB21B4014150E0000451C0012A2
:10652000121300FDF01C0009090F00FF341D800D3F
:106530000E0F00FF9D1D4014151200FE5A1E001282
:10654000120E0000D81E600C0D1300FD541FC00F6A
:106550000C1102FEBA1FC00F101300FD5220C00F15
:10656000101100FEDA20C00F101100FE6221C00FD2
:106570000C1102FEC821C00F1211FFFE6122400B58
:106580000B1000FFB922400B0B1000FF1123C00FAE
:10659000101100FE9923C00F10040005B923401408
:1065A000150E00004C248016171300FD27254014FB
:1065B0001613FFFDF8250012121100FE9126C00FE0
:1065C000100A0002E126C00F100A000231278016CF
:1065D000180FFFFFE5270012120E000063280012BB
:1065E000121300FD0E2900121313FFFDC329C00F63
:1065F000101100FE4B2AC00F101300FDE32AC00F3C
:10660000101100FE6B2BC00F100F00FFE32B0012C8
:10661000120E0000612C400B0D13FFFDDD2CC00F8E
:10662000101300FD752DC00F101300FD0D2E40142A
:10663000150E0000A02E00121414FFFD682F800D0F
:106640000E1300FDED2F8016171200FEBC308016D1
:10665000170C000146318016170C0001D03180164E
:10666000170C00015A328016170C0001E432801614
:10667000170C00016E338016170F00FF1B34C00F7C
:106680000E1301FDA034C00F101300FD38350012A9
:106690001313FFFDED358016170E00008E36800DAA
:1066A0000E1300FD13372012130C00010000721F9F
:1066B00051EF58EF5BEF5CEF5DEF61EF63EF65EF7C
:1066C00069EF6CEF71EF76EF77EF78EF8EEF93EF86
:1066D00098EF9BEF9CEF9DEFA1EFA2EFA3EFA4EF4C
:1066E000B7EFB8EFBEEFC0EFC1EFC4EFC7EFC8EF31
:1066F000C9EFCBEFE3EFE5EF14F015F017F019F069
:1067000030F037F03AF043F06CF074F0ABF03BF15E
:1067100090F191F192F193F194F1D7F1E3F13DF21F
:1067200054F2AAF412F7F2F7200000005F00010013
:10673000000000000000000000000200B0000000A7
:10674000F3F76000AC660508000000003E0003009F
:10675000000001020003040502060708090A090AED
:106760000B0C000D0E0F101112130C14140000006E
:106770001516171819161A1B1C1D1D1E1F201D1D6E
:106780001621222303241E2525262728292A2B000B
:106790002C002D2E2F303132332D343435302D2D29
:1067A0002E2E36373839333A3A3B3A3C2900000925
:1067B0003D09000000000000000000000000000093
:1067C00000000000000000000000000000000000C9
:1067D00000000000000000000000000000000000B9
:1067E00000000000000000000000000000000000A9
:1067F00001020003040502060708090A090A0B0C36
:106800000D0E0F10110C12131415150000001617A1
:106810001819171919191719191A191919191719EE
:106820001719031B1C1D1D1E1F20212223002400DD
:106830002526272727002726282926262A2A272A09
:10684000272A2B2C2D2E2E2F2E3000002309310924
:106850000000000000000000000000000000000038
:106860000000000000000000000000000000000028
:106870000000000000000000000000000000000018
:106880000000000000000000000000000001000007
:1068900000000000000100000300000000020000F2
:1068A00000000000000000000000000000000100E7
:1068B00000000000000000000000000000010D00CA
:1068C00008FA00000000F0EF020E0605F4020E01C7
:1068D0000C0309000000000000000000000011028D
:1068E000FE0000000000000000000000000600F7AD
:1068F0000000000000FA05060000FD00FE0300FD98
:1069000000FDFFFA00000000FD0000FCFC0000FD9F
:1069100000FA000000000000000000FDFD00FC0087
:10692000F800DD0000FA0006090000FA03030A0679
:10693000FB060000F0000000000000000000000066
:10694000F50000000000000000000000000000F85A
:10695000FDF200F4FE00000000010B00F7FEFF0155
:1069600000FB0000FEEB0000000000000000000043
:1069700000E9FE0B00000000000000000000000025
:10698000F4000000000000000000000A0003000006
:10699000FA000000000000000000000000000000FD
:1069A00000000B02010000000000000000000000D9
:1069B00000000000000000000000000000000000D7
:1069C000000000000000000000000000F5000000D2
:1069D00000000000000000000000000000000000B7
:1069E00000000002060309FD000006FDF6D90208BA
:1069F0000601FC000A0009000900E500FD09000A83
:106A0000FD0603000001FD0000FB17001700090050
:106A10000C040509000000F50000000001FE000262
:106A2000FBFCFA0200FD000000F400000000000082
:106A30000000000000ED0000000000000000000069
:106A4000000000000001F000EE00000000FE001D4C
:106A5000FDFC0303FD00FC030000F100000000004A
:106A6000000000000000E40003000000000000003F
:106A70000000000000EE00110000F5000A00ECE448
:106A8000ECFA090000ED0003F900FC000000000032
:106A9000000000000000000709DD00000000000009
:106AA0000000000000000E000200000000000202D2
:106AB000FDFA00FFFFFD0000FE000000FA00FE00EE
:106AC000F9FA00F9F6F6FB00FA00FA00000000FE01
:106AD0000000030002FD000100000003FE000000B2
:106AE000FE0303FF000000FB00FF000000000001A8
:106AF0000004FE00FD00FB0000FE00090000FD0098
:106B000000000000FF01FEFE0000FD00FD0000008F
:106B1000000000000000FFFF00FDFD00000000007D
:106B2000010000FE00FDFDFD00000000000000006F
:106B300000FE00000000FEFC00FC00F7FEF706006F
:106B400000FA03060800F9FFFD00FFF203FE02F160
:106B500003000001F100F1FEE7FE00F2000608006C
:106B600004000000000100FBFC00F7000000FD0035
:106B70000000FD0000000000FFFF00FFFC0000001F
:106B800000000000FDFD00FEFDFE0000FD00000015
:106B90000000000000000000FEFE00FD00FE00FA04
:106BA000030000FD010303000000000000FE0000E0
:106BB000000000020000FD00FDFEFD0000000000DE
:106BC00000000200FE00000000FDFC00FB0009FECA
:106BD00001F7000008F2F1F4FA0300FEEDFB00FB00
:106BE00000FA04FBEE00F8000001FF02FE000300C3
:106BF000F7F500F2F9FAF9F7FDF8FFFBF8020001EA
:106C000000FD000000020003000000000000000082
:106C1000000000FD00FF00FFFD00FBFAFAFF00F797
:106C2000000000000000FE0000000001FE00000067
:106C30000300000000000000000E00000000000043
:106C400002000000FD000000000000000000000045
:106C5000FB00030000000000000000000000000036
:106C6000FE000000FB00000000F2F7000000FCF254
:106C70000000FD0300F8000000000000000000001C
:106C8000FB0000FB0000000000000000000000000E
:106C90000300FB00000000030002FAFA00FDFDFD06
:106CA000000000000000F700FD00FCFD00FAF9F70D
:106CB000FE00FA00F700000000170000010000FCD1
:106CC000000300F40000000000E5FB0A09FEF400E8
:106CD00003FC00F2FFFC03ECFD040004F6FCF5F6F7
:106CE000F40000EF00100000FF000000FFFFFDF8BF
:106CF000F6FFE500000000000000000001000000B9
:106D000000000000000000000000000000FD00FF87
:106D1000FDFC0000FA00FD00000000000000000083
:106D2000000000000000FF00FA000006FF0400FA67
:106D300003FEFFF9FD00FCFDFE00FCFB0000FEFF72
:106D4000FEFBFD0000FD0003FE00FA000000FA005B
:106D5000FB00FBFB030000000000000000FA030042
:106D6000FC00FEFDF7FEFEFEFFFEFDFF0000000042
:106D700000FDFEFE0000000003FE00FE000000FE1D
:106D8000FDFEFDFDFD00020CFF00F800FE0600FD0B
:106D9000F4FC040000F2FB03FB0200FEFEF700FC23
:106DA000010000FB0000000303FAFB00FBFDFCFDFB
:106DB000FD00FB01FBFB09000000000000000000DB
:106DC00003000000000000000000000000000000C0
:106DD0000000000000000000FB00000000000000B8
:106DE00000000000000000000000000000000000A3
:106DF0000000000000000000000000000000000093
:106E000000000000FE000000000000000000000084
:106E10000000000000000000000000000000000072
:106E20000000FEFD00000000000000000000000067
:106E3000FC0000FC0000FDFD00000000FD00000063
:106E400000FF0000000000FE00000000FC00FA004F
:106E50000000F60002FA0601FEF20000FAFD00F45E
:106E6000F9F80000F4FDF4F5F200F9000213FC005B
:106E7000F9FDFFFDFBF8FBF5F4F9FD0000FE000154
:106E80000000ECFD0906FAF50001F700F2FEFD0630
:106E9000E6FC010000EDFDF1FDEB0000EC0011014E
:106EA00000FE00000000FFFEF5FE00ED0000000007
:106EB000F700FD00FFF8F20000FFFCF7FD00FE0008
:106EC000000000F3FDF6F7FEFBF9FDFB00FAFDF60E
:106ED000FC00FDFBFDFB000100FEF6000600FB00D0
:106EE000000000030002FA0C00FDFDFD00000000A0
:106EF0000000F700FD00FCFD00FAF9F7FE00FA02C1
:106F00000C00000000170000010000FC000300005E
:106F1000000000000000FF0000000000FEFA00007A
:106F2000000000FF000000FDFD0000FAFD0000FA77
:106F30000005FF0000000000000100000000040642
:106F400002FD00F7FB0009F6F7FAFA0C0503E7FE6D
:106F500006FD00FD03FDF600FD03FCFEF7FE00004C
:106F6000090600F800F0FC08FCF501FCF6F6FD0C43
:106F70000300FC00F800020AF9F5F4F9090001EB3E
:106F8000FE03FBFEF900FAF5FCFCFE0000F9FAFD39
:106F9000000907FDF000F0FC00F6EFFFF7FBF6F844
:106FA000080000FC00FAFD00FDFB0005F6030000F0
:106FB000F100FDFAFBFEF7F9F6F900F7FDF9FBF732
:106FC000FD0000010EFB00F7FD00FDFAF9F8F8F5F1
:106FD000FCFA0600FC00F2FD0206F7F5FAF60AFDDF
:106FE00001E5FB06FAFBF500F7F4FDFDFEFDFAF7FF
:106FF000FF00000908FEED00EFF907F5ECFAF6F4E2
:10700000F2F60600000000FD000003FD0602FB068C
:107010000000F7FF00FF000101FE0000000000007B
:10702000FD0000000002090100FD00000000FEFE5E
:10703000FD0000000102000000000200FE000B0045
:10704000050101FC00060000000200000000000035
:10705000000000000009000800000000000000001F
:10706000000000000000EF00FD05000900001D0306
:10707000FAFA0303FE01F200000EEF000000000028
:10708000000000000000EC0B2800000000000000E1
:107090000000000000EF0000000000000000000001
:1070A00000000000000000000000000000000000E0
:1070B000FB0000FBFD0000000000000000000000DD
:1070C0000000000000000000FE00F80000010000C9
:1070D0000325FAFE0908F80300000303FC00000082
:1070E0000000000000000000DB08000000000000BD
:1070F0000000000000000000000000F8000000F8A0
:1071000000000000FAFF000000FA00FD00F200009D
:10711000000000000000000000ED00000000010081
:107120000000000000FD0000FB00FC00F800000073
:10713000FB03FD0000F8FDF90000F800FD00F2007F
:10714000FD0000E9FBF4FDF60000ED00F8FF000093
:10715000000000000000FCFBFEFB00000000FA0045
:10716000FA04FD0600FEF9FEFBFB00FDFFFE02F83F
:10717000FF000000E7FEFC00FA00FEF2FD0000FE4A
:10718000FE000000000200FEFBFE05000000000003
:1071900000000000000000000000000000000000EF
:1071A00000000000000000000000000000000000DF
:1071B00000000000000004000000000000FA00FED3
:1071C000000000FA03000000F8FDFA0000F800FDDE
:1071D00000F200000000E400FAF5F20000ED00FE0D
:1071E000FC0000000000000000FDFCFFFC010000AE
:1071F00005FC00090EFDFDF7030E0506F8030C0360
:107200000806080000000000000000000000120E48
:10721000FBFD00FE170C170000000300000B000030
:10722000FB000000000000000000FE000000000065
:107230000000000400000000E8FDFEF4F20000ED94
:10724000000000000000000000000000000000003E
:1072500000FB000000000000000000FE0000000035
:10726000000000000400000000E8FDFEF4F2000051
:10727000F40000000000000000000000000000001A
:1072800000000000FE000000F90300FD020503F706
:1072900000FFFE03000200000000F900FDFEFA00FE
:1072A000FDF40012FD00FAFE00FEFB00FDF8FAFD01
:1072B000000000FB000000000000000000FE0000D5
:1072C0000000000000000400000000E8FDFEF4F2F1
:1072D0000000ED0000000000000E000000000000B3
:1072E00000000000FB00F7FDFD09FDFDF401FE01BB
:1072F000FEF8010601020102F9F4FD00F5FBF8F4C5
:10730000F500FBFAFDFCFEFEFDFE00FEFF0400049E
:10731000FE0009000000000000000000000000FE68
:10732000FDFD0000F800FF00FB0000000000000071
:1073300000000000EF00000000000000000000005E
:10734000FDFD00FC00000000FE0000FBFD0300FB53
:10735000FBFE00F8FEFAFEFD00FB0000000000004E
:107360000000000000ED00090000FB00000000FC30
:1073700000FD0000FF0000FE00F900000CFCF6F725
:10738000020303FFF802040209020AFEF80000F4F7
:107390000000F7F80000FA00FCFB00FC00FC00FE17
:1073A0000400FEF7FD0B0000FD00FA000004F900E8
:1073B00003FD020000F600FEFF00FD03FE000000DA
:1073C000F4FDFA00F70000F2000BFD00FB000200E4
:1073D000FD00FDF700FD0300000000FE000003FCBF
:1073E000010000FDFE00FD000000000000000000A4
:1073F0000000000000000000EE00060000FE00009B
:1074000000000100FDFD0000000600070000000074
:1074100000EEF0010C0905F4020C000B0006000060
:107420000000000000000000000F0000000000004D
:107430000000000000000000000000008C6805084B
:1074400050670508EE6705083D310000342A05083D
:10745000BC610508286705083C740508100002286F
:10746000FC050020897A0208157A0208150004003C
:1074700000FF01004C74050800000000000000003F
:107480006FC6FC5FB4FA4FA3F93F92F82F71D60094
:1074900001949FE4F9BE01F8BE01F8AD01F7AD001B
:1074A000F7AD00F757008300007F0004F2000000F2
:1074B000AC0007F0000000CA0009D0000DFFFFFF7C
:1074C000FFFFF80688FB888EC8840002F4000F7066
:1074D000000003F2000F50000005F1002F400000F3
:1074E00007F0004F20007FFFFFFFFFFFE0388DD83F
:1074F00088CF8870000D9000AC0000000F7000CAAB
:107500000000001F5000E80000000005F00000002F
:107510000005F00000000005F000000007CFFFC8E4
:107520001001DFFEFDFFD008FC15F006600CF3052E
:10753000F000000CF505F0000006FE76F0000000FB
:107540008FFFF9400000027CFFFE40000005F4AF11
:10755000F2000005F009F7010005F006F80C9205AD
:10756000F02DF40CFFEDFDFFA0004AEFFFC6000078
:107570000005F00000000005F000000000027000AF
:1075800000009EE9000000DA0000AD44DA00009E31
:1075900010001F4004F1004F400003F1001F301E97
:1075A0009000002F3003F10AD0000000CB11BB0582
:1075B000F300000001CFFC11E81AFE70000011007A
:1075C000AD0AD45F600000005F32F3007E0000006F
:1075D0001F704F0004F000000BC004F0003F0000DB
:1075E00006F2002F2006E00002F70000BB23E600B1
:1075F00000CC000001AFE80000019DFD700000001C
:107600000DF97BF70000004F9000DC0000005F7078
:1076100000EC0000001FE11BF400000005FDEF502E
:1076200000000004EFF3000000008FC7FD200830C9
:1076300007F9005FE21F800EE00005FEAF300FD0BB
:1076400000004FFC000DF700005EFF3004FFEBBEB2
:10765000FE6FF20029DFFC7003B0000000000000A4
:1076600000BEBEADADAD57000ED0007F6000EF0094
:1076700003FA0008F5000BF2000EF0000FE0000F17
:10768000D0001FC0000FD0000FE0000EF0000BF282
:107690000008F50003FA0000EE00007F60000ED045
:1076A0002FB000AF3003FA000EF0009F4006F70045
:1076B0003FA002FB001FC000FD001FC002FB003FF7
:1076C000A006F7009F400EF003FA00AF302FB00085
:1076D00000099000260990625FCBBCF502BFFB2039
:1076E00007EFFE706F6996F60109901000066000C2
:1076F00000000000000000FA00000000FA00000096
:1077000000FA00000000FA0000AFFFFFFFF46AAAD1
:10771000FDAAA20000FA00000000FA00000000FA32
:10772000000006A10FF80AF705F209C00D709BBB17
:10773000B5DFFFF807B20FF80AE4000000075000B9
:107740000004F7000000AF1000000FC0000004F6B6
:10775000000000AF1000000FC0000005F6000000A0
:10776000AF1000000FB0000005F6000000AF1000E1
:10777000000FB0000005F6000000BF1000001FB0B1
:10778000000006F5000000BF0000001FB00000066A
:10779000F500000000018DFEA3000002EFFDEFF6F2
:1077A0000000DFA1006FF2006FC000007FB00BF49B
:1077B000000000FF00EF1000000CF30FF0000000CD
:1077C000AF50FF0000000AF50EF1000000CF30BFFF
:1077D0004000000FF006FC000007FB000DFA100649
:1077E000FF20002EFFDFFF60000018DFEA3000DF1F
:1077F000FFF4ACCEF4000BF4000BF4000BF4000B20
:10780000F4000BF4000BF4000BF4000BF4000BF489
:10781000000BF4000BF4000BF4006CEFEA3002DF15
:10782000FEDFFF505F910009FE001000000EF20025
:10783000000000DF200000002FD00000001DF50038
:1078400000001CF80000001DF80000001DF80000FA
:10785000002EF70000002EF60000002EFFCCCCCC4E
:1078600094FFFFFFFFFC4FFFFFFFFF03CCCCCCEFEB
:10787000D00000002FE20000001DF40000000CF614
:1078800000000009FA00000000FFFE80000006680A
:10789000EFC000000000DF5000000008F801000009
:1078A00000AF77E610006FF27FFFEEFFF60028CF03
:1078B000FEA30000000007FB00000000003FD10015
:1078C00000000001EF30000000000CF60000000096
:1078D000008FA00000000004FD00010000002EF257
:1078E000006F700000CF50006F700009F900006F4A
:1078F00070003FFFFFFFFFFFF22CCCCCCCDFECC1D0
:10790000000000007F7000000000007F7000000099
:1079100000007F700000FFFFFFFF001FFCCCCCC009
:1079200002FB000000004F9000000006F70000007E
:10793000007FECCA720009FFFFFFF7000000028F12
:10794000F4000000008FA000000004FC0200000012
:107950006FA3F820005FF44FFFEDFFF90017CEFE94
:10796000B50000005BEFEB60000BFFECDFB000AF99
:10797000B200011004FC000000000AF40000000046
:107980000EF06CFFC6000FFAFDBCFFA00FFF6000F9
:107990002EF50FFA000005FA0CF7000003FC07FAB9
:1079A000000005FA01EF60002EF4004FFEBCFF80DE
:1079B00000019DFEB4006FFFFFFFFFF26FECCCCC27
:1079C000DFF16F8000006FA06F800000DF301420B7
:1079D0000004FC000000000CF5000000003FD00097
:1079E000000000AF6000000002FE0000000009F887
:1079F000000000001FF1000000007F900000000068
:107A0000EF2000000006FB0000000006CEFEB500DF
:107A100000CFFCACFFB006FC10002DF409F600000E
:107A200008F706FB00001DF400AFEA9AFF80005E35
:107A3000FFFFFE4006FE61027FF40EF3000005FC2E
:107A40001FE0000000FF0FF1000003FE0AFB100022
:107A50002DF801DFFCBCFFC00007CEFEB600003AE7
:107A6000EFEB400006FFDACFF8001FF40001CF5023
:107A70005F9000002FD06F9000003FF12FF40001C5
:107A8000CFF408FFDABFECF5004BEFD91AF4000091
:107A900000000DF3000000001FF000000000AF9098
:107AA0000040001AFE1006FEDDFFE30003ADFEC736
:107AB00010000AE40FF807B2000000000000000008
:107AC000000007B20FF80AE40AE40FF807B200005A
:107AD000000000000000000006A10FF80AF705F200
:107AE00009C00D7000000000630000029FF4000553
:107AF000CFFB4028EFE81000AFC40000008FFA4031
:107B00000000029EFD710000006CFFB20000003911
:107B1000F40000000001AFFFFFFFF46AAAAAAAA2C6
:107B2000000000000000000000000000000000AFA6
:107B3000FFFFFFF46AAAAAAAA26300000000AFD662
:107B400010000017DFF930000003AFFC60000001F7
:107B50006EF4000006CFF30039FFD6005DFFA300EE
:107B600000AD710000002000000000007CEFDA3062
:107B700002EFFCCEFF606F800008FE001000000FD7
:107B8000F100000001FE00000000BF60000001CF16
:107B900080000000CF800000004FC0000000037490
:107BA000000000000000000000029300000000AF91
:107BB000C000000006F8000000000049DFFEC930E8
:107BC000000000002DFD97679EFB10000005FD30B2
:107BD0000000004DE300003FA00058850394BE1054
:107BE00000EC002DFFFFD7F51DB006F301EF710487
:107BF000DFF505F20BD008F700001EF500E70E9048
:107C00000CF0000008F500CA0F700EE0000006F549
:107C100000AB0F700DF0000006F500BA0E900AF3ED
:107C200000000BF500D80BD003FD10007FF703F424
:107C300006F3007FFA9DF7FEAEC000EC0004CFFB18
:107C4000405EFA10003FA0000000000000000005A8
:107C5000FD3000000000000000003DFD9768AF709F
:107C600000000000005ADFFDB71000000000000E09
:107C7000F80000000000005FFE000000000000DFD0
:107C8000AF600000000004FA1FD0000000000BF3FA
:107C90000AF5000000002FC003FC00000000AF50F8
:107CA00000CF30000001FE00005FB0000008F700C8
:107CB000000EF200000EFFFFFFFFF900006FDAAACE
:107CC000AAAAFF1000DF300000009F8005FB000023
:107CD00000002FE00CF4000000000AF6EFFFFFFEAA
:107CE000B5000EFBAAABDFFA00EF1000004FF30E59
:107CF000F1000000AF60EF1000000CF40EF1000086
:107D000029FC00EFFFFFFFFD100EFBAAAACEFD101D
:107D1000EF10000008FB0EF10000000FF0EF100064
:107D20000000FF1EF10000008FE0EFBAAAABEFF4F5
:107D30000EFFFFFFFD9200000017CEFEB50000050C
:107D4000EFFFDEFFC1005FF920003BF502FF60009E
:107D500000003008F900000000000DF300000000F2
:107D6000000FF000000000000FF000000000000D08
:107D7000F3000000000008F9000000000002FF60AE
:107D800000000030005FFA30003BF50005EFFFDF38
:107D9000FFC1000017CEFEB500EFFFFFFDA40000FD
:107DA000EFDCCCDFFFB100EF1000005DFD00EF1055
:107DB000000000CFA0EF100000001FF1EF10000046
:107DC000000AF6EF1000000008F8EF1000000007AE
:107DD000F8EF100000000AF6EF100000001FF1EFAE
:107DE00010000000BFA0EF1000005DFD10EFCCCC34
:107DF000DFFFB100EFFFFFFDA40000EFFFFFFFFF7B
:107E00000EFDCCCCCCC0EF100000000EF100000045
:107E100000EF100000000EF100000000EFFFFFFF78
:107E2000F20EFCCCCCCC10EF100000000EF10000E4
:107E30000000EF100000000EF100000000EFCCCCBD
:107E4000CCCC3EFFFFFFFFF4EFFFFFFFFFEFDCCCEA
:107E5000CCCCEF10000000EF10000000EF1000008D
:107E600000EF10000000EFCCCCCCC1EFFFFFFFF221
:107E7000EF10000000EF10000000EF10000000EF16
:107E800010000000EF10000000EF100000000000E4
:107E900016CEFEB6000005EFFFDEFFD2005FF92030
:107EA0000029F702FF600000002008F90000000030
:107EB000000DF300000000000FF000000000110FA3
:107EC000F000000003FB0DF300000003FB08FA00C4
:107ED000000003FB01FF60000003FB005FFA3000BD
:107EE0002AFB0004EFFFDFFFE4000017CEFEB60020
:107EF000EF10000000DF2EF10000000DF2EF100087
:107F00000000DF2EF10000000DF2EF10000000DF96
:107F10002EF10000000DF2EFFFFFFFFFFF2EFDCC62
:107F2000CCCCCFF2EF10000000DF2EF10000000DEE
:107F3000F2EF10000000DF2EF10000000DF2EF1054
:107F4000000000DF2EF10000000DF2EF1EF1EF1E29
:107F5000F1EF1EF1EF1EF1EF1EF1EF1EF1EF1EF13A
:107F600000CFFFFFF4009CCCCFF40000000BF40026
:107F700000000BF40000000BF40000000BF4000004
:107F8000000BF40000000BF40000000BF4000000F4
:107F90000BF40100000DF20CC2006FE00AFFDEFFDF
:107FA00060006CFFC500EF1000000BF80EF1000040
:107FB0000BF800EF10000BF9000EF1000BFA0000B7
:107FC000EF100AFB00000EF10AFB000000EF19FFA2
:107FD0003000000EFAFEFE100000EFFD1AFC00005B
:107FE0000EFD100CFA0000EF20001EF7000EF1004D
:107FF000002FF400EF1000004FF20EF10000006FB0
:10800000D1EF10000000EF10000000EF10000000A2
:10801000EF10000000EF10000000EF10000000EF74
:1080200010000000EF10000000EF10000000EF1043
:10803000000000EF10000000EF10000000EFCCCCBB
:10804000CCC8EFFFFFFFFBEF10000000000EFEF9B1
:108050000000000008FFEFF300000002FFFEFFC079
:10806000000000BFFFEF9F6000004FAFFEF1EE1079
:10807000000DF1FFEF06F90007F70EFEF00CF3011B
:10808000FD00EFEF003FC0AF400EFEF0009F9FA04D
:1080900000EFEF0001EFF1000EFEF00006F7000028
:1080A000EFEF00000400000EFEF00000000000EF03
:1080B000EF20000000DF2EFD1000000DF2EFFB00AE
:1080C0000000DF2EFEF800000DF2EF4FF50000DF9C
:1080D0002EF15FF3000DF2EF108FE100DF2EF100C3
:1080E000BFC00DF2EF1001DF90DF2EF10002FF6D37
:1080F000F2EF100005FFFF2EF1000008FFF2EF1075
:1081000000000BFF2EF10000000DF2000016CEFE65
:10811000B500000004EFFEDFFFD300005FF9200090
:108120003BFF2001FF600000009FD008F900000025
:10813000000DF50DF30000000006FA0FF00000003E
:108140000003FC0FF00000000003FC0DF300000032
:108150000006FA08F9000000000DF501FF600000BC
:10816000009FD0005FFA20003BFF200004EFFFDFFC
:10817000FFD300000017CEFEB50000EFFFFFEC704C
:1081800000EFDCCDEFFD20EF100002BFC0EF1000CC
:10819000000EF3EF1000000AF5EF1000000BF5EFF2
:1081A0001000002FF2EF100015DFA0EFFFFFFFFB24
:1081B00000EFCCCCB94000EF1000000000EF100041
:1081C000000000EF1000000000EF100000000000B1
:1081D0000016CEFEB5000000004EFFFDFFFD300092
:1081E000005FFA20004BFF20001FF600000009FD91
:1081F0000008FA000000000DF500DF30000000006C
:108200006FA00FF00000000003FC00FF0000000062
:10821000003FC00DF20000000006FA009F90000031
:108220000000CF5002FF500000008FD00006FF92E8
:108230000003BFF3000006FFFECEFFE300000002D4
:108240008DFFFD600000000000009FE2001A10009A
:108250000000008FFBBFF300000000004BEFB300F5
:10826000EFFFFFEC7000EFDCCDEFFD20EF10000220
:10827000BFC0EF1000000EF3EF1000000AF5EF1082
:1082800000000BF5EF1000002FF2EF100015DFA03B
:10829000EFFFFFFFFA00EFCCCBDF9000EF10001EE6
:1082A000F200EF100004FD00EF1000009F90EF10AF
:1082B00000000DF40006CEFEC71000CFFDCDFFD0AC
:1082C00008FC200017600CF3000000000CF4000014
:1082D000000006FF71000000007FFFD94000000190
:1082E0006AEFFE4000000003AFF20000000008F754
:1082F0000100000007F80DB300003EF40AFFFCCEB9
:10830000FF900039DFFEA400EFFFFFFFFFFABCCCB7
:10831000DFFCCCC800002FD0000000002FD00000F0
:1083200000002FD0000000002FD0000000002FD050
:10833000000000002FD0000000002FD0000000003F
:108340002FD0000000002FD0000000002FD0000030
:1083500000002FD0000000002FD000000FF0000020
:10836000002FD0FF00000002FD0FF00000002FD012
:10837000FF00000002FD0FF00000002FD0FF000002
:108380000002FD0FF00000002FD0FF00000002FCF3
:108390000FF00000002FC0DF30000005FA09F900DF
:1083A0000000CF602FF80001AFE0005FFFDEFFE3C9
:1083B000000029DFFD81000CF5000000000EF10532
:1083C000FC000000006F9000EF30000000DF200094
:1083D0007FA0000004FB00001FF200000BF400006F
:1083E00009F800002FD0000002FF00009F6000008D
:1083F00000BF6001FE000000004FD007F800000041
:10840000000DF40EF10000000006FB5FA00000006C
:108410000000EFEF3000000000008FFC00000000C3
:1084200000001FF50000003FD0000000CF600000FA
:1084300002FB0DF3000001FFC0000008F508F80082
:108440000007FFF100000DF103FD00000CF8F7003C
:10845000003FB000DF30002FB2FC00008F50008FD3
:1084600080007F50CF1000DF00003FD000DF007F92
:108470007003FB00000DF302FA002FC008F50000A6
:1084800008F808F5000CF20EF0000003FD0DF000F6
:1084900007F73FB0000000DF6FA00001FC8F500025
:1084A00000008FFF400000CFEF000000003FFF0002
:1084B00000006FFB000000000DF90000001FF50038
:1084C000001FF3000000BF7005FE100006FB000057
:1084D0009FA0002FE100000DF600DF40000003FF29
:1084E00029F8000000007FEFC0000000000BFF2013
:1084F000000000001EFF7000000000BF9FF300009E
:108500000007FC05FD0000003FF200AFA00000DF07
:1085100050000DF5000AFA000003FF205FD00000B4
:10852000007FC00CF500000004FB002FE1000000FC
:10853000DF20008F9000007F700000EF30002FD010
:10854000000005FC000BF40000000BF605FA00002B
:1085500000002FE1EF10000000008FEF700000001E
:108560000000DFD0000000000008F700000000005D
:10857000008F70000000000008F7000000000000FD
:108580008F70000000000008F70000000FFFFFFFE1
:10859000FFFF40CCCCCCCCEFF2000000001DF60079
:1085A0000000000BF90000000008FC0000000005BE
:1085B000FE1000000003FF3000000001EF5000003B
:1085C0000000CF80000000009FB0000000006FD1CD
:1085D000000000004FF2000000001EFECCCCCCCC0E
:1085E00072FFFFFFFFFFF9EFFF4EFAA2EF000EF060
:1085F00000EF000EF000EF000EF000EF000EF000B4
:10860000EF000EF000EF000EF000EF000EF000EFB4
:10861000000EFAA2EFFF405700000006F500000030
:108620001FA0000000CF00000006F50000001FA002
:10863000000000BF00000006F50000001FB00000B1
:1086400000BF00000006F50000001FB0000000BFE2
:1086500010000005F60000000FB0000000AF100091
:108660000005F60000000FB0000000AF100000058C
:10867000F6AFFF96ACF9005F9005F9005F9005F941
:10868000005F9005F9005F9005F9005F9005F90023
:108690005F9005F9005F9005F9005F96ACF9AFFFB8
:1086A0009000007500000005FF1000000CBF700076
:1086B000003F49D000009D03F40001F700CB000704
:1086C000F1006F200DA0000F804F300009E0000086
:1086D000000000FFFFFFFFFF333333333327700009
:1086E00005FC10002DD105BEFEB4007FFDBDFF507E
:1086F0002A10007FE00000000DF20001111CF308B9
:10870000EFFFFFF39FC6444CF3FF00000BF3EF10A5
:10871000003FF38FD769FEF306CFFC59F33FB0005B
:108720000000003FB0000000003FB0000000003F2C
:10873000B0000000003FB19EFD92003FDEFDCEFE86
:10874000403FFE30008FE13FF300000AF73FD000CA
:108750000004FA3FB0000002FC3FD0000004FA3FE2
:10876000F300000AF73FFE30008FE13FCEFDCEFF61
:10877000403FA19EFE92000003AEFE910007FFDC89
:10878000EFE204FE40007F60CF400000100FE000E9
:10879000000002FC000000000FE000000000CF40DD
:1087A00000001004FE40007F6007FFDCEFE20003E2
:1087B000AEFE91000000000001FD0000000001FD80
:1087C0000000000001FD0000000001FD0004BEFCEF
:1087D00061FD008FFDCEFBFD05FE40007FFD0CF529
:1087E000000009FD0FE0000003FD2FC0000001FDA7
:1087F0000FE0000003FD0CF4000008FD05FE200062
:108800005FFD008FFBADFBFD0004BEFD70FD0004AD
:10881000BEFC6000008FFCBEFC0005FD2000AF80A8
:108820000CF300000DF00FE1111119F42FFFFFFF01
:10883000FFF60FE4444444410CF30000000004FE42
:1088400040002B20007FFECDFF600003AEFEA300A2
:108850000006DFD6006FEAC600CF200000EF000060
:10886000BFFFFFF17AFFAAA000EF000000EF0000B9
:1088700000EF000000EF000000EF000000EF00003C
:1088800000EF000000EF000000EF00000004BEFD5C
:1088900070DF008FFDCEFCEF05FE40005FFF0CF4A3
:1088A000000006FF0FE0000000FF2FC0000000FFE7
:1088B0000FE0000001FF0CF5000007FF05FE40007F
:1088C0005FFF008FFDBEFCFF0004BEFD71FE0000D7
:1088D000000003FB01A400002DF504FFFCBDFFA078
:1088E0000028CEFEB5003FB000000003FB000000F2
:1088F000003FB000000003FB000000003FB19EFEFF
:108900009103FDEFDDFFD03FFD2002DF73FF20006C
:1089100004FC3FD000001FD3FB000000FE3FB0006E
:10892000000FE3FB000000FE3FB000000FE3FB0080
:108930000000FE3FB000000FE03EB07FF0084000B6
:10894000003FB03FB03FB03FB03FB03FB03FB03F5F
:10895000B03FB03FB03FB00002EC00005FF100005C
:1089600075000000000001FD00001FD00001FD00A7
:10897000001FD00001FD00001FD00001FD00001FFE
:10898000D00001FD00001FD00001FD00001FD0003D
:1089900005FA07DBFF407EFD50003FB000000000FD
:1089A0003FB0000000003FB0000000003FB00000FA
:1089B00000003FB00002DF503FB0002EF6003FB095
:1089C00003EF60003FB03FF600003FB4FF900000AF
:1089D0003FEFFFF200003FFF59FD00003FF400CFE2
:1089E00090003FB0001EF6003FB00004FF203FB0F3
:1089F00000007FD03FB3FB3FB3FB3FB3FB3FB3FB74
:108A00003FB3FB3FB3FB3FB3FB3FB03FA3AEFD70B3
:108A100005CFFC5003FDFEBCFFAAFEBCFF703FFB70
:108A20001003FFF90004FF13FF100009FE00000B04
:108A3000F43FD000006FB000008F63FB000005F929
:108A4000000008F63FB000005F9000008F63FB005D
:108A50000005F9000008F63FB000005F9000008FAD
:108A600063FB000005F9000008F63FB000005F90CE
:108A700000008F603FA2AEFE9103FDFFCBEFD03F21
:108A8000FC1001CF73FF200004FC3FD000001FD377
:108A9000FB000000FE3FB000000FE3FB000000FE03
:108AA0003FB000000FE3FB000000FE3FB000000FEE
:108AB000E00003AEFD9100007FFDCEFE3005FE40DC
:108AC000007FE10CF4000009F70FE0000003FB2F2A
:108AD000C0000001FD0FE0000003FB0CF4000009E2
:108AE000F704FE40007FE1007FFDCEFE300003AEC4
:108AF000FD91003FA29EFD92003FCEFBADFE403FA8
:108B0000FD20006FE13FF3000009F73FD0000004B3
:108B1000FA3FB0000002FC3FD0000004FA3FF3002F
:108B2000000AF73FFE30008FE13FDEFDCEFF403F01
:108B3000B19EFE92003FB0000000003FB000000078
:108B4000003FB0000000003FB0000000000004BE85
:108B5000FC60FD008FFDCEFAFD05FE40007FFD0CA0
:108B6000F4000009FD0FE0000003FD2FC00000012C
:108B7000FD0FE0000003FD0CF4000009FD05FE40C0
:108B8000007FFD008FFDCEFBFD0004BEFC61FD00FB
:108B900000000001FD0000000001FD0000000001D8
:108BA000FD0000000001FD3FA19E83FCEFF73FFEAA
:108BB0004003FF40003FE00003FC00003FB0000323
:108BC000FB00003FB00003FB00003FB00000005C72
:108BD000EFEA5009FFCBDFD01FE10002302FD000B9
:108BE00000000DFC63000002CFFFFB30000147BF17
:108BF000F200000009F60930000BF55FFEBBEFC084
:108C000005AEFEC7000078000000EF000000EF0096
:108C100000BFFFFFF17AFFAAA000EF000000EF0005
:108C20000000EF000000EF000000EF000000EF0088
:108C30000000CF4000006FFBD70007DFD54FA0003A
:108C4000003FB4FA000003FB4FA000003FB4FA005D
:108C50000003FB4FA000003FB4FA000003FB4FB03D
:108C600000005FB2FD000009FB0DF70005FFB04FEB
:108C7000FDADFCFB003BEFD72FB00DF2000000EF85
:108C8000006F9000005F9000FF00000BF20009F6FB
:108C90000002FB00002FC0009F400000BF300FD03B
:108CA000000004FA06F70000000DF1DF10000000DC
:108CB0007FBF9000000001FFF30000000009FC00EE
:108CC0000000BF100000EF000001FA5F700005FF18
:108CD000600006F50FD0000BFFB0000CE00AF200B8
:108CE0001FABF1001F9004F8006F55F7007F3000B4
:108CF000ED00CE00EC00DE00008F32F9009F23F87B
:108D000000003F98F3003F88F200000DEED0000D08
:108D1000DEC0000007FF700007FF70000001FF10B9
:108D20000002FF10002FE10000DF306FB000AF60E5
:108D300000AF706FA00000DF5FD1000003FFF30001
:108D400000000BFB00000006FFF6000002FE2EF202
:108D50000000DF403FD0009F80008FA05FC0000078
:108D6000CF600DF2000000EF006F9000005F800008
:108D7000EF00000BF20008F70002FB00001FD0001C
:108D80009F400000AF400FD0000003FB06F600003C
:108D9000000DF2DF000000006FCF8000000000EF48
:108DA000F20000000008FB0000000000AF400000DF
:108DB00003003FC0000002FDBFF300000008EFC445
:108DC000000000001FFFFFFFF80AAAAAAFF500008D
:108DD000009F90000006FC0000003FE1000001DF62
:108DE0004000000BF70000007FB0000004FD100001
:108DF000001EFCAAAAA63FFFFFFFFB003CFA00EF03
:108E0000C603FC0004FA0004FA0004FA0004FA00A5
:108E100005FA008EF600DFE20007F90004FA00040C
:108E2000FA0004FA0004FA0004FA0002FD0000EF60
:108E3000C6003CFAEEEEEEEEEEEEEEEEEEEEEEEE0E
:108E4000EEEEEEEEEEEEEEAFC3006CFE0000CF30C5
:108E500000AF4000AF4000AF4000AF40009F500067
:108E60005FE8002EFD009F70009F4000AF4000AF04
:108E70004000AF4000AF4000CF306CFE00AFC300F9
:108E800009EE6000D67FABFB26F3B9005EFF9031A0
:108E900000003200006DEA1007E53BC00E4000E420
:108EA0001F0000B70F3000D508C208E0009FFC206B
:108EB0000000100009A28FFC9FFD2DE500000000BE
:108EC0000000000000310000000000000015AEFDB1
:108ED0000000000000027CFFFFFF0000000049EFDF
:108EE000FFFFFFFF000004BFFFFFFFFFFFFF0000C9
:108EF0000FFFFFFFFFFFFFFF00000FFFFFFFFFFB64
:108F000069FF00000FFFFFFE950008FF00000FFF44
:108F1000C730000008FF00000FF80000000008FF45
:108F200000000FF80000000008FF00000FF800002C
:108F3000000008FF00000FF80000000008FF00001C
:108F40000FF80000017BBDFF00000FF800001EFFBE
:108F5000FFFF00133FF800007FFFFFFF2BFFFFF82C
:108F600000004FFFFFFCDFFFFFF8000006EFFFA14E
:108F7000FFFFFFF70000000220007FFFFFD100008D
:108F800000000000028AA600000000000000C403E8
:108F9000FFFFFFFFFFFF404CFDCDFFEEEEEEEEFFCB
:108FA000DCDFFA8AFA00000000AFB8AFF403FA0081
:108FB0000000009F404FF404FA000000009F504F53
:108FC000FFFFFA000000009FFFFFF747FD7777776C
:108FD00077DF847FF403FFFFFFFFFFFF404FF7477A
:108FE000FD77777777DF847FFFFFFA000000009F2F
:108FF000FFFFF404FA000000009F504FF403FA0052
:109000000000009F404FFA8AFA00000000AFB8AF9E
:10901000FDCDFFEEEEEEEEFFDCDFC403FFFFFFFF52
:10902000FFFF404C00000000000000000000DFFFD8
:10903000FA0CFFFFFFFFFFFDFFFFFD0EFFFFFFFF2D
:10904000FFFFFFFFFD0EFFFFFFFFFFFFFFFFFD0E16
:10905000FFFFFFFFFFFFCFFFF90AFFFFFFFFFFFC4E
:1090600000000000000000000000CFFFF90BFFFF30
:10907000FFFFFFFCFFFFFD0EFFFFFFFFFFFFFFFFF6
:10908000FD0EFFFFFFFFFFFFFFFFFD0EFFFFFFFFD6
:10909000FFFFCFFFFA0BFFFFFFFFFFFC0000000008
:1090A000000000000000CFFFF90AFFFFFFFFFFFBF9
:1090B000FFFFFD0EFFFFFFFFFFFFFFFFFD0EFFFFA6
:1090C000FFFFFFFFFFFFFD0EFFFFFFFFFFFFDFFFC3
:1090D000FA0CFFFFFFFFFFFD000000000000000092
:1090E000000000000000000000004E6000000000D2
:1090F00000000004FFF7000000000000004FFFFF29
:1091000000000000000004FFFFF600000000000067
:109110004FFFFF6006E400000004FFFFF6007FFF42
:109120004000004FFFFF6000FFFFF40004FFFFF668
:1091300000006FFFFF404FFFFF60000006FFFFF8D9
:10914000FFFFF5000000006FFFFFFFFF5000000071
:109150000005FFFFFFF50000000000005FFFFF506B
:1091600000000000000005FFF50000000000000006
:10917000005E500000000000067000000018408FE4
:10918000FB000001DFF4FFFFB0001DFFFB7FFFFBD2
:1091900001DFFFF408FFFFBDFFFF40008FFFFFFF6F
:1091A000F4000008FFFFFF40000001EFFFFC00009B
:1091B000001DFFFFFFB00001DFFFFFFFFB001DFFF1
:1091C000FF48FFFFB0CFFFF4008FFFF9DFFF400043
:1091D00008FFF92EF40000008FC00010000000010D
:1091E000000000000026500000000000000000DF2A
:1091F000F30000000000006400DFF40072000000D3
:109200000BFE10DFF409FE300000AFFF50DFF40E5C
:10921000FFE10005FFFB00DFF405FFFB000DFFB0E1
:1092200000DFF4005FFF404FFF2000DFF4000BFF82
:10923000A08FFB0000DFF40004FFF0BFF70000DFA9
:10924000F40001FFF1BFF60000DFF40000FFF2BF01
:10925000F700008DC10000FFF18FFA000000000050
:1092600004FFF04FFF10000000000AFFB00EFFB037
:10927000000000004FFF5006FFF900000004FFFC53
:109280000000AFFFD510039FFFF200000BFFFFFFB0
:10929000FFFFFF400000008FFFFFFFFFD200000034
:1092A00000029EFFFFB60000000000000012100048
:1092B000000000000000000220000000000000008C
:1092C00006FFFF6000000000000008FFFF800000B4
:1092D000000001002BFFFFB2001000008F87FFFF8E
:1092E000FFFF79F80004FFFFFFFFFFFFFFFF400CC7
:1092F000FFFFFFFFFFFFFFFFC02FFFFFFFC77CFF48
:10930000FFFFF207FFFFFA0000AFFFFF70006FFFE3
:10931000F100001FFFF600007FFFE000000EFFF7E6
:1093200000006FFFF100001FFFF60007FFFFFA00CB
:1093300000AFFFFF702FFFFFFFC77CFFFFFFF20CA6
:10934000FFFFFFFFFFFFFFFFC004FFFFFFFFFFFF67
:10935000FFFF40008F97FFFFFFFF78F8000001003C
:109360001BFFFFB100100000000008FFFF8000009D
:109370000000000006FFFF60000000000000000287
:1093800020000000000000000000461000676000A0
:1093900000000000009FFE200FFF00000000000101
:1093A000BFFFFF51FFF10000000002DFFC8FFF8FC5
:1093B000FF1000000004FFFA004EFFFFF100000064
:1093C00007FFF708D32DFFFF1000000AFFF51BFF72
:1093D000F50BFFF400001CFFE22DFFFFF708FFF67E
:1093E000003EFFC14EFFFFFFFA05FFF90EFF906F31
:1093F000FFFFFFFFFC13EFF64F709FFFFFFFFFFF24
:10940000FE31CC00003FFFFFFFFFFFFFFB0000002D
:1094100004FFFFFFFFFFFFFFC00000004FFFFF80C2
:1094200001EFFFFC00000004FFFFF6000EFFFFC08D
:109430000000004FFFFF6000EFFFFC00000004FF92
:10944000FFF6000EFFFFC00000002FFFFF4000CF1F
:10945000FFFA000000000000000000000000000013
:109460000000000056650000000000000007FFFF3C
:109470007000000000000008FFFF800000000000F6
:109480000008FFFF8000000000000008FFFF8000D0
:10949000000000000008FFFF80000000000000083E
:1094A000FFFF8000000000000008FFFF80000000B8
:1094B0000007EEEFFFFFFEEE70000005FFFFFFFF6D
:1094C000FFFF500000006FFFFFFFFFF500000000EE
:1094D00005FFFFFFFF5000000000005FFFFFF500E9
:1094E000000000000005FFFF500000007AAAAA91CA
:1094F0004FF419AAAAA7FFFFFFFD2332DFFFFFFFEA
:10950000FFFFFFFFF99FFFFFFFFFFFFFFFFFFFFFD1
:10951000FFFFFFFFFFFFFFFFFFFFFB0F48FFFFFF06
:10952000FFFFFFFFFFEFEFFF144444444444444473
:10953000444100003DFFFFFFFFFFF9000000001E57
:10954000FFFFFFFFFFFFF80000000AFF98888888F0
:1095500088DFF3000005FFA00000000002FFD0003C
:1095600001EFE1000000000007FF8000AFF5000000
:10957000000000000DFF205FFA0000000000000066
:109580003FFC0DFF9888700000038888DFF5FFFF1F
:10959000FFFF500000CFFFFFFF7FFFFFFFFC000039
:1095A0005FFFFFFFF8FFFFFFFFFFFFFFFFFFFFFF72
:1095B0008FFFFFFFFFFFFFFFFFFFFFF8FFFFFFFF32
:1095C000FFFFFFFFFFFFFF8EFFFFFFFFFFFFFFFF1C
:1095D000FFFFF65EFFFFFFFFFFFFFFFFFFFB000047
:1095E0000000000110000007BA0000017CFFFFB579
:1095F000000BFF00007FFFFFFFFFE50BFF000AFFEE
:10960000FFDBBEFFFF9AFF00AFFFA200003BFFFFA2
:10961000FF05FFF6000000005FFFFF0DFF60000088
:1096200007BA9CFFFF3FFC0000000CFFFFFFFF7F1D
:10963000F60000000BFFFFFFFF000000000000002D
:10964000000000000000000000000000000000001A
:1096500000000000000000FFFFFFFFB00000006FEF
:10966000F6FFFFFFFFC0000000CFF3FFFFC9AA70A5
:10967000000007FFD0FFFFF5000000006FFF50FF64
:10968000FFFFB300003BFFF900FFA9FFFFEBBDFFA9
:10969000FFA000FFB05DFFFFFFFFF70000FFB0007D
:1096A0005BFFFFC8100000AB70000001100000005D
:1096B00000000000000100000002EE0000002EFF8C
:1096C000000002EFFF47777EFFFFFFFFFFFFFFFF76
:1096D000FFFFFFFFFFFFFFFFFFFFFFFFFFFFFFFF9A
:1096E000FFFFFFFFFFFFFFFFDFFFFFFFFF0000099E
:1096F000FFFF0000009FFF00000009FF00000000C6
:109700008900000000890000000000009FF00000B8
:109710000000009FFF00000000009FFFF00000DF3E
:10972000FFFFFFFF00730FFFFFFFFFF01FF4FFFFBE
:10973000FFFFFF005FCFFFFFFFFFF000FFFFFFFF16
:10974000FFFF004FDFFFFFFFFFF01FF5FFFFFFFFF1
:10975000FF0085047777EFFFF00000000002EFFFC5
:10976000000000000002EFF0000000000002EE0028
:1097700000000000000110000000000000000000D8
:10978000007B2000000000000010000009FE3000F7
:1097900000000002EE00000009FF2000000002EFC0
:1097A000F000087008FD00000002EFFF0000EFB0BD
:1097B0000CF6047777EFFFF00002DF803FD0FFFF69
:1097C000FFFFFF007401FF10CF3FFFFFFFFFF01FFF
:1097D000F408F707F6FFFFFFFFFF005FC03FA04F51
:1097E0009FFFFFFFFFF000FF02FB04F9FFFFFFFFF9
:1097F000FF005FC03FA05F9FFFFFFFFFF01FF40867
:10980000F707F6DFFFFFFFFF007402FF10CF300005
:10981000009FFFF00002EF803FD00000009FFF009C
:1098200000EFB00CF6000000009FF000087008FD8B
:1098300000000000008900000008FF200000000078
:109840000000000009FF30000000000000000000E0
:109850007B2000005EFFFFFFFFFFFFFFFFE5EFFF44
:10986000FFFFFFFFFFFFFFFEFFF638FFFFFFFFFFD9
:10987000FFFFFF6000AFFFFFFFFFFFFFFF30007F34
:10988000FFFFFBEFFFFFFF8000CFFFFF903EFFFFDA
:10989000FFFA7CFFFFF90003EFFFFFFFFCFFFF90E3
:1098A00000003EFFFFFF906FF900000008FFFFF986
:1098B00000069000000008FFFFB00000000000005C
:1098C00008FFFF8000000000000008FFFFC8888834
:1098D000888888888CFFEFFFFFFFFFFFFFFFFFFEF8
:1098E0005EFFFFFFFFFFFFFFFFE5000000420000FB
:1098F00000000003FF10000000000AFF60000000ED
:10990000001FFFC0000000008FFFF400000001FFF7
:10991000FFFC0000000AFFFFFF6000004FFFFFFF99
:10992000F20001EFFFFFFFFC000BFFFFFFFFFF70E6
:109930003FFFFFFFFFFFF1AFFFFFFFFFFFF6EFFF6E
:10994000FFFFFFFFFAFFA6FFFFFFFFFBEF91FFFF07
:10995000FFFFFABFE09FFFFFFFF75FF907CFFFFFB1
:10996000F20CFFB309FFFF8001DFFFFFFFFA0000E9
:1099700009FFFFFF700000001577400000476000FE
:109980000000161BFF1000002DFBBFF100002EFF92
:10999000CBFF10003EFFFCBFF1004FFFFFCBFF10DD
:1099A0005FFFFFFCBFF16FFFFFFFCBFF9FFFFFFFDC
:1099B000FCBFFFFFFFFFFFCBFFFFFFFFFFFCBFFF71
:1099C000FFFFFFFFCBFF4EFFFFFFFCBFF12DFFFFAF
:1099D000FFCBFF101CFFFFFCBFF1000CFFFFCBFF14
:1099E00010000BFFFCBFF100000AFFCAFF100000CF
:1099F00008F7000000000000000650000000000012
:109A00000000BFFD30000000000000FFFFFA100062
:109A100000000000FFFFFFF70000000000FFFFFF55
:109A2000FFD400000000FFFFFFFFFFB2000000FFB7
:109A3000FFFFFFFFFF800000FFFFFFFFFFFFFE5063
:109A400000FFFFFFFFFFFFFFFB20FFFFFFFFFFFF08
:109A5000FFFFF2FFFFFFFFFFFFFFFFF6FFFFFFFF2C
:109A6000FFFFFFFFF2FFFFFFFFFFFFFFFB20FFFFF6
:109A7000FFFFFFFFFD5000FFFFFFFFFFFF80000023
:109A8000FFFFFFFFFFA2000000FFFFFFFFD4000069
:109A90000000FFFFFFF70000000000FFFFFA1000CA
:109AA00000000000BFFD3000000000000006500074
:109AB000000000000000067777300006777730BF9F
:109AC000FFFFF300BFFFFFF3FFFFFFF700FFFFFF04
:109AD000F7FFFFFFF800FFFFFFF8FFFFFFF800FFB1
:109AE000FFFFF8FFFFFFF800FFFFFFF8FFFFFFF8A1
:109AF00000FFFFFFF8FFFFFFF800FFFFFFF8FFFF89
:109B0000FFF800FFFFFFF8FFFFFFF800FFFFFFF87F
:109B1000FFFFFFF800FFFFFFF8FFFFFFF800FFFF68
:109B2000FFF8FFFFFFF800FFFFFFF8FFFFFFF8005F
:109B3000FFFFFFF8FFFFFFF800FFFFFFF8FFFFFF49
:109B4000F800FFFFFFF8EFFFFFF600EFFFFFF66FF3
:109B5000FFFFC1006FFFFFC1000000000000000018
:109B600000057777777777777730BFFFFFFFFFFFC5
:109B7000FFFFF3FFFFFFFFFFFFFFFFF7FFFFFFFF09
:109B8000FFFFFFFFF8FFFFFFFFFFFFFFFFF8FFFFF3
:109B9000FFFFFFFFFFFFF8FFFFFFFFFFFFFFFFF8E3
:109BA000FFFFFFFFFFFFFFFFF8FFFFFFFFFFFFFFCC
:109BB000FFF8FFFFFFFFFFFFFFFFF8FFFFFFFFFFC3
:109BC000FFFFFFF8FFFFFFFFFFFFFFFFF8FFFFFFB3
:109BD000FFFFFFFFFFF8FFFFFFFFFFFFFFFFF8FFA3
:109BE000FFFFFFFFFFFFFFF8FFFFFFFFFFFFFFFF8C
:109BF000F8EFFFFFFFFFFFFFFFF66FFFFFFFFFFF25
:109C0000FFFFC10000000000000000000520000070
:109C1000005766FF4000000CFF8FFF600000DFF878
:109C2000FFFF70000DFF8FFFFF8000DFF8FFFFFFD9
:109C3000900DFF8FFFFFFFB0DFF8FFFFFFFFCDFFAD
:109C40008FFFFFFFFFFFF8FFFFFFFFFFFF8FFFFF0B
:109C5000FFFFFFF8FFFFFFFF5DFF8FFFFFFF40DF0C
:109C6000F8FFFFFE300DFF8FFFFE2000DFF8FFFD45
:109C700020000DFF7FFD100000DFF3FB1000000C43
:109C8000FF000000000000000000000002100000C3
:109C900000000000000AFF400000000000000AFF72
:109CA000FF30000000000008FFFFFE200000000061
:109CB00007FFFFFFFE1000000006FFFFFFFFFD1083
:109CC000000005FFFFFFFFFFFC000004FFFFFFFF98
:109CD000FFFFFB0003FFFFFFFFFFFFFFFA00DFFFB7
:109CE000FFFFFFFFFFFFF50EFFFFFFFFFFFFFFFF7F
:109CF000605FFFFFFFFFFFFFFFC0000000000000EC
:109D0000000000009FFFFFFFFFFFFFFFE20FFFFFCC
:109D1000FFFFFFFFFFFF70FFFFFFFFFFFFFFFFF8E9
:109D20000FFFFFFFFFFFFFFFFF70BFFFFFFFFFFF02
:109D3000FFFFF30000000000000000000000000032
:109D40000000000000005F800000005FFF40000096
:109D50005FFFE200005FFFE200005FFFE300005FE3
:109D6000FFE300005FFFE300005FFFE300000DFF83
:109D7000F50000004FFFE30000004FFFE30000008C
:109D80004FFFE30000005FFFE30000005FFFE30020
:109D900000005FFFE20000005FFF400000005F8006
:109DA000000000000000000000000002DB000000D6
:109DB00000CFFC00000009FFFC00000009FFFC00D0
:109DC000000009FFFC00000009FFFC00000009FF83
:109DD000FC00000009FFFC0000000DFFF600000978
:109DE000FFFC000009FFFC000009FFFC000009FF68
:109DF000FC000009FFFC000009FFFC000000CFFC94
:109E000000000002DB000000000000000000000075
:109E100000000255000000000000000FFF8000005D
:109E2000000000002FFFA00000000000002FFFA096
:109E30000000000000002FFFA00000000000002F25
:109E4000FFA00000000000002FFFA00000003777F7
:109E5000778FFFC7777760EFFFFFFFFFFFFFFFF60A
:109E6000FFFFFFFFFFFFFFFFF8DFFFFFFFFFFFFF29
:109E7000FFF51444445FFFB44444300000002FFF5A
:109E8000A00000000000002FFFA000000000000064
:109E90002FFFA00000000000002FFFA00000000026
:109EA00000001FFF900000000000000DFF60000098
:109EB000000000000021000000004999999999993B
:109EC000999980FFFFFFFFFFFFFFFFF7FFFFFFFFF5
:109ED000FFFFFFFFF7CFFFFFFFFFFFFFFFF40222AF
:109EE0002222222222221000000006ADFFEC830075
:109EF00000000000008FFFFFEFFFFC4000000003A8
:109F0000EFFF920005DFFF90000004FFFF500252B8
:109F100001CFFFB00004FFFF80007FF901EFFFB029
:109F200001EFFFF00008FFF708FFFF80AFFFFB0223
:109F300025FFFFE03FFFFF2FFFFFA07FFFFFFF0296
:109F4000FFFFF79FFFFB05FFFFFFC03FFFFF21EF74
:109F5000FFF00CFFFFF507FFFF8003FFFF801AFFF4
:109F6000E501EFFFB00004FFFF50001001CFFFB08C
:109F7000000003DFFF920005DFFF90000000007F7C
:109F8000FFFFEFFFFC40000000000005ADEFEC8399
:109F90000000000000600000000000000000000061
:109FA000000BFC10000000000000000000000CFF8F
:109FB000E400000000000000000000009FFF7004AB
:109FC0008CEFED94000000000005FFFBEFFFFEFFAB
:109FD000FFE600000000002DFFFFC40004CFFFB12A
:109FE0000000000000BFFF60031009FFFE2000001A
:109FF000000007FFF94FFA00CFFFE100000BB000AF
:10A000004EFFEFFFA04FFFFB00006FFD3001CFFFC1
:10A01000FFF10FFFFF5000BFFFF60008FFFFF30E38
:10A02000FFFFA0006FFFFF00005FFFF20FFFFF5078
:10A03000000CFFFF400002DFFE8FFFFA000001EF7F
:10A04000FFC000000AFFFFFFD10000002EFFF90053
:10A0500000006FFFFD1000000001CFFFC4000003EF
:10A06000EFFD200000000006EFFFFEE3001BFFF500
:10A070000000000000059DEFEC20008FFF90000025
:10A08000000000000000000004EFFB0000000000E2
:10A090000000000000002CFA00000000000000009A
:10A0A0000000000060000000000007A300000000A6
:10A0B0000000000000008FFE100000000000000003
:10A0C0000002FFFF9000000000000000000AFFFFF8
:10A0D000F300000000000000004FFFFFFB00000045
:10A0E0000000000000DFFFFFFF5000000000000044
:10A0F00006FFFFFFFFD00000000000000EFFA224BB
:10A10000FFF70000000000008FFF9001FFFF10002C
:10A1100000000002FFFFA002FFFF90000000000A05
:10A12000FFFFB003FFFFF2000000003FFFFFC0048D
:10A13000FFFFFB00000000CFFFFFD005FFFFFF4047
:10A14000000006FFFFFFF99CFFFFFFD000000EFF9D
:10A15000FFFFF52BFFFFFFF700008FFFFFFF9001D0
:10A16000FFFFFFFE1001FFFFFFFF8000FFFFFFFF6B
:10A17000900AFFFFFFFFF41AFFFFFFFFF20FFFFF40
:10A18000FFFFFFFFFFFFFFFFF70BFFFFFFFFFFFFDB
:10A19000FFFFFFFFF401688888888888888888889E
:10A1A000400000000000000004300000000000003B
:10A1B00000000FF500000000000000000FFF50EF4E
:10A1C000FFF6000001CFFFFFF5FFFFFF50000CFF7F
:10A1D000FFFFFFFFFFFFF500BFFFFFFFF72223DFB9
:10A1E000F809FFF72FFF8000002EB07FFF900FF8D7
:10A1F0000000000306FFFA000760000000004FFFA8
:10A20000B000000000000003FFFD03000760000035
:10A21000002EFFE13F900FF8002223DFFE22EFF730
:10A220002FFF80FFFFFFF300CFFFFFFFF8FFFFFFCF
:10A2300050000CFFFFFFFEEFFFF6000001CFFFFF15
:10A24000F4000000000000000FFF400000000000CC
:10A2500000000FF5000000000000000004300000C6
:10A2600000000094000000000000000CFF500000FF
:10A2700000000000CFFFF500000000000CFFFFFF12
:10A280005000000000CFFFAEFFF50000000CFFF90A
:10A2900002EFFF500000CFFF90002EFFF5000CFFF3
:10A2A000F9000002EFFF50AFFF900000002EFFF218
:10A2B0007FF90000000002EFE106700000000000DE
:10A2C00029200670000000000029207FF90000000E
:10A2D0000003EFE19FFF900000003EFFF20BFFF94B
:10A2E000000003EFFF5000BFFF90003EFFF50000AD
:10A2F0000BFFF903EFFF50000000BFFFAEFFF500BA
:10A300000000000BFFFFFF500000000000BFFFF542
:10A310000000000000000BFF5000000000000000E3
:10A32000940000000000009C1000000000000000ED
:10A330000000000AFFD1005888888888810000004A
:10A34000AFFFFD20EFFFFFFFFFF600000AFFFFFF5A
:10A35000E24EFFFFFFFFF600008FFCFFCFFD000085
:10A3600000001FF600007FC2FF67FC000000001F16
:10A37000F600000301FF6030000000001FF600003F
:10A380000001FF6000000000001FF600000001FF58
:10A390006000000000001FF600000001FF600000E8
:10A3A0000003D71FF63D700001FF600000000AFFA8
:10A3B0007FF9EFF00001FFB888888832EFFFFFFFD8
:10A3C000600001FFFFFFFFFFF22EFFFFF60000001D
:10A3D000DFFFFFFFFFE202EFFF6000000000000070
:10A3E000000000002EF60000000000000000000049
:10A3F00000013000005EFFFFFF900000000000EF52
:10A40000FFFFFFF90000000000FFFFFFFFFFB8881B
:10A41000888860FFFFFFFFFFFFFFFFFFFBFFFFFFDD
:10A42000FFFFFFFFFFFFFFFFFFFFFFFFFFFFFFFF3C
:10A43000FFFFFFFFFFFFFFFFFFFFFFFFFFFFFFFF2C
:10A44000FFFFFFFFFFFFFFFFFFFFFFFFFFFFFFFF1C
:10A45000FFFFFFFFFFFFFFFFFFFFFFFFFFFFFFFF0C
:10A46000FFFFFFFFFFFFFFFFFFFFFFFFFFFFFFFFFC
:10A47000FFFFFFFFFFFFFFEFFFFFFFFFFFFFFFFFFC
:10A48000FE5EFFFFFFFFFFFFFFFFE5000000000390
:10A490001000000000000000006FD100000000006C
:10A4A000000006FFFD100000000000006FFFFFD15C
:10A4B000000000000006FFFFFFFD10000000006F1D
:10A4C000FFFFFFFFD100000006FFFFFFFFFFFD10B1
:10A4D00000000DFFFFFFFFFFFF60000000111BFFEA
:10A4E000FF511100000000000BFFFF4000000000C2
:10A4F00000000BFFFF400000000000000BFFFF40CA
:10A500000000000000000BFFFF4000000000000002
:10A510000BFFFF400000007AAAAA2BFFFF42AAAA65
:10A52000A7FFFFFF82677608FFFFFFFFFFFFFB77B4
:10A5300077BFFFFFFFFFFFFFFFFFFFFFFFFFFFFFF3
:10A54000FFFFFFFFFFFB0F48FFFFFFFFFFFFFFFFC6
:10A55000EFEFFF14444444444444444441000000A9
:10A56000000000000462000000000000000001FF85
:10A57000FEB5000000000000007FFFFFF0000000BB
:10A580000000000EFFFFFF00000000000005FFFFBD
:10A59000FFD0000000000000BFFFFFFB0000000034
:10A5A000000006FFFFFF8000000000000005FFFF25
:10A5B000F40000000000000005FFFE0000000000A5
:10A5C000000000BFFF90000000000000004FFFF2FD
:10A5D000000000000000002EFFF800000001300025
:10A5E000001DFFFD00000029FF70003EFFFF30004E
:10A5F00004BFFFFF407FFFFF500000EFFFFFFEEFB3
:10A60000FFFF5000000CFFFFFFFFFFFE40000000B7
:10A610008FFFFFFFFFFB1000000004FFFFFFFFD5CF
:10A6200000000000001FFFFFEA40000000000000E3
:10A6300057642000000000000000002540000000DA
:10A6400000000009FFFE30000004AA507FFFFFE079
:10A6500000008FFFF5EFD37FF60008FFFFB0FF800B
:10A660000FF7008FFFFB00DFE7AFF508FFFFB0003B
:10A670005FFFFFFD9FFFFB000005EFFFFFFFFFB047
:10A68000000000015FFFFFFB00000000000BFFFF68
:10A69000F200000000259FFFFFFD10000009FFFFF2
:10A6A000FFFFFFD100007FFFFFFB6FFFFD1000EFFA
:10A6B000D37FF505FFFFD100FF800FF7005FFFFD9F
:10A6C00010DFE7AFF50005FFFFD15FFFFFC000001F
:10A6D0004FFFF405EFFB10000001662000010000B1
:10A6E0000000000000000008BBBBBB509000000051
:10A6F0000FFFFFFF81FB0000000FFFFFFF81FFB096
:10A7000000000FFFFFFF81FFF88CC90FFFFFFF80E4
:10A710000000FFFC0FFFFFFFD54443FFFC0FFFFFCE
:10A72000FFFFFFFAFFFC0FFFFFFFFFFFFAFFFC0F29
:10A73000FFFFFFFFFFFAFFFC0FFFFFFFFFFFFAFF26
:10A74000FC0FFFFFFFFFFFFAFFFC0FFFFFFFFFFF04
:10A75000FAFFFC0FFFFFFFFFFFFAFFFC0FFFFFFFF9
:10A76000FFFFFAFFFC0FFFFFFFFFFFFAFFFC0FFFE9
:10A77000FFFFFFFFFAFFFE0BFFFFFFFFFFF7FFFFEB
:10A7800091000000000000FFFFFFFFFFFF800000BE
:10A79000FFFFFFFFFFFF7000005888888888871040
:10A7A0000000067777777777600000BFFFFFFFFF35
:10A7B000FFFD1000FFFFFFFFFFFFFFC100FF900044
:10A7C000000001DFFC10FF8000000000BFFFC0FFA1
:10A7D0008000000000BFFFF3FF8000000000BFFF0B
:10A7E000F4FF8000000000BFFFF4FFD8888888884D
:10A7F000EFFFF4FFFFFFFFFFFFFFFFF4FFFFFFFF8F
:10A80000FFFFFFFFF4FFFFFFE402CFFFFFF4FFFFB6
:10A81000FF60002FFFFFF4FFFFFF40000FFFFFF47A
:10A82000FFFFFFA0006FFFFFF4FFFFFFFC8AFFFFA9
:10A83000FFF4EFFFFFFFFFFFFFFFF36FFFFFFFFFDF
:10A84000FFFFFFA00000000000000000000000006B
:10A85000000000000000EFFFFFFFFFFFFFFFF6FF1B
:10A86000FFFFFFFFFFFFFFF8ACCCCCCCCCCCCCCCB7
:10A87000C400000000000000000000000000000014
:10A88000000000000000000000000000CDDDDDDD64
:10A89000DDDDDDDDD5FFFFFFFFFFFFFFFFF8DFFFA1
:10A8A000FFFFFFFFFFFFF5000000000000000000B9
:10A8B0000000000000000000000000000000000098
:10A8C0000000ACCCCCCCCCCCCCCCC4FFFFFFFFFF89
:10A8D000FFFFFFF8EFFFFFFFFFFFFFFFF6000000A5
:10A8E0000000000000005EFFFFFFFFFFFFFFFFE52D
:10A8F000EFFFFFFFFFFFFFFFFFFEFFFFFFFFFFFF79
:10A90000FFFFFFFF7FFFFFFFFFFFFFFFFFF703EFEB
:10A91000FFFFFFFFFFFFFE30E31BFFFFFFFFFFFF17
:10A92000B13EFF707FFFFFFFFFF707FFFFFB13DF65
:10A93000FFFFFD31BFFFFFFFE40AFFFFA04EFFFF57
:10A94000FFFFFF805DD508FFFFFFFFFFFFFC200238
:10A95000CFFFFFFFFFFFFFFFFDDFFFFFFFFFFFFF59
:10A96000FFFFFFFFFFFFFFFFEFFFFFFFFFFFFFFF07
:10A97000FFFE5EFFFFFFFFFFFFFFFFE50014444403
:10A9800041000000BFFFFFFA000000EFFFFFF800EA
:10A990000000FFFFFFF3000002FFFFFFD0000004F4
:10A9A000FFFFFF80000006FFFFFF40000008FFFFE1
:10A9B000FFFFFFF50AFFFFFFFFFFF40DFFFFFFFFA3
:10A9C000FFB00FFFFFFFFFFF200BFFFFFFFFF900AE
:10A9D0000000008FFFE100000000CFFF60000000DA
:10A9E00000FFFD0000000003FFF40000000007FF6F
:10A9F000A0000000000BFF20000000000FF8000086
:10AA00000000002FE00000000000094000000000EE
:10AA100000067100000000001444BFFE4443000023
:10AA200000EFFFF94FFFFF400000FFFFF83FFFFF7F
:10AA3000500000FFFFFFFFFFFF500000FFFFFFA8D7
:10AA40008888200000FFFFF6000000000000FFFFE4
:10AA5000F0CFFFFF51E200FFFFF0EFFFFF51FE20BC
:10AA6000FFFFF0EFFFFF51FFE2FFFFF0EFFFFF50AE
:10AA7000BBB7FFFFF0EFFFFF800000FFFFF0EFFF2D
:10AA8000FFFFFFFAFFFFF0EFFFFFFFFFFAFFFFF00E
:10AA9000EFFFFFFFFFFAFFFFF0EFFFFFFFFFFACF2F
:10AAA000FFF0EFFFFFFFFFFA000000EFFFFFFFFFE7
:10AAB000FA000000EFFFFFFFFFFA000000EFFFFFCA
:10AAC000FFFFFA0000007BBBBBBBBBB40000000073
:10AAD000310000000000000005FD00000000000043
:10AAE0000009FF10000000000007EFFFFB2000003E
:10AAF0000000AFFFFFFFF300000008FFFFFFFFFEB5
:10AB00001000001FFFFFFFFFFF8000005FFFFFFF3F
:10AB1000FFFFD000007FFFFFFFFFFFF000008FFF6F
:10AB2000FFFFFFFFF000009FFFFFFFFFFFF10000AE
:10AB3000DFFFFFFFFFFFF50001FFFFFFFFFFFFF952
:10AB40000009FFFFFFFFFFFFFF105FFFFFFFFFFF99
:10AB5000FFFFD0EFFFFFFFFFFFFFFFF69FFFFFFFAD
:10AB6000FFFFFFFFE3000000000000000000000006
:10AB700000AFFFF20000000000003FFFA000000057
:10AB80000000000275000000005EFFFFFFFFFFFFF6
:10AB9000FFFFFFFB0EFFFFFFFFFFFFFFFFFFFFF6C3
:10ABA000FFC88FA8AF88BF88FB88FF8FF800F40428
:10ABB000F005E00E500FF8FF800F404F006F00F6D9
:10ABC00000FF8FFFFFFFFFFFFFFFFFFFFFF8FFFF0B
:10ABD000946F648F44BB44FFFF8FFFF602F205F0D1
:10ABE00008800EFFF8FFFF946F648F44BB44FFFFA3
:10ABF0008FFFFFFFFFFFFFFFFFFFFFF8FF800F400A
:10AC000000000000F600FF8FF800F4000000000EC6
:10AC1000500FF8FFC88FA888888888FB88FF8EFFB0
:10AC2000FFFFFFFFFFFFFFFFFFF65EFFFFFFFFFFDE
:10AC3000FFFFFFFFFB0000000000000000000056C7
:10AC40000000000000000000017EFFA000000000E6
:10AC50000000018FFFFFF0000000000002AFFFFFC7
:10AC6000FFA00000000004BFFFFFFFFF3000000056
:10AC700005CFFFFFFFFFFB00000006DFFFFFFFFF28
:10AC8000FFF4000018EFFFFFFFFFFFFFD00005FFFC
:10AC9000FFFFFFFFFFFFFF50000EFFFFFFFFFFFF63
:10ACA000FFFE00000DFFFFFFFFFFFFFFF7000002A8
:10ACB000ACCCCCCDFFFFFFF000000000000004FF93
:10ACC000FFFF8000000000000004FFFFFF100000F5
:10ACD0000000000004FFFFF9000000000000000475
:10ACE000FFFFF20000000000000004FFFFB00000C2
:10ACF000000000000004FFFF300000000000000022
:10AD000003FFFC000000000000000000EFF4000062
:10AD10000000000000000027300000000024444430
:10AD2000443030000FFFFFFFFC0F6000FFFFFFFF0C
:10AD3000C0FF600FFFFFFFFC0FFF60FFFFFFFFC0C2
:10AD4000FFFF6FFFFFFFFC0BBBBBFFFFFFFFE1003F
:10AD5000000FFFFFFFFFFFFFFFFFFFFFFFFFFFFFF2
:10AD6000FFFFFFFFFFFFFFFFFFFFFFFFFFFFFFFFF3
:10AD7000FFFFFFFFFFFFFFFFFFFFFFFFFFFFFFFFE3
:10AD8000FFFFFFFFFFFFFFFFFFFFFFFFFFFFFFFFD3
:10AD9000FFFFFFFFFFFFFFFFFFFFFFFFFFFFFFFFC3
:10ADA000FFFFFFFFFFFFFFFFFFFFFFFFFFFFFFFFB3
:10ADB000FFFFFF8BBBBBBBBBBBBB80000000000029
:10ADC00023432000000000000000038CFFFFFFFC75
:10ADD0008300000000006DFFFFFFFFFFFFFD60002C
:10ADE0000003DFFFFFFFFEFFFFFFFFD30008FFFFB1
:10ADF000FB720000027BFFFFF80AFFFFA2000000C9
:10AE0000000002AFFFFABFFD3000000000000000AC
:10AE10003DFFB0BA1000059DEFED9500001AB0009F
:10AE200000006DFFFFFFFFFD600000000001BFFF9D
:10AE3000FFFFFFFFFFB1000000008FFFFA53235A0E
:10AE4000FFFF8000000000CFB100000001BFC00084
:10AE50000000000040000000000040000000000072
:10AE60000000019D9100000000000000000000AF04
:10AE7000FFA00000000000000000000FFFFF000026
:10AE80000000000000000000CFFFC0000000000034
:10AE90000000000003EFE3000000000000000000DD
:10AEA000000010000000000000178888888888884B
:10AEB00088888888600CFFFFFFFFFFFFFFFFFFFF10
:10AEC000FF80FFFFFFFFFFFFFFFFFFFFFFFC0FF80B
:10AED000000000000000000000CFFDFF84FFFFFF26
:10AEE000FFFFFFFFFF0CFFFFF84FFFFFFFFFFFFF1C
:10AEF000FFF05BFFFF84FFFFFFFFFFFFFFFF008FFF
:10AF0000FFF84FFFFFFFFFFFFFFFF008FFFF84FF89
:10AF1000FFFFFFFFFFFFFF0CFFFFF8000000000036
:10AF200000000000CFFFFFC888888888888888884C
:10AF30008EFD4EFFFFFFFFFFFFFFFFFFFFFFA04E55
:10AF4000FFFFFFFFFFFFFFFFFFFFC200178888889A
:10AF500088888888888888600CFFFFFFFFFFFFFFD4
:10AF6000FFFFFFFF80FFFFFFFFFFFFFFFFFFFFFF70
:10AF7000FC0FF8000000000000000000CFFDFF8182
:10AF8000FFFFFFFFFFFF60000CFFFFF81FFFFFFF49
:10AF9000FFFFF600005BFFFF81FFFFFFFFFFFF6089
:10AFA00000008FFFF81FFFFFFFFFFFF6000008FF04
:10AFB000FF81FFFFFFFFFFFF60000CFFFFF80000B5
:10AFC00000000000000000CFFFFFC8888888888844
:10AFD0008888888EFD4EFFFFFFFFFFFFFFFFFFFF0A
:10AFE000FFA04EFFFFFFFFFFFFFFFFFFFFC20017A5
:10AFF00088888888888888888888600CFFFFFFFF99
:10B00000FFFFFFFFFFFFFF80FFFFFFFFFFFFFFFFCF
:10B01000FFFFFFFC0FF8000000000000000000CF61
:10B02000FDFF81FFFFFFFFA00000000CFFFFF81FE6
:10B03000FFFFFFFA000000005BFFFF81FFFFFFFF43
:10B04000A0000000008FFFF81FFFFFFFFA000000C4
:10B050000008FFFF81FFFFFFFFA00000000CFFFFC3
:10B06000F8000000000000000000CFFFFFC8888843
:10B070008888888888888EFD4EFFFFFFFFFFFFFFCE
:10B08000FFFFFFFFA04EFFFFFFFFFFFFFFFFFFFFE0
:10B09000C2001788888888888888888888600CFF1C
:10B0A000FFFFFFFFFFFFFFFFFFFF80FFFFFFFFFF2F
:10B0B000FFFFFFFFFFFFFC0FF80000000000000093
:10B0C0000000CFFDFF81FFFFE000000000000CFF4B
:10B0D000FFF81FFFFE0000000000005BFFFF81FF84
:10B0E000FFE00000000000008FFFF81FFFFE0000DF
:10B0F0000000000008FFFF81FFFFE00000000000EB
:10B100000CFFFFF8000000000000000000CFFFFF70
:10B11000C888888888888888888EFD4EFFFFFFFF52
:10B12000FFFFFFFFFFFFFFA04EFFFFFFFFFFFFFF3F
:10B13000FFFFFFC2001788888888888888888888E9
:10B14000600CFFFFFFFFFFFFFFFFFFFFFF80FFFF20
:10B15000FFFFFFFFFFFFFFFFFFFC0FF800000000F5
:10B160000000000000CFFDFF800000000000000094
:10B17000000CFFFFF80000000000000000005BFF73
:10B18000FF800000000000000000008FFFF80000BA
:10B190000000000000000008FFFF80000000000029
:10B1A0000000000CFFFFF80000000000000000009D
:10B1B000CFFFFFC888888888888888888EFD4EFFE2
:10B1C000FFFFFFFFFFFFFFFFFFFFA04EFFFFFFFF9F
:10B1D000FFFFFFFFFFFFC2000000000000000010A3
:10B1E00000000000000000000000000CFE20000035
:10B1F000000000000000007CDFFF90000000000065
:10B2000000000009FBBFFF900000000000000000EC
:10B210002F700AFC1000000000003200009E0000A9
:10B220000000000000002DFF9001F600000000006B
:10B230001C3000CFFFF63CF333333333335FF91068
:10B24000FFFFFFFFFFFFFFFFFFFFFFFFD0CFFFF676
:10B250003334ED333333335FFA102DFF9000005F4A
:10B26000300000001C300000320000000DA0000083
:10B2700000000000000000000006F30AFFF70000D5
:10B2800000000000000000CEAEFFF800000000004B
:10B290000000000008BEFFF80000000000000000F1
:10B2A00000000AFFF700000000000000000000019D
:10B2B000222000000000000034310000000003BF25
:10B2C000FFFFE70000006FFFFAFFFFB00004FFFF81
:10B2D000F19FFFF8000DFFFFF10AFFFF103FFFFF96
:10B2E000F100BFFF607FFD8FF1660CFFA0AFF80794
:10B2F000F16F13FFD0CFFF7071531EFFF0DFFFF728
:10B300000001DFFFF0EFFFFF600CFFFFF0EFFFFF3A
:10B310003007FFFFF0DFFFF300108FFFF0CFFF30AB
:10B32000B16709FFF09FF60BF26E02FFD06FFFCFFF
:10B33000F2522EFFA01FFFFFF202EFFF5009FFFFA6
:10B34000F22EFFFE0000DFFFF4EFFFF500001AFF12
:10B35000FFFFFF6000000027ABB9500000000002B3
:10B36000ABBBB700000057777CFFFFFF777772FF1A
:10B37000FFFFFFFFFFFFFFF7EFFFFFFFFFFFFFFFF5
:10B38000F600000000000000000006888888888819
:10B390008888200CFFFFFFFFFFFFFF400CFFFFFF2F
:10B3A000FFFFFFFF400CFF77FF3BFE1EFF400CFF3F
:10B3B00066FF2AFE0EFF400CFF66FF2AFE0EFF40CE
:10B3C0000CFF66FF2AFE0EFF400CFF66FF2AFE0EF2
:10B3D000FF400CFF66FF2AFE0EFF400CFF66FF2AAF
:10B3E000FE0EFF400CFF66FF2AFE0EFF400CFF66BC
:10B3F000FF2AFE0EFF400CFF77FF3BFE1EFF400BB7
:10B40000FFFFFFFFFFFFFF3007FFFFFFFFFFFFFE14
:10B4100000005788888888887200000000000000BB
:10B42000000164000000000000000002DFF80000DE
:10B43000000000000002EFFFF80000000000000024
:10B440007FFFFFF8000000000002908FFFFFF00078
:10B4500000000002EFB08FFFFC0000000002EFFFD1
:10B46000B08FFE1000000002EFFFFFB08E20000042
:10B470000002EFFFFFFFB01000000002EFFFFFFF30
:10B48000FE1000000002EFFFFFFFFE2000000002A0
:10B49000EFFFFFFFFE2000000002EFFFFFFFFE2096
:10B4A00000000002EFFFFFFFFE2000000001EFFFA1
:10B4B000FFFFFE20000000008FFFFFFFFE200000C6
:10B4C00000000AFFFFFFFE200000000000CFFFFF8A
:10B4D000FE2000000000000EFFFFFE200000000024
:10B4E0000000FFFFFE200000000000000575310095
:10B4F000000000000000000000006EFFFFFFFFFFE3
:10B50000FFFFFB2000008FFFFFFFFFFFFFFFFFFBA0
:10B5100000008FFFFFFFFFFFFFFFFFFFF0008FFF27
:10B52000FFFF85FFFF58FFFFFF008FFFFFFFB00405
:10B53000FF400BFFFFF08FFFFFFFFF40044004FFC1
:10B54000FFFF8FFFFFFFFFFF400004FFFFFFFFFF34
:10B55000FFFFFFFFFF1000EFFFFFFF8FFFFFFFFF69
:10B56000FF400004FFFFFFF08FFFFFFFFF4004409C
:10B5700004FFFFFF008FFFFFFFB004FF400BFFFF42
:10B58000F0008FFFFFFF85FFFF58FFFFFF00008FD8
:10B59000FFFFFFFFFFFFFFFFFFF000008FFFFFFF38
:10B5A000FFFFFFFFFFFB0000006EFFFFFFFFFFFF3D
:10B5B000FFFC200000288888887300002EFFFFFF12
:10B5C000FFF6001DFFFFFFFFFFE01DF60E50D6083F
:10B5D000FF1DFF60E50D608FFCFFF60E50D608FFE3
:10B5E000FFFF60E50D608FFFFFFFFFFFFFFFFFFF25
:10B5F000FFFFFFFFFFFFFFFFFFFFFFFFFFFFFFFF5B
:10B60000FFFFFFFFFFFFFFFFFFFFFFFFFFFFFFFF4A
:10B61000FFFFFFFFFFFFFFFFFFFFFFFFFFFFFFFF3A
:10B62000FFFFFFFFFFFFFFFFFFFFFFFFFFFFFFFF2A
:10B63000FFFFFFFFFFFFFFFFFFFFFFFFFFFFFFFF1A
:10B64000FFE9FFFFFFFFFFFFF807ABBBBBBBBBA6DC
:10B6500000000000000000000000070000000000E3
:10B66000000000000AF100000100000000000AFFD5
:10B6700010000AF30000000000FFF1000BFF500073
:10B680000000000FFF100CFFF50000000000FFF1AC
:10B690001DFFFFCBBBBBBBBBBFFF1CFFFFFFFFFF03
:10B6A000FFFFFFFFF19FFFFFFFFFFFFFFFFFFF0017
:10B6B0009FFFF966666666666640008FFF50000071
:10B6C0000000000000007FF5000000000000000006
:10B6D000005C1000000000000000000000000000FE
:10B6E0000000000000006005000000000000600590
:10B6F000030E01001500D007060601082700100EF2
:10B700000E0E00008900700C0C1400FD0101E01009
:10B71000110E00007801C00D0E0F00FFE101300492
:10B7200002060108E701C006061301FC2002C0065C
:10B73000051300FC50020008080800077002A00B67
:10B740000A0A0103A2029004040600FDAE02B0073B
:10B7500006020105B402900404030000BA021007B7
:10B760000914FFFE1403500D0D0E00006F03600757
:10B77000060E00009903800B0B0E0000E603700B11
:10B780000B0E00003304600D0E0E00009504800BBC
:10B790000B0E0000E204500C0C0E00003605F00BFE
:10B7A0000C0E00008A05E00C0C0E0000DE05500CAB
:10B7B0000C0E000032069004040B000048069004B2
:10B7C000040E00FD6406A00B0A0A01029606A00BF7
:10B7D0000A070104B906A00B0A0A0102EB06700B66
:10B7E0000B0E00003807B014141200FCEC07A00E7A
:10B7F000100EFF005C08200F0D0E0200B708700E3F
:10B800000E0E0000190980100E0E02007B09600D5B
:10B810000B0E0200C809B00C0A0E02000E0A700FCF
:10B820000E0E0000700A40100D0E0200CB0A30060A
:10B83000030E0200E00A400A0A0EFF00260B600E0B
:10B840000D0E0200810BE00B0A0E0200C70B201345
:10B850000F0E0200300C40100D0E02008B0CD010A9
:10B86000100E0000FB0C700E0C0E02004F0DD010DD
:10B87000111100FDE00D900E0C0E0200340E700C44
:10B880000C0E0000880EC00B0C0E0000DC0ED00F5A
:10B890000D0E0100370F400E100EFF00A70F80168F
:10B8A000160E00004110700D0E0E0000A310F00CDB
:10B8B0000F0EFF000C11200D0D0E00006711B006D9
:10B8C000051302FC971110070914FFFEF111B006D1
:10B8D000051300FC2112B00B0A0901034E12000AE5
:10B8E0000A0300FE5D12000C0603020C6612F00B48
:10B8F0000A0B01009D12A00D0C0F0100F712700B36
:10B900000B0B00003413A00D0C0F00008E13400C25
:10B910000C0B0000D0131007080F00000C14D00D02
:10B920000C0F00FC6614A00D0B0F0100B91490055C
:10B93000040F0100D714B0050713FEFC1A15500CB4
:10B940000C0F010074159005030F01008B152015D5
:10B95000130B0100F415A00D0B0B01003116B00CF8
:10B960000C0B00007316A00D0C0F01FCCD16A00DE2
:10B970000C0F00FC27173008070B01004E17000AB8
:10B980000A0B000085174008080E0000BD17900D37
:10B990000B0B0100FA17300B0D0BFF0042180012C1
:10B9A000120B0000A518100B0B0B0000E218300B57
:10B9B0000D0FFFFC4419700A0A0B00007B190007E9
:10B9C000061301FCB4190006021302FCC719000794
:10B9D000061300FC001AA00B0A040105141A6008E3
:10B9E00008080007341A4006040401043C1A001435
:10B9F000141500FD0E1B0014140F0000A41B0014EE
:10BA0000141300FE621C0014140F0000F81CC00D7B
:10BA10000E0F0000611D0014141500FD331E0014EC
:10BA2000141500FD051F8016171300FEE01F0014FB
:10BA3000141500FDB2208016170F00005F210014BE
:10BA4000141500FD3122000A0A1000008122000FA7
:10BA50000F1000FFF9228016171300FED4230014E4
:10BA6000140F00006A24C00D0E1500FDFD24801186
:10BA70000D1302FE79258011121500FD3626801166
:10BA8000121300FEE1268011121300FE8C27801194
:10BA90000D1302FE082880111313FFFEBD28800C31
:10BAA0000B1301FE2629800C0B1301FE8F29801138
:10BAB000121300FE3A2A801112050005672A80162B
:10BAC000170F0000142B00191A15FFFD252C8016E6
:10BAD0001815FFFD212D0014141300FEDF2D801119
:10BAE000120B0002422E8011120B0002A52E00192B
:10BAF0001A1000FF752F0014140F00000B300014F3
:10BB0000141500FDDD3000141515FFFDBA3180114C
:10BB1000121300FE65328011121500FD22338011D0
:10BB2000121300FECD338011121100FF6634001491
:10BB3000140F0000FC34800C0E15FFFD8F358011B2
:10BB4000121500FD4C368011121500FD09378016C4
:10BB5000170F0000B63700141615FFFD9D38000FB3
:10BB60000F1500FD3B390019191300FE293A001981
:10BB7000190D0001CC3A0019190D00016F3B001995
:10BB8000190D0001123C0019190D0001B53C0019F6
:10BB9000190D0001583D00191A1100FF353E8011A2
:10BBA000101501FDDD3E8011121500FD9A3F0014B5
:10BBB0001515FFFD77400019190F00003341000FE4
:10BBC0000F1500FDD1412014150D00010000721F5A
:10BBD00051EF58EF5BEF5CEF5DEF61EF63EF65EF07
:10BBE00069EF6CEF71EF76EF77EF78EF8EEF93EF11
:10BBF00098EF9BEF9CEF9DEFA1EFA2EFA3EFA4EFD7
:10BC0000B7EFB8EFBEEFC0EFC1EFC4EFC7EFC8EFBB
:10BC1000C9EFCBEFE3EFE5EF14F015F017F019F0F3
:10BC200030F037F03AF043F06CF074F0ABF03BF1E9
:10BC300090F191F192F193F194F1D7F1E3F13DF2AA
:10BC400054F2AAF412F7F2F7200000005F0001009E
:10BC5000000000000000000000000200B000000032
:10BC6000F3F76000CCBB0508000000003E000300B5
:10BC7000000001020003040502060708090A090A78
:10BC80000B0C000D0E0F101112130C1414000000F9
:10BC90001516171819161A1B1C1D1D1E1F201D1DF9
:10BCA0001621222303241E2525262728292A2B0096
:10BCB0002C002D2E2F303132332D343435302D2DB4
:10BCC0002E2E36373839333A3A3B3A3C29000009B0
:10BCD0003D0900000000000000000000000000001E
:10BCE0000000000000000000000000000000000054
:10BCF0000000000000000000000000000000000044
:10BD00000000000000000000000000000000000033
:10BD100001020003040502060708090A090A0B0CC0
:10BD20000D0E0F10110C121314151500000016172C
:10BD30001819171919191719191A19191919171979
:10BD40001719031B1C1D1D1E1F2021222300240068
:10BD50002526272727002726282926262A2A272A94
:10BD6000272A2B2C2D2E2E2F2E30000023093109AF
:10BD700000000000000000000000000000000000C3
:10BD800000000000000000000000000000000000B3
:10BD900000000000000000000000000000000000A3
:10BDA0000000000000000000000000000001000092
:10BDB000000000000001000003000000000200007D
:10BDC0000000000000000000000000000000010072
:10BDD00000000000000000000000000000010E0054
:10BDE00009F900000000EEED020F0705F302100153
:10BDF0000D030A0000000000000000000000130313
:10BE0000FE0000000000000000000000000600F638
:10BE10000000000000FA05060000FD00FE0300FD22
:10BE200000FDFEFA00000000FD0000FCFB0000FD2C
:10BE300000FA000000000000000000FDFD00FB0013
:10BE4000F700D90000FA00060A0000FA03030B0607
:10BE5000FB060000EE0000000000000000000000F3
:10BE6000F40000000000000000000000000000F7E7
:10BE7000FCF000F3FE00000000010C00F6FDFF01E5
:10BE800000FB0000FEE800000000000000000000D1
:10BE900000E6FD0C000000000000000000000000B3
:10BEA000F3000000000000000000000B0003000091
:10BEB000FA00000000000000000000000000000088
:10BEC00000000C0301000000000000000000000062
:10BED0000000000000000000000000000000000062
:10BEE000000000000000000000000000F40000005E
:10BEF0000000000000000000000000000000000042
:10BF00000000000206030AFD000006FDF5D4020948
:10BF10000601FC000C000A000A00E200FC0A000B0B
:10BF2000FD0603000001FD0000FB1A001A000A00D4
:10BF30000D04050A000000F40000000001FE0002EC
:10BF4000FAFCFA0200FD000000F30000000000000F
:10BF50000000000000EB00000000000000000000F6
:10BF6000000000000001EE00EC00000000FE0020D8
:10BF7000FCFC0303FD00FC030000EF0000000000D8
:10BF8000000000000000E1000300000000000000CD
:10BF90000000000000EC00130000F4000B00EAE1D8
:10BFA000EAFA0A0000EB0004F900FB0000000000C0
:10BFB00000000000000000080AD900000000000096
:10BFC0000000000000000F0002000000000002025C
:10BFD000FCFA00FFFFFD0000FE000000FA00FD007B
:10BFE000F9FA00F8F5F5FA00FA00FA00000000FD91
:10BFF0000000030002FD000100000003FE0000003D
:10C00000FE0303FF000000FA00FF00000000000133
:10C010000004FE00FC00FB0000FE000A0000FD0022
:10C0200000000000FF01FEFE0000FD00FD0000001A
:10C03000000000000000FEFE00FDFC00000000000B
:10C04000010000FE00FDFDFD0000000000000000FA
:10C0500000FE00000000FEFC00FB00F6FEF60600FD
:10C0600000FA03060900F8FFFC00FFF103FE02EFEF
:10C0700003000001EF00EFFDE4FE00F00006090000
:10C0800004000000000100FAFC00F6000000FD00C2
:10C090000000FD0000000000FEFE00FEFC000000AD
:10C0A00000000000FDFD00FEFCFD0000FD000000A2
:10C0B0000000000000000000FDFD00FC00FE00FA92
:10C0C000030000FC020303000000000000FE00006B
:10C0D000000000020000FD00FDFEFC00000000006A
:10C0E00000000300FD00000000FCFB00FA000AFE57
:10C0F00001F6000009F0EFF3FA0300FDEBFA00FA95
:10C1000000FA05FAEC00F7000002FF03FE0003004E
:10C11000F6F400F0F8F9F8F6FCF7FFFAF702000180
:10C1200000FD00000002000300000000000000000D
:10C13000000000FD00FE00FFFD00FBF9F9FF00F626
:10C14000000000000000FD0000000001FE000000F3
:10C150000300000000000000000F000000000000CD
:10C1600002000000FD0000000000000000000000D0
:10C17000FA000300000000000000000000000000C2
:10C18000FE000000FA00000000F0F6000000FBF0E6
:10C190000000FD0300F700000000000000000000A8
:10C1A000FB0000FA0000000000000000000000009A
:10C1B0000300FA00000000040002FAFA00FDFDFC92
:10C1C000000000000000F600FD00FBFD00F9F8F69D
:10C1D000FD00FA00F6000000001A0000020000FC5A
:10C1E000000300F20000000000E2FA0B0AFDF30079
:10C1F00003FB00F0FEFC03EAFD040005F5FBF4F58B
:10C20000F30000ED00120000FE000000FEFEFDF74E
:10C21000F5FFE20000000000000000000100000047
:10C2200000000000000000000000000000FD00FE13
:10C23000FDFB0000FA00FD0000000000000000000F
:10C24000000000000000FF00FA000006FF0400F9F3
:10C2500003FEFFF8FD00FCFDFE00FBFB0000FDFF00
:10C26000FEFBFC0000FD0003FE00F9000000FA00E8
:10C27000FB00FBFB030000000000000000FA0300CD
:10C28000FC00FEFCF6FEFEFEFFFEFCFF00000000D0
:10C2900000FDFDFD0000000004FE00FE000000FEA9
:10C2A000FCFEFDFCFD00030DFF00F700FE0600FD97
:10C2B000F3FC050000F1FB03FB0200FEFDF600FBB2
:10C2C000020000FB0000000303FAFA00FBFDFBFD87
:10C2D000FD00FB02FAFB0A00000000000000000065
:10C2E000030000000000000000000000000000004B
:10C2F0000000000000000000FB0000000000000043
:10C30000000000000000000000000000000000002D
:10C31000000000000000000000000000000000001D
:10C3200000000000FE00000000000000000000000F
:10C3300000000000000000000000000000000000FD
:10C340000000FDFD000000000000000000000000F3
:10C35000FB0000FC0000FDFD00000000FD000000EF
:10C3600000FE0000000000FE00000000FB00FA00DC
:10C370000000F50002F90601FEF10000F9FD00F3EE
:10C38000F8F70000F2FDF3F4F100F8000315FC00EB
:10C39000F9FDFFFDFBF7FAF4F3F9FD0000FE0001E3
:10C3A0000000EAFD0A07F9F40001F600F0FEFD06C0
:10C3B000E3FC010000EBFCEFFDE90000EA001301E3
:10C3C00000FE00000000FEFEF4FE00EB0000000096
:10C3D000F600FD00FFF7F10000FEFBF6FD00FE0099
:10C3E000000000F2FDF5F6FDFBF8FDFB00FAFDF59F
:10C3F000FB00FCFAFDFA000200FEF5000600FA0060
:10C40000000000040002FA0D00FDFDFC0000000029
:10C410000000F600FD00FBFD00F9F8F6FD00FA0350
:10C420000D000000001A0000020000FC00030000E4
:10C43000000000000000FF0000000000FEFA000005
:10C44000000000FE000000FDFD0000FAFD0000FA03
:10C450000005FE00000000000002000000000506CC
:10C4600003FD00F6FB000AF5F6FAFA0D0603E4FEFA
:10C4700006FD00FD04FDF500FD03FCFDF6FD0000DA
:10C480000A0600F700EEFC09FCF401FCF5F5FD0DD1
:10C490000300FB00F700030BF9F4F3F80A0001E9CD
:10C4A000FD03FBFEF900F9F4FBFBFD0000F9F9FDCB
:10C4B000000A07FDEE00EEFC00F5EDFFF6FBF5F7D8
:10C4C000090000FC00FAFD00FDFA0005F50300007C
:10C4D000EF00FDF9FBFEF6F8F5F900F6FDF9FAF6C6
:10C4E000FD0000010FFB00F6FD00FDFAF9F7F7F47F
:10C4F000FCFA0600FB00F0FC0206F6F4FAF50BFD70
:10C5000002E2FA06F9FBF400F6F3FCFDFDFDF9F694
:10C51000FF00000A09FEEB00EDF908F4EAFAF5F372
:10C52000F0F50600000000FC000003FC0602FA061D
:10C530000000F6FF00FF000101FD00000000000008
:10C54000FD00000000030A0100FC00000000FEFEE8
:10C55000FC0000000103000000000300FD000C00CF
:10C56000060101FC000600000003000000000000BE
:10C5700000000000000A00090000000000000000A8
:10C58000000000000000ED00FD05000A000020048E
:10C59000FAFA0303FE01F000000FED0000000000B6
:10C5A000000000000000EA0C2D0000000000000068
:10C5B0000000000000ED000000000000000000008E
:10C5C000000000000000000000000000000000006B
:10C5D000FB0000FAFD000000000000000000000069
:10C5E0000000000000000000FE00F7000001000055
:10C5F0000329FAFD0A09F70300000303FC00000009
:10C600000000000000000000D6090000000000004B
:10C610000000000000000000000000F7000000F72C
:10C6200000000000F9FE000000F900FC00F100002D
:10C63000000000000000000000EB0000000001000E
:10C640000000000000FD0000FA00FB00F700000001
:10C65000FB03FC0000F7FDF90000F700FD00F1000E
:10C66000FC0000E6FAF3FCF40000EB00F7FE00002B
:10C67000000000000000FBFAFDFB00000000F900D4
:10C68000F904FC0600FEF9FEFBFA00FCFEFE02F7D0
:10C69000FF000000E4FDFC00F900FEF1FD0000FEDB
:10C6A000FD000000000200FEFBFE0500000000008F
:10C6B000000000000000000000000000000000007A
:10C6C000000000000000000000000000000000006A
:10C6D00000000000000004000000000000F900FE5F
:10C6E000000000FA03000000F7FDFA0000F700FD6B
:10C6F00000F100000000E100FAF4F00000EB00FEA1
:10C70000FB0000000000000000FDFBFEFB0100003C
:10C7100005FC000A10FDFDF604100507F7040D04E2
:10C720000907090000000000000000000000140FCD
:10C73000FAFD00FD1A0E1A0000000300000C0000B4
:10C74000FB000000000000000000FE0000000000F0
:10C750000000000400000000E5FCFDF3F00000EB29
:10C7600000000000000000000000000000000000C9
:10C7700000FB000000000000000000FE00000000C0
:10C78000000000000400000000E5FCFDF3F00000E4
:10C79000F3000000000000000000000000000000A6
:10C7A00000000000FD000000F90300FD030603F691
:10C7B00000FFFD03000300000000F800FDFEFA008A
:10C7C000FDF30014FD00F9FE00FEFB00FDF7FAFC8E
:10C7D000000000FB000000000000000000FE000060
:10C7E0000000000000000400000000E5FCFDF3F084
:10C7F0000000EB000000000000100000000000003E
:10C8000000000000FB00F6FCFD0AFDFDF301FE0147
:10C81000FEF7010701030103F8F3FC00F4FAF7F354
:10C82000F400FBFAFCFCFDFEFCFE00FEFF0500052B
:10C83000FE000A000000000000000000000000FEF2
:10C84000FDFD0000F700FE00FB00000000000000FE
:10C8500000000000ED0000000000000000000000EB
:10C86000FDFD00FC00000000FD0000FBFD0300FBDF
:10C87000FAFE00F7FEF9FEFC00FB000000000000DD
:10C880000000000000EB000A0000FA00000000FCBD
:10C8900000FD0000FE0000FE00F900000DFCF5F6B2
:10C8A000020404FFF70205020A020BFEF70000F380
:10C8B0000000F6F70000FA00FCFB00FB00FB00FEA6
:10C8C0000500FDF6FD0C0000FD00FA000004F90073
:10C8D00003FD030000F500FEFF00FD04FD00000065
:10C8E000F3FCF900F60000F1000CFD00FA00020074
:10C8F000FD00FDF600FD0300000000FE000003FC4B
:10C90000010000FCFE00FC00000000000000000030
:10C910000000000000000000EC00070000FD000027
:10C9200000000100FDFD00000006000700000000FF
:10C9300000ECEE010E0A05F3020D000C00060000EB
:10C9400000000000000000000011000000000000D6
:10C95000000000000000000000000000ACBD050861
:10C9600070BC05080EBD05083D3100008074050847
:10C97000DCB6050848BC05085CC90508100002289B
:10C9800004060020897A0208157A020816000400BD
:10C9900000FF01006CC90508000000000000000055
:10C9A00044F40408492D02080000000000000000C3
:10C9B000812F0208000000000104000044F4040874
:10C9C000213802088938020800000000A538020852
:10C9D00004010D000006000044F40408033B0208B3
:10C9E000000000000000000000000000D127D12757
:10C9F0004402000044F40408853B0208C13B0208DD
:10CA000000000000D93B02080401820085030000F9
:10CA100044F40408D1720208717302080000000097
:10CA2000957302088200D1270504000044F404082D
:10CA3000B5780208E77802080000000011750208C6
:10CA4000000000008002000044F404081590020871
:10CA50009190020800000000D5900208D127D1274C
:10CA6000C004000044F4040819E8020800000000B3
:10CA700000000000A9E80208D1278200C5020000DA
:10CA800048CA050800000000000000000000000087
:10CA900031EA020800000000C0040000BCC905081B
:10CAA000B9ED0208000000000000000029EE0208B5
:10CAB000000000008507000044F4040837F902086C
:10CAC00079F902080000000081F9020834001E0014
:10CAD0008402000006F2ECE83699D661963ABE244C
:10CAE0005E05FA05B1046A4D098EE7CE47FF00FEE8
:10CAF000C0FCA4FAA97AF163F39C8AEA8EE3D3EC32
:10CB00007AFE5DFF0FEA12F376F4DAFD3DFF37AAF5
:10CB100059BB9BCCFCE53EF7B87AB993FBB43DD644
:10CB20003EEF585B397C5B9D5DC65EEF3E45BE6562
:10CB30005F96FFBE9FE7BE2D1E4EBF863FB7BFE785
:10CB40003B269C4EFD865EB7BFE73325B54D588624
:10CB5000FBB69EE7CD653086B4A639CFBDEF6C9E9F
:10CB6000B0AE14C779DFDDF70AD72EDF73E7B8F769
:10CB7000DCFF6BFF8EFFB3FFD8FFFCFF45FEA9FE75
:10CB800010FF76FFDCFF24FDA9FD70FE16FF9CFF61
:10CB900088FB4CFC52FD77FE5CFF6C8B4FA454BDB0
:10CBA00079D65DEF937C3595F8B5DBCE7EEFF7BD9A
:10CBB0001CE77DEFBEF7DFFFC6E165D145C1E3B0FD
:10CBC000CCD8CBC0AAA869883589F478D368B14895
:10CBD000B65975513441D230553AF331B2290F1953
:10CBE0005C1CBA1B3813340ADC045A04B703B302C2
:10CBF0007805B40411040C034F04CD034B03680201
:10CC00000845673CE62BE41A887DE76C45544333BE
:10CC100046C6A5ADE49CA283C6FE05FE44FDE2F334
:10CC200080FD00FD60FC60FB60FCE0F360EB80E2F7
:10CC300083F243E202DAA1B9686A065AA5492439A7
:10CC40006F53CC4229328721AE730C630842042112
:10CC500000003C027804B306EE08280B610D990F22
:10CC6000D01106143A166C189D1ACB1CF71E212100
:10CC700048236C258E27AC29C72BDF2DF32F0332D9
:10CC8000103418361C381C3A173C0E3EFF3FEC415E
:10CC9000D443B64593476A493C4B084DCD4E8D5021
:10CCA0004652F953A5554B57EA58825A135C9C5D7E
:10CCB0001F5F9A600D627963DD6439668D67D9689C
:10CCC0001D6A596B8C6CB76DD96EF36F04710C7261
:10CCD0000B730174EE74D275AD767F774778067961
:10CCE000BB79677A0A7BA27B327CB77C337DA57DDA
:10CCF0000D7E6C7EC07E0B7F4B7F827FAF7FD27FAD
:10CD0000EB7FFA7FFF7F000044F40408DDFA02089D
:10CD100019FB02080000000065FB0208D127D1279B
:10CD20008503000000FF0055AAFF0011223344557F
:10CD300066778899AABBCCDDEEFF000102030405EB
:10CD4000060708090A0B0C0D0E0F1011121314150B
:10CD5000161718191A1B1C1D1E1F202122232425FB
:10CD6000262728292A2B2C2D2E2F303132333435EB
:10CD7000363738393A3B3C3D3E3F404142434445DB
:10CD8000464748494A4B4C4D4E4F505152535455CB
:10CD9000565758595A5B5C5D5E5F606162636465BB
:10CDA000666768696A6B6C6D6E6F707172737475AB
:10CDB000767778797A7B7C7D7E7F8081828384859B
:10CDC000868788898A8B8C8D8E8F9091929394958B
:10CDD000969798999A9B9C9D9E9FA0A1A2A3A4A57B
:10CDE000A6A7A8A9AAABACADAEAFB0B1B2B3B4B56B
:10CDF000B6B7B8B9BABBBCBDBEBFC0C1C2C3C4C55B
:10CE0000C6C7C8C9CACBCCCDCECFD0D1D2D3D4D54A
:10CE1000D6D7D8D9DADBDCDDDEDFE0E1E2E3E4E53A
:10CE2000E6E7E8E9EAEBECEDEEEFF0F1F2F3F4F52A
:10CE3000F6F7F8F9FAFBFCFDFEFF80808081818225
:10CE4000828384858687898A8C8D8F919395979923
:10CE50009B9EA0A2A5A7AAADAFB2B500FF1FFF1F62
:10CE600001E001E044F404086DFF020877010308C3
:10CE70000000000095010308040182000406000080
:10CE800044F404080DA3020829A3020800000000CE
:10CE900041A3020800000000C00300004F74615469
:10CEA00061736B0053656E736F724461746154619A
:10CEB000736B00004D65737361676553656E6454F1
:10CEC00061736B0044617461536176655461736B87
:10CED000000000004D5055436865636B5461736BEF
:10CEE000000000004C7648616E646C65725461739A
:10CEF0006B000000436861726750616765456E743E
:10CF000065725461736B000049646C65456E7465AD
:10CF1000725461736B00000053746F70456E7465DA
:10CF2000725461736B0000004861726477617265CE
:10CF3000496E69745461736B000000005363725250
:10CF4000656E65775461736B000000004B65795422
:10CF500061736B005765642E000000005475652EE8
:10CF6000000000004672692E000000004D6F6E2E1A
:10CF70000000000053756E2E000000005361742EF7
:10CF8000000000005468752E00000000536100008E
:10CF900057650000546800004D6F000046720000A5
:10CFA00053750000547500004A756E65000000005E
:10CFB0004D61726368000000417072696C0000008E
:10CFC000446563656D6265720000000053657074AE
:10CFD000656D6265720000004E6F76656D62657208
:10CFE000000000004F63746F6265720041756775E1
:10CFF000737400004D6179004A756C79000000007F
:10D000004A616E7561727900466562727561727906
:10D0100000000000323032330A323032320A32300D
:10D0200032310A323032300A323031390A3230315C
:10D03000380A323031370A323031360A323031353F
:10D040000A323031340A323031330A323031320A66
:10D05000323031310A323031300A323030390A322E
:10D060003030380A323030370A323030360A323017
:10D0700030350A323030340A323030330A32303010
:10D08000320A323030310A323030300A31393939EF
:10D090000A313939380A313939370A313939360ADA
:10D0A000313939350A313939340A313939330A31AC
:10D0B0003939320A313939310A313939300A31399D
:10D0C00038390A313938380A313938370A3139387C
:10D0D000360A313938350A313938340A313938337A
:10D0E0000A313938320A313938310A313938300A9F
:10D0F000313937390A313937380A313937370A3156
:10D100003937360A313937350A313937340A313946
:10D1100037330A313937320A313937310A31393741
:10D12000300A313936390A313936380A3139363729
:10D130000A313936360A313936350A313936340A48
:10D14000313936330A313936320A313936310A311A
:10D150003936300A313935390A313935380A3139F9
:10D1600035370A313935360A313935350A313935ED
:10D17000340A313935330A313935320A31393531EA
:10D180000A313935300A313934390A313934380AFB
:10D19000313934370A313934360A313934350A31C4
:10D1A0003934340A313934330A313934320A3139B5
:10D1B00034310A313934300A313933390A313933AB
:10D1C000380A313933370A313933360A3139333590
:10D1D0000A313933340A313933330A313933320AB7
:10D1E000313933310A313933300A313932390A3180
:10D1F0003932380A313932370A313932360A31395F
:10D2000032350A313932340A313932330A3139325E
:10D21000320A313932310A313932300A3139313951
:10D220000A313931380A313931370A313931360A60
:10D23000313931350A313931340A313931330A3132
:10D240003931320A313931310A313931300A313923
:10D2500030390A313930380A313930370A3139300A
:10D26000360A313930350A313930340A3139303300
:10D270000A313930320A31393031000030310A3068
:10D28000320A30330A30340A30350A30360A303741
:10D290000A30380A30390A31300A31310A31320065
:10D2A0000A00000042746E310000000042746E32C9
:10D2B0000000000042746E330000000042746E34BF
:10D2C0000000000042746E3500000000ECD205083A
:10D2D00000000020E40600007008010884D405085E
:10D2E000E40600202C8201002460010801541E5134
:10D2F000360108A1041AA5041AA9041A21041A1F48
:10D30000041A1D04411A4D081A4F041A49041A330D
:10D3100004320129041A3B0C1A47041A45041A372F
:10D32000042A3F1C131A431A19083A172812133AF1
:10D330002308122D1A27083A2B0C12631A2D085AAB
:10D34000315C811E995403088D0422E40220201EC2
:10D35000715B03086D040B2014012C01541EBD5792
:10D360000308B9041A4C801E698E030865041A6408
:10D370000C20080B3B0B0802463203A119431E6C1C
:10D38000CF05085C041A54041A84041A64041A7C35
:10D39000041A74041E8983030885041338021F20AD
:10D3A000E15F0308D5041AACE01EA9710308A504C7
:10D3B0001A8C1801C81E3D6F03083904136C031F33
:10D3C00020FD8B0308F9041A840C03320A0F1E9502
:10D3D00084030891041AA84001C832018210A324D2
:10D3E000F42C0402400412803240190C29041A085B
:10D3F0002B59181112202A403C027FFF1AAA010162
:10D40000100A292DFC811EA0CF050898041AA40437
:10D410001A90041A94041A9C041A8C04111DD00545
:10D420000808041AB00C1AB8041AF4041AA8041A4A
:10D43000F8041AEC041ACC041AE4041AD8041AC02A
:10D44000041E7CD20508143001401AA4481AAC040A
:10D450001AB4041AA0041ABC041AC4040A31105CD9
:10D4600045D4C3B2A102176F180A750D0308A10CA9
:10D47000030819041E990B03082D101A510C1A7970
:04D480000401500053
:040000050801019954
:00000001FF
